assessment,visit,baseline_deficit,predicted_outcome,ci_95_low,ci_95_high,estimand,model,n_observations,n_subjects
FM-UE,T1,0.023809523809523836,128.0863190955218,119.53911425773299,136.63352393331058,Raw follow-up score,random_intercept_LMM,131,94
FM-UE,T1,0.02844359220198149,127.56447263521116,119.10354904500602,136.0253962254163,Raw follow-up score,random_intercept_LMM,131,94
FM-UE,T1,0.033077660594439146,127.04262617490055,118.66782263332566,135.41742971647545,Raw follow-up score,random_intercept_LMM,131,94
FM-UE,T1,0.0377117289868968,126.52077971458992,118.23192999818313,134.8096294309967,Raw follow-up score,random_intercept_LMM,131,94
FM-UE,T1,0.042345797379354455,125.99893325427931,117.79586591438174,134.20200059417687,Raw follow-up score,random_intercept_LMM,131,94
FM-UE,T1,0.04697986577181211,125.47708679396868,117.3596249464989,133.59454864143845,Raw follow-up score,random_intercept_LMM,131,94
FM-UE,T1,0.05161393416426976,124.95524033365807,116.92320143883958,132.98727922847655,Raw follow-up score,random_intercept_LMM,131,94
FM-UE,T1,0.05624800255672741,124.43339387334746,116.48658950485176,132.38019824184315,Raw follow-up score,random_intercept_LMM,131,94
FM-UE,T1,0.06088207094918507,123.91154741303683,116.04978301597407,131.77331181009959,Raw follow-up score,random_intercept_LMM,131,94
FM-UE,T1,0.06551613934164272,123.3897009527262,115.61277558988385,131.16662631556855,Raw follow-up score,random_intercept_LMM,131,94
FM-UE,T1,0.07015020773410038,122.86785449241557,115.17556057811187,130.5601484067193,Raw follow-up score,random_intercept_LMM,131,94
FM-UE,T1,0.07478427612655802,122.34600803210496,114.73813105298898,129.95388501122093,Raw follow-up score,random_intercept_LMM,131,94
FM-UE,T1,0.07941834451901568,121.82416157179435,114.30047979388748,129.34784334970124,Raw follow-up score,random_intercept_LMM,131,94
FM-UE,T1,0.08405241291147333,121.30231511148372,113.86259927271884,128.74203095024862,Raw follow-up score,random_intercept_LMM,131,94
FM-UE,T1,0.08868648130393099,120.7804686511731,113.42448163864745,128.13645566369874,Raw follow-up score,random_intercept_LMM,131,94
FM-UE,T1,0.09332054969638864,120.25862219086248,112.98611870197786,127.5311256797471,Raw follow-up score,random_intercept_LMM,131,94
FM-UE,T1,0.0979546180888463,119.73677573055186,112.5475019171721,126.92604954393161,Raw follow-up score,random_intercept_LMM,131,94
FM-UE,T1,0.10258868648130395,119.21492927024124,112.1086223649512,126.32123617553128,Raw follow-up score,random_intercept_LMM,131,94
FM-UE,T1,0.10722275487376161,118.69308280993062,111.66947073343367,125.71669488642756,Raw follow-up score,random_intercept_LMM,131,94
FM-UE,T1,0.11185682326621926,118.17123634961999,111.23003729826219,125.11243540097779,Raw follow-up score,random_intercept_LMM,131,94
FM-UE,T1,0.11649089165867692,117.64938988930938,110.79031190166823,124.50846787695052,Raw follow-up score,random_intercept_LMM,131,94
FM-UE,T1,0.12112496005113457,117.12754342899876,110.35028393042326,123.90480292757427,Raw follow-up score,random_intercept_LMM,131,94
FM-UE,T1,0.1257590284435922,116.60569696868814,109.90994229262385,123.30145164475242,Raw follow-up score,random_intercept_LMM,131,94
FM-UE,T1,0.13039309683604988,116.08385050837751,109.46927539325807,122.69842562349695,Raw follow-up score,random_intercept_LMM,131,94
FM-UE,T1,0.13502716522850752,115.5620040480669,109.02827110849906,122.09573698763474,Raw follow-up score,random_intercept_LMM,131,94
FM-UE,T1,0.13966123362096516,115.04015758775628,108.58691675867308,121.49339841683948,Raw follow-up score,random_intercept_LMM,131,94
FM-UE,T1,0.14429530201342283,114.51831112744566,108.14519907984953,120.89142317504178,Raw follow-up score,random_intercept_LMM,131,94
FM-UE,T1,0.1489293704058805,113.99646466713503,107.70310419400151,120.28982514026855,Raw follow-up score,random_intercept_LMM,131,94
FM-UE,T1,0.15356343879833814,113.47461820682442,107.26061757768863,119.6886188359602,Raw follow-up score,random_intercept_LMM,131,94
FM-UE,T1,0.1581975071907958,112.9527717465138,106.8177240292164,119.08781946381121,Raw follow-up score,random_intercept_LMM,131,94
FM-UE,T1,0.16283157558325345,112.43092528620318,106.37440763423116,118.48744293817519,Raw follow-up score,random_intercept_LMM,131,94
FM-UE,T1,0.16746564397571112,111.90907882589255,105.93065172971609,117.88750592206901,Raw follow-up score,random_intercept_LMM,131,94
FM-UE,T1,0.17209971236816876,111.38723236558194,105.48643886635989,117.28802586480398,Raw follow-up score,random_intercept_LMM,131,94
FM-UE,T1,0.1767337807606264,110.86538590527132,105.04175076928097,116.68902104126168,Raw follow-up score,random_intercept_LMM,131,94
FM-UE,T1,0.18136784915308407,110.3435394449607,104.59656829710049,116.0905105928209,Raw follow-up score,random_intercept_LMM,131,94
FM-UE,T1,0.1860019175455417,109.82169298465007,104.15087139937252,115.49251456992762,Raw follow-up score,random_intercept_LMM,131,94
FM-UE,T1,0.19063598593799938,109.29984652433946,103.7046390723965,114.89505397628241,Raw follow-up score,random_intercept_LMM,131,94
FM-UE,T1,0.19527005433045702,108.77800006402883,103.25784931345852,114.29815081459914,Raw follow-up score,random_intercept_LMM,131,94
FM-UE,T1,0.1999041227229147,108.25615360371822,102.81047907357211,113.70182813386432,Raw follow-up score,random_intercept_LMM,131,94
FM-UE,T1,0.20453819111537233,107.73430714340759,102.36250420881868,113.1061100779965,Raw follow-up score,random_intercept_LMM,131,94
FM-UE,T1,0.20917225950783,107.21246068309696,101.91389943042186,112.51102193577206,Raw follow-up score,random_intercept_LMM,131,94
FM-UE,T1,0.21380632790028764,106.69061422278635,101.46463825372967,111.91659019184303,Raw follow-up score,random_intercept_LMM,131,94
FM-UE,T1,0.2184403962927453,106.16876776247572,101.01469294632474,111.3228425786267,Raw follow-up score,random_intercept_LMM,131,94
FM-UE,T1,0.22307446468520295,105.64692130216511,100.56403447553582,110.7298081287944,Raw follow-up score,random_intercept_LMM,131,94
FM-UE,T1,0.22770853307766062,105.12507484185448,100.1126324556841,110.13751722802486,Raw follow-up score,random_intercept_LMM,131,94
FM-UE,T1,0.23234260147011826,104.60322838154387,99.66045509546761,109.54600166762013,Raw follow-up score,random_intercept_LMM,131,94
FM-UE,T1,0.23697666986257593,104.08138192123324,99.20746914596359,108.9552946965029,Raw follow-up score,random_intercept_LMM,131,94
FM-UE,T1,0.24161073825503357,103.55953546092263,98.7536398498174,108.36543107202786,Raw follow-up score,random_intercept_LMM,131,94
FM-UE,T1,0.2462448066474912,103.037689000612,98.29893089228234,107.77644710894167,Raw follow-up score,random_intercept_LMM,131,94
FM-UE,T1,0.2508788750399489,102.51584254030138,97.8433043548827,107.18838072572005,Raw follow-up score,random_intercept_LMM,131,94
FM-UE,T1,0.2555129434324065,101.99399607999078,97.38672067258922,106.60127148739234,Raw follow-up score,random_intercept_LMM,131,94
FM-UE,T1,0.2601470118248642,101.47214961968014,96.92913859552284,106.01516064383743,Raw follow-up score,random_intercept_LMM,131,94
FM-UE,T1,0.26478108021732183,100.95030315936953,96.47051515633879,105.43009116240026,Raw follow-up score,random_intercept_LMM,131,94
FM-UE,T1,0.2694151486097795,100.4284566990589,96.01080564458464,104.84610775353316,Raw follow-up score,random_intercept_LMM,131,94
FM-UE,T1,0.27404921700223717,99.90661023874829,95.54996358947628,104.2632568880203,Raw follow-up score,random_intercept_LMM,131,94
FM-UE,T1,0.2786832853946948,99.38476377843767,95.0879407526843,103.68158680419104,Raw follow-up score,random_intercept_LMM,131,94
FM-UE,T1,0.28331735378715245,98.86291731812705,94.62468713287382,103.10114750338028,Raw follow-up score,random_intercept_LMM,131,94
FM-UE,T1,0.2879514221796101,98.34107085781642,94.16015098388259,102.52199073175025,Raw follow-up score,random_intercept_LMM,131,94
FM-UE,T1,0.2925854905720678,97.8192243975058,93.69427884855197,101.94416994645964,Raw follow-up score,random_intercept_LMM,131,94
FM-UE,T1,0.2972195589645254,97.29737793719518,93.22701561033418,101.36774026405618,Raw follow-up score,random_intercept_LMM,131,94
FM-UE,T1,0.30185362735698307,96.77553147688457,92.75830456487917,100.79275838888996,Raw follow-up score,random_intercept_LMM,131,94
FM-UE,T1,0.30648769574944074,96.25368501657394,92.2880875138428,100.21928251930508,Raw follow-up score,random_intercept_LMM,131,94
FM-UE,T1,0.3111217641418984,95.73183855626331,91.81630488314664,99.64737222937998,Raw follow-up score,random_intercept_LMM,131,94
FM-UE,T1,0.315755832534356,95.2099920959527,91.34289586784179,99.07708832406361,Raw follow-up score,random_intercept_LMM,131,94
FM-UE,T1,0.3203899009268137,94.68814563564209,90.86779860557472,98.50849266570945,Raw follow-up score,random_intercept_LMM,131,94
FM-UE,T1,0.32502396931927136,94.16629917533146,90.39095038040728,97.94164797025564,Raw follow-up score,random_intercept_LMM,131,94
FM-UE,T1,0.32965803771172897,93.64445271502085,89.91228785839374,97.37661757164796,Raw follow-up score,random_intercept_LMM,131,94
FM-UE,T1,0.33429210610418664,93.12260625471022,89.43174735585413,96.81346515356631,Raw follow-up score,random_intercept_LMM,131,94
FM-UE,T1,0.3389261744966443,92.60075979439961,88.94926514069901,96.2522544481002,Raw follow-up score,random_intercept_LMM,131,94
FM-UE,T1,0.343560242889102,92.07891333408898,88.46477776645197,95.69304890172599,Raw follow-up score,random_intercept_LMM,131,94
FM-UE,T1,0.3481943112815596,91.55706687377837,87.97822243778656,95.13591130977018,Raw follow-up score,random_intercept_LMM,131,94
FM-UE,T1,0.35282837967401726,91.03522041346774,87.48953740545416,94.58090342148132,Raw follow-up score,random_intercept_LMM,131,94
FM-UE,T1,0.3574624480664749,90.51337395315711,86.9986623874495,94.02808551886473,Raw follow-up score,random_intercept_LMM,131,94
FM-UE,T1,0.3620965164589326,89.9915274928465,86.50553901216594,93.47751597352706,Raw follow-up score,random_intercept_LMM,131,94
FM-UE,T1,0.3667305848513902,89.46968103253587,86.01011127817738,92.92925078689437,Raw follow-up score,random_intercept_LMM,131,94
FM-UE,T1,0.3713646532438479,88.94783457222526,85.5123260241901,92.38334312026042,Raw follow-up score,random_intercept_LMM,131,94
FM-UE,T1,0.37599872163630554,88.42598811191463,85.01213340169495,91.83984282213432,Raw follow-up score,random_intercept_LMM,131,94
FM-UE,T1,0.3806327900287632,87.90414165160402,84.50948734197667,91.29879596123138,Raw follow-up score,random_intercept_LMM,131,94
FM-UE,T1,0.3852668584212208,87.3822951912934,84.00434600846515,90.76024437412164,Raw follow-up score,random_intercept_LMM,131,94
FM-UE,T1,0.3899009268136785,86.86044873098278,83.49667222500258,90.22422523696298,Raw follow-up score,random_intercept_LMM,131,94
FM-UE,T1,0.39453499520613616,86.33860227067215,82.98643387049971,89.6907706708446,Raw follow-up score,random_intercept_LMM,131,94
FM-UE,T1,0.3991690635985938,85.81675581036154,82.47360423070486,89.15990739001822,Raw follow-up score,random_intercept_LMM,131,94
FM-UE,T1,0.40380313199105144,85.29490935005092,81.95816229842666,88.63165640167517,Raw follow-up score,random_intercept_LMM,131,94
FM-UE,T1,0.4084372003835091,84.7730628897403,81.44009301453869,88.10603276494192,Raw follow-up score,random_intercept_LMM,131,94
FM-UE,T1,0.4130712687759668,84.25121642942968,80.9193874434228,87.58304541543654,Raw follow-up score,random_intercept_LMM,131,94
FM-UE,T1,0.4177053371684244,83.72936996911906,80.39604287813239,87.06269706010573,Raw follow-up score,random_intercept_LMM,131,94
FM-UE,T1,0.42233940556088206,83.20752350880844,79.87006287240659,86.54498414521028,Raw follow-up score,random_intercept_LMM,131,94
FM-UE,T1,0.42697347395333973,82.68567704849781,79.34145719865631,86.0298968983393,Raw follow-up score,random_intercept_LMM,131,94
FM-UE,T1,0.4316075423457974,82.1638305881872,78.81024173307513,85.51741944329926,Raw follow-up score,random_intercept_LMM,131,94
FM-UE,T1,0.436241610738255,81.64198412787658,78.27643827100495,85.00752998474822,Raw follow-up score,random_intercept_LMM,131,94
FM-UE,T1,0.4408756791307127,81.12013766756596,77.74007427751012,84.5002010576218,Raw follow-up score,random_intercept_LMM,131,94
FM-UE,T1,0.44550974752317035,80.59829120725533,77.20118257970135,83.9953998348093,Raw follow-up score,random_intercept_LMM,131,94
FM-UE,T1,0.450143815915628,80.07644474694472,76.65980100863611,83.49308848525332,Raw follow-up score,random_intercept_LMM,131,94
FM-UE,T1,0.45477788430808563,79.55459828663409,76.11597199955938,82.9932245737088,Raw follow-up score,random_intercept_LMM,131,94
FM-UE,T1,0.4594119527005433,79.03275182632348,75.56974215981732,82.49576149282963,Raw follow-up score,random_intercept_LMM,131,94
FM-UE,T1,0.46404602109300097,78.51090536601285,75.02116181397572,82.00064891804998,Raw follow-up score,random_intercept_LMM,131,94
FM-UE,T1,0.4686800894854586,77.98905890570224,74.4702845355315,81.50783327587297,Raw follow-up score,random_intercept_LMM,131,94
FM-UE,T1,0.47331415787791625,77.46721244539161,73.91716667415541,81.01725821662781,Raw follow-up score,random_intercept_LMM,131,94
FM-UE,T1,0.4779482262703739,76.945365985081,73.36186688670108,80.52886508346091,Raw follow-up score,random_intercept_LMM,131,94
FM-UE,T1,0.4825822946628316,76.42351952477037,72.80444567931995,80.04259337022079,Raw follow-up score,random_intercept_LMM,131,94
FM-UE,T1,0.4872163630552892,75.90167306445976,72.24496496699385,79.55838116192567,Raw follow-up score,random_intercept_LMM,131,94
FM-UE,T1,0.49185043144774687,75.37982660414913,71.6834876556978,79.07616555260046,Raw follow-up score,random_intercept_LMM,131,94
FM-UE,T1,0.49648449984020454,74.8579801438385,71.12007725129038,78.59588303638662,Raw follow-up score,random_intercept_LMM,131,94
FM-UE,T1,0.5011185682326622,74.33613368352789,70.5547974981409,78.11746986891488,Raw follow-up score,random_intercept_LMM,131,94
FM-UE,T1,0.5057526366251198,73.81428722321726,69.98771204948417,77.64086239695035,Raw follow-up score,random_intercept_LMM,131,94
FM-UE,T1,0.5103867050175774,73.29244076290665,69.41888417056677,77.16599735524653,Raw follow-up score,random_intercept_LMM,131,94
FM-UE,T1,0.5150207734100352,72.77059430259602,68.84837647483518,76.69281213035687,Raw follow-up score,random_intercept_LMM,131,94
FM-UE,T1,0.5196548418024929,72.2487478422854,68.2762506927249,76.2212449918459,Raw follow-up score,random_intercept_LMM,131,94
FM-UE,T1,0.5242889101949505,71.72690138197478,67.70256747204094,75.75123529190863,Raw follow-up score,random_intercept_LMM,131,94
FM-UE,T1,0.5289229785874081,71.20505492166417,67.1273862084732,75.28272363485515,Raw follow-up score,random_intercept_LMM,131,94
FM-UE,T1,0.5335570469798657,70.68320846135356,66.55076490445582,74.8156520182513,Raw follow-up score,random_intercept_LMM,131,94
FM-UE,T1,0.5381911153723234,70.16136200104293,65.97276005434631,74.34996394773955,Raw follow-up score,random_intercept_LMM,131,94
FM-UE,T1,0.5428251837647811,69.6395155407323,65.39342655375714,73.88560452770747,Raw follow-up score,random_intercept_LMM,131,94
FM-UE,T1,0.5474592521572387,69.11766908042169,64.81281763080479,73.4225205300386,Raw follow-up score,random_intercept_LMM,131,94
FM-UE,T1,0.5520933205496964,68.59582262011106,64.23098479703657,72.96066044318556,Raw follow-up score,random_intercept_LMM,131,94
FM-UE,T1,0.556727388942154,68.07397615980045,63.64797781584113,72.49997450375977,Raw follow-up score,random_intercept_LMM,131,94
FM-UE,T1,0.5613614573346117,67.55212969948983,63.06384468623192,72.04041471274773,Raw follow-up score,random_intercept_LMM,131,94
FM-UE,T1,0.5659955257270693,67.0302832391792,62.47863164000596,71.58193483835244,Raw follow-up score,random_intercept_LMM,131,94
FM-UE,T1,0.570629594119527,66.50843677886859,61.89238315041136,71.12449040732581,Raw follow-up score,random_intercept_LMM,131,94
FM-UE,T1,0.5752636625119847,65.98659031855796,61.305141950601104,70.6680386865148,Raw follow-up score,random_intercept_LMM,131,94
FM-UE,T1,0.5798977309044423,65.46474385824735,60.71694906030014,70.21253865619455,Raw follow-up score,random_intercept_LMM,131,94
FM-UE,T1,0.5845317992968999,64.94289739793673,60.12784381926295,69.75795097661052,Raw follow-up score,random_intercept_LMM,131,94
FM-UE,T1,0.5891658676893576,64.42105093762609,59.53786392624716,69.30423794900501,Raw follow-up score,random_intercept_LMM,131,94
FM-UE,T1,0.5937999360818152,63.89920447731548,58.9470454823703,68.85136347226066,Raw follow-up score,random_intercept_LMM,131,94
FM-UE,T1,0.598434004474273,63.37735801700486,58.355423037851004,68.3992929961587,Raw follow-up score,random_intercept_LMM,131,94
FM-UE,T1,0.6030680728667306,62.85551155669424,57.763029641262676,67.9479934721258,Raw follow-up score,random_intercept_LMM,131,94
FM-UE,T1,0.6077021412591882,62.333665096383626,57.16989689054189,67.49743330222536,Raw follow-up score,random_intercept_LMM,131,94
FM-UE,T1,0.6123362096516459,61.811818636073,56.57605498510074,67.04758228704526,Raw follow-up score,random_intercept_LMM,131,94
FM-UE,T1,0.6169702780441035,61.28997217576239,55.98153277848763,66.59841157303714,Raw follow-up score,random_intercept_LMM,131,94
FM-UE,T1,0.6216043464365612,60.76812571545177,55.386357831126844,66.14989359977669,Raw follow-up score,random_intercept_LMM,131,94
FM-UE,T1,0.6262384148290189,60.24627925514113,54.7905564627442,65.70200204753807,Raw follow-up score,random_intercept_LMM,131,94
FM-UE,T1,0.6308724832214765,59.72443279483052,54.194153804153494,65.25471178550754,Raw follow-up score,random_intercept_LMM,131,94
FM-UE,T1,0.6355065516139341,59.20258633451991,53.597173848138205,64.8079988209016,Raw follow-up score,random_intercept_LMM,131,94
FM-UE,T1,0.6401406200063918,58.68073987420928,52.99963949921501,64.36184024920355,Raw follow-up score,random_intercept_LMM,131,94
FM-UE,T1,0.6447746883988494,58.15889341389866,52.40157262211085,63.91621420568647,Raw follow-up score,random_intercept_LMM,131,94
FM-UE,T1,0.6494087567913072,57.637046953588026,51.802994088824086,63.471099818351966,Raw follow-up score,random_intercept_LMM,131,94
FM-UE,T1,0.6540428251837648,57.11520049327741,51.20392382417417,63.02647716238066,Raw follow-up score,random_intercept_LMM,131,94
FM-UE,T1,0.6586768935762224,56.5933540329668,50.60438084977217,62.58232721616143,Raw follow-up score,random_intercept_LMM,131,94
FM-UE,T1,0.6633109619686801,56.071507572656174,50.004383326369435,62.13863181894291,Raw follow-up score,random_intercept_LMM,131,94
FM-UE,T1,0.6679450303611377,55.549661112345554,49.403948594561115,61.69537363012999,Raw follow-up score,random_intercept_LMM,131,94
FM-UE,T1,0.6725790987535953,55.02781465203494,48.80309321383867,61.25253609023121,Raw follow-up score,random_intercept_LMM,131,94
FM-UE,T1,0.6772131671460531,54.505968191724314,48.20183299999944,60.81010338344919,Raw follow-up score,random_intercept_LMM,131,94
FM-UE,T1,0.6818472355385107,53.984121731413694,47.6001830609326,60.36806040189479,Raw follow-up score,random_intercept_LMM,131,94
FM-UE,T1,0.6864813039309684,53.46227527110307,46.9981578308101,59.92639271139603,Raw follow-up score,random_intercept_LMM,131,94
FM-UE,T1,0.691115372323426,52.940428810792454,46.395771102718534,59.485086518866375,Raw follow-up score,random_intercept_LMM,131,94
FM-UE,T1,0.6957494407158836,52.418582350481834,45.79303605977349,59.04412864119018,Raw follow-up score,random_intercept_LMM,131,94
FM-UE,T1,0.7003835091083414,51.89673589017121,45.18996530476255,58.60350647557986,Raw follow-up score,random_intercept_LMM,131,94
FM-UE,T1,0.705017577500799,51.374889429860595,44.58657088836578,58.16320797135541,Raw follow-up score,random_intercept_LMM,131,94
FM-UE,T1,0.7096516458932566,50.85304296954998,43.98286433600501,57.723221603094956,Raw follow-up score,random_intercept_LMM,131,94
FM-UE,T1,0.7142857142857143,50.33119650923935,43.37885667337477,57.283536345103926,Raw follow-up score,random_intercept_LMM,131,94
FM-UE,T2,0.023809523809523836,134.89741594625667,124.9356940711285,144.85913782138485,Raw follow-up score,random_intercept_LMM,131,94
FM-UE,T2,0.02844359220198149,134.40784485744507,124.55525071253876,144.26043900235138,Raw follow-up score,random_intercept_LMM,131,94
FM-UE,T2,0.033077660594439146,133.91827376863347,124.17453781815821,143.66200971910874,Raw follow-up score,random_intercept_LMM,131,94
FM-UE,T2,0.0377117289868968,133.42870267982187,123.79354625231987,143.06385910732388,Raw follow-up score,random_intercept_LMM,131,94
FM-UE,T2,0.042345797379354455,132.93913159101027,123.41226648680156,142.46599669521896,Raw follow-up score,random_intercept_LMM,131,94
FM-UE,T2,0.04697986577181211,132.44956050219866,123.03068858106856,141.86843242332878,Raw follow-up score,random_intercept_LMM,131,94
FM-UE,T2,0.05161393416426976,131.95998941338706,122.64880216142912,141.271176665345,Raw follow-up score,random_intercept_LMM,131,94
FM-UE,T2,0.05624800255672741,131.4704183245755,122.26659639904356,140.67424025010743,Raw follow-up score,random_intercept_LMM,131,94
FM-UE,T2,0.06088207094918507,130.98084723576386,121.88405998672437,140.07763448480335,Raw follow-up score,random_intercept_LMM,131,94
FM-UE,T2,0.06551613934164272,130.49127614695226,121.50118111446345,139.48137117944108,Raw follow-up score,random_intercept_LMM,131,94
FM-UE,T2,0.07015020773410038,130.00170505814066,121.11794744361853,138.88546267266278,Raw follow-up score,random_intercept_LMM,131,94
FM-UE,T2,0.07478427612655802,129.51213396932906,120.73434607969041,138.2899218589677,Raw follow-up score,random_intercept_LMM,131,94
FM-UE,T2,0.07941834451901568,129.02256288051748,120.35036354361908,137.69476221741587,Raw follow-up score,random_intercept_LMM,131,94
FM-UE,T2,0.08405241291147333,128.53299179170588,119.96598574152578,137.099997841886,Raw follow-up score,random_intercept_LMM,131,94
FM-UE,T2,0.08868648130393099,128.04342070289425,119.58119793282661,136.50564347296188,Raw follow-up score,random_intercept_LMM,131,94
FM-UE,T2,0.09332054969638864,127.55384961408268,119.19598469664191,135.91171453152344,Raw follow-up score,random_intercept_LMM,131,94
FM-UE,T2,0.0979546180888463,127.06427852527106,118.81032989642499,135.31822715411715,Raw follow-up score,random_intercept_LMM,131,94
FM-UE,T2,0.10258868648130395,126.57470743645948,118.42421664273543,134.7251982301835,Raw follow-up score,random_intercept_LMM,131,94
FM-UE,T2,0.10722275487376161,126.08513634764788,118.03762725408123,134.13264544121452,Raw follow-up score,random_intercept_LMM,131,94
FM-UE,T2,0.11185682326621926,125.59556525883626,117.65054321575779,133.5405873019147,Raw follow-up score,random_intercept_LMM,131,94
FM-UE,T2,0.11649089165867692,125.10599417002467,117.2629451366146,132.94904320343474,Raw follow-up score,random_intercept_LMM,131,94
FM-UE,T2,0.12112496005113457,124.61642308121309,116.87481270368478,132.35803345874137,Raw follow-up score,random_intercept_LMM,131,94
FM-UE,T2,0.1257590284435922,124.12685199240147,116.48612463462065,131.7675793501823,Raw follow-up score,random_intercept_LMM,131,94
FM-UE,T2,0.13039309683604988,123.63728090358987,116.09685862788582,131.17770317929393,Raw follow-up score,random_intercept_LMM,131,94
FM-UE,T2,0.13502716522850752,123.14770981477828,115.70699131066628,130.5884283188903,Raw follow-up score,random_intercept_LMM,131,94
FM-UE,T2,0.13966123362096516,122.65813872596668,115.31649818447714,129.9997792674562,Raw follow-up score,random_intercept_LMM,131,94
FM-UE,T2,0.14429530201342283,122.16856763715508,114.92535356845892,129.41178170585124,Raw follow-up score,random_intercept_LMM,131,94
FM-UE,T2,0.1489293704058805,121.67899654834348,114.53353054037866,128.82446255630828,Raw follow-up score,random_intercept_LMM,131,94
FM-UE,T2,0.15356343879833814,121.18942545953189,114.14100087537761,128.23785004368617,Raw follow-up score,random_intercept_LMM,131,94
FM-UE,T2,0.1581975071907958,120.69985437072029,113.74773498253748,127.6519737589031,Raw follow-up score,random_intercept_LMM,131,94
FM-UE,T2,0.16283157558325345,120.21028328190869,113.35370183937543,127.06686472444194,Raw follow-up score,random_intercept_LMM,131,94
FM-UE,T2,0.16746564397571112,119.72071219309709,112.9588689244208,126.48255546177337,Raw follow-up score,random_intercept_LMM,131,94
FM-UE,T2,0.17209971236816876,119.23114110428548,112.56320214807859,125.89908006049238,Raw follow-up score,random_intercept_LMM,131,94
FM-UE,T2,0.1767337807606264,118.7415700154739,112.16666578204453,125.31647424890326,Raw follow-up score,random_intercept_LMM,131,94
FM-UE,T2,0.18136784915308407,118.2519989266623,111.76922238760588,124.73477546571871,Raw follow-up score,random_intercept_LMM,131,94
FM-UE,T2,0.1860019175455417,117.76242783785068,111.3708327432424,124.15402293245896,Raw follow-up score,random_intercept_LMM,131,94
FM-UE,T2,0.19063598593799938,117.2728567490391,110.97145577203341,123.57425772604478,Raw follow-up score,random_intercept_LMM,131,94
FM-UE,T2,0.19527005433045702,116.78328566022749,110.57104846948027,122.99552285097471,Raw follow-up score,random_intercept_LMM,131,94
FM-UE,T2,0.1999041227229147,116.29371457141589,110.16956583247226,122.41786331035952,Raw follow-up score,random_intercept_LMM,131,94
FM-UE,T2,0.20453819111537233,115.80414348260429,109.76696079025399,121.84132617495459,Raw follow-up score,random_intercept_LMM,131,94
FM-UE,T2,0.20917225950783,115.31457239379269,109.36318413839963,121.26596064918574,Raw follow-up score,random_intercept_LMM,131,94
FM-UE,T2,0.21380632790028764,114.82500130498109,108.95818447695979,120.69181813300239,Raw follow-up score,random_intercept_LMM,131,94
FM-UE,T2,0.2184403962927453,114.33543021616948,108.55190815412246,120.11895227821651,Raw follow-up score,random_intercept_LMM,131,94
FM-UE,T2,0.22307446468520295,113.8458591273579,108.14429921691911,119.54741903779669,Raw follow-up score,random_intercept_LMM,131,94
FM-UE,T2,0.22770853307766062,113.35628803854628,107.73529937070785,118.97727670638471,Raw follow-up score,random_intercept_LMM,131,94
FM-UE,T2,0.23234260147011826,112.8667169497347,107.32484794937746,118.40858595009193,Raw follow-up score,random_intercept_LMM,131,94
FM-UE,T2,0.23697666986257593,112.3771458609231,106.91288189843188,117.84140982341431,Raw follow-up score,random_intercept_LMM,131,94
FM-UE,T2,0.24161073825503357,111.88757477211149,106.49933577333395,117.27581377088903,Raw follow-up score,random_intercept_LMM,131,94
FM-UE,T2,0.2462448066474912,111.39800368329989,106.08414175569759,116.7118656109022,Raw follow-up score,random_intercept_LMM,131,94
FM-UE,T2,0.2508788750399489,110.90843259448829,105.66722969011579,116.14963549886079,Raw follow-up score,random_intercept_LMM,131,94
FM-UE,T2,0.2555129434324065,110.41886150567672,105.24852714458446,115.58919586676897,Raw follow-up score,random_intercept_LMM,131,94
FM-UE,T2,0.2601470118248642,109.92929041686509,104.82795949761596,115.03062133611421,Raw follow-up score,random_intercept_LMM,131,94
FM-UE,T2,0.26478108021732183,109.4397193280535,104.40545005522054,114.47398860088646,Raw follow-up score,random_intercept_LMM,131,94
FM-UE,T2,0.2694151486097795,108.9501482392419,103.98092020094457,113.91937627753923,Raw follow-up score,random_intercept_LMM,131,94
FM-UE,T2,0.27404921700223717,108.4605771504303,103.55428958208314,113.36686471877745,Raw follow-up score,random_intercept_LMM,131,94
FM-UE,T2,0.2786832853946948,107.97100606161871,103.12547633500031,112.8165357882371,Raw follow-up score,random_intercept_LMM,131,94
FM-UE,T2,0.28331735378715245,107.48143497280711,102.69439735218259,112.26847259343162,Raw follow-up score,random_intercept_LMM,131,94
FM-UE,T2,0.2879514221796101,106.99186388399549,102.2609685931955,111.72275917479548,Raw follow-up score,random_intercept_LMM,131,94
FM-UE,T2,0.2925854905720678,106.5022927951839,101.82510544109385,111.17948014927396,Raw follow-up score,random_intercept_LMM,131,94
FM-UE,T2,0.2972195589645254,106.0127217063723,101.38672310504163,110.63872030770298,Raw follow-up score,random_intercept_LMM,131,94
FM-UE,T2,0.30185362735698307,105.5231506175607,100.94573706892056,110.10056416620084,Raw follow-up score,random_intercept_LMM,131,94
FM-UE,T2,0.30648769574944074,105.0335795287491,100.50206358454872,109.56509547294948,Raw follow-up score,random_intercept_LMM,131,94
FM-UE,T2,0.3111217641418984,104.5440084399375,100.05562020680553,109.03239667306947,Raw follow-up score,random_intercept_LMM,131,94
FM-UE,T2,0.315755832534356,104.0544373511259,99.60632636649433,108.50254833575747,Raw follow-up score,random_intercept_LMM,131,94
FM-UE,T2,0.3203899009268137,103.56486626231431,99.15410397520456,107.97562854942406,Raw follow-up score,random_intercept_LMM,131,94
FM-UE,T2,0.32502396931927136,103.07529517350271,98.69887805482144,107.45171229218398,Raw follow-up score,random_intercept_LMM,131,94
FM-UE,T2,0.32965803771172897,102.58572408469112,98.2405773827384,106.93087078664385,Raw follow-up score,random_intercept_LMM,131,94
FM-UE,T2,0.33429210610418664,102.0961529958795,97.77913514233732,106.41317084942169,Raw follow-up score,random_intercept_LMM,131,94
FM-UE,T2,0.3389261744966443,101.60658190706792,97.31448956700574,105.8986742471301,Raw follow-up score,random_intercept_LMM,131,94
FM-UE,T2,0.343560242889102,101.11701081825632,96.84658456494785,105.38743707156479,Raw follow-up score,random_intercept_LMM,131,94
FM-UE,T2,0.3481943112815596,100.62743972944472,96.3753703114108,104.87950914747863,Raw follow-up score,random_intercept_LMM,131,94
FM-UE,T2,0.35282837967401726,100.13786864063312,95.90080379476169,104.37493348650455,Raw follow-up score,random_intercept_LMM,131,94
FM-UE,T2,0.3574624480664749,99.64829755182151,95.42284930317771,103.87374580046531,Raw follow-up score,random_intercept_LMM,131,94
FM-UE,T2,0.3620965164589326,99.15872646300991,94.94147883958043,103.3759740864394,Raw follow-up score,random_intercept_LMM,131,94
FM-UE,T2,0.3667305848513902,98.66915537419831,94.45667245385508,102.88163829454155,Raw follow-up score,random_intercept_LMM,131,94
FM-UE,T2,0.3713646532438479,98.17958428538672,93.96841848331331,102.39075008746013,Raw follow-up score,random_intercept_LMM,131,94
FM-UE,T2,0.37599872163630554,97.69001319657511,93.47671369470856,101.90331269844165,Raw follow-up score,random_intercept_LMM,131,94
FM-UE,T2,0.3806327900287632,97.20044210776352,92.98156332379587,101.41932089173118,Raw follow-up score,random_intercept_LMM,131,94
FM-UE,T2,0.3852668584212208,96.71087101895192,92.4829810113118,100.93876102659205,Raw follow-up score,random_intercept_LMM,131,94
FM-UE,T2,0.3899009268136785,96.22129993014032,91.98098863719245,100.46161122308818,Raw follow-up score,random_intercept_LMM,131,94
FM-UE,T2,0.39453499520613616,95.73172884132872,91.47561605769546,99.98784162496197,Raw follow-up score,random_intercept_LMM,131,94
FM-UE,T2,0.3991690635985938,95.24215775251713,90.96690075270779,99.51741475232647,Raw follow-up score,random_intercept_LMM,131,94
FM-UE,T2,0.40380313199105144,94.75258666370553,90.45488739277714,99.05028593463392,Raw follow-up score,random_intercept_LMM,131,94
FM-UE,T2,0.4084372003835091,94.26301557489393,89.93962733720751,98.58640381258034,Raw follow-up score,random_intercept_LMM,131,94
FM-UE,T2,0.4130712687759668,93.77344448608233,89.42117807584279,98.12571089632186,Raw follow-up score,random_intercept_LMM,131,94
FM-UE,T2,0.4177053371684244,93.28387339727072,88.89960262790204,97.66814416663941,Raw follow-up score,random_intercept_LMM,131,94
FM-UE,T2,0.42233940556088206,92.79430230845912,88.37496891143088,97.21363570548736,Raw follow-up score,random_intercept_LMM,131,94
FM-UE,T2,0.42697347395333973,92.30473121964752,87.84734909663575,96.76211334265929,Raw follow-up score,random_intercept_LMM,131,94
FM-UE,T2,0.4316075423457974,91.81516013083593,87.31681895563503,96.31350130603684,Raw follow-up score,random_intercept_LMM,131,94
FM-UE,T2,0.436241610738255,91.32558904202433,86.78345722007353,95.86772086397514,Raw follow-up score,random_intercept_LMM,131,94
FM-UE,T2,0.4408756791307127,90.83601795321273,86.2473449566967,95.42469094972877,Raw follow-up score,random_intercept_LMM,131,94
FM-UE,T2,0.44550974752317035,90.34644686440113,85.70856496945812,94.98432875934414,Raw follow-up score,random_intercept_LMM,131,94
FM-UE,T2,0.450143815915628,89.85687577558953,85.16720123513025,94.54655031604881,Raw follow-up score,random_intercept_LMM,131,94
FM-UE,T2,0.45477788430808563,89.36730468677793,84.62333837777751,94.11127099577834,Raw follow-up score,random_intercept_LMM,131,94
FM-UE,T2,0.4594119527005433,88.87773359796634,84.07706118590391,93.67840601002877,Raw follow-up score,random_intercept_LMM,131,94
FM-UE,T2,0.46404602109300097,88.38816250915472,83.52845417465039,93.24787084365906,Raw follow-up score,random_intercept_LMM,131,94
FM-UE,T2,0.4686800894854586,87.89859142034314,82.97760119413138,92.8195816465549,Raw follow-up score,random_intercept_LMM,131,94
FM-UE,T2,0.47331415787791625,87.40902033153154,82.42458508388316,92.39345557917991,Raw follow-up score,random_intercept_LMM,131,94
FM-UE,T2,0.4779482262703739,86.91944924271994,81.8694873724644,91.96941111297546,Raw follow-up score,random_intercept_LMM,131,94
FM-UE,T2,0.4825822946628316,86.42987815390833,81.31238802049556,91.5473682873211,Raw follow-up score,random_intercept_LMM,131,94
FM-UE,T2,0.4872163630552892,85.94030706509675,80.7533652048455,91.127248925348,Raw follow-up score,random_intercept_LMM,131,94
FM-UE,T2,0.49185043144774687,85.45073597628513,80.19249514125451,90.70897681131575,Raw follow-up score,random_intercept_LMM,131,94
FM-UE,T2,0.49648449984020454,84.96116488747353,79.62985194240572,90.29247783254134,Raw follow-up score,random_intercept_LMM,131,94
FM-UE,T2,0.5011185682326622,84.47159379866194,79.06550750830189,89.877680089022,Raw follow-up score,random_intercept_LMM,131,94
FM-UE,T2,0.5057526366251198,83.98202270985033,78.49953144575356,89.46451397394709,Raw follow-up score,random_intercept_LMM,131,94
FM-UE,T2,0.5103867050175774,83.49245162103874,77.93199101381535,89.05291222826213,Raw follow-up score,random_intercept_LMM,131,94
FM-UE,T2,0.5150207734100352,83.00288053222714,77.36295109210326,88.64280997235102,Raw follow-up score,random_intercept_LMM,131,94
FM-UE,T2,0.5196548418024929,82.51330944341554,76.79247416907175,88.23414471775932,Raw follow-up score,random_intercept_LMM,131,94
FM-UE,T2,0.5242889101949505,82.02373835460394,76.22062034750779,87.82685636170008,Raw follow-up score,random_intercept_LMM,131,94
FM-UE,T2,0.5289229785874081,81.53416726579235,75.64744736470158,87.42088716688312,Raw follow-up score,random_intercept_LMM,131,94
FM-UE,T2,0.5335570469798657,81.04459617698076,75.07301062496697,87.01618172899455,Raw follow-up score,random_intercept_LMM,131,94
FM-UE,T2,0.5381911153723234,80.55502508816915,74.49736324240315,86.61268693393514,Raw follow-up score,random_intercept_LMM,131,94
FM-UE,T2,0.5428251837647811,80.06545399935754,73.92055609200503,86.21035190671006,Raw follow-up score,random_intercept_LMM,131,94
FM-UE,T2,0.5474592521572387,79.57588291054596,73.3426378674381,85.80912795365381,Raw follow-up score,random_intercept_LMM,131,94
FM-UE,T2,0.5520933205496964,79.08631182173434,72.76365514399362,85.40896849947507,Raw follow-up score,random_intercept_LMM,131,94
FM-UE,T2,0.556727388942154,78.59674073292275,72.18365244542528,85.00982902042023,Raw follow-up score,random_intercept_LMM,131,94
FM-UE,T2,0.5613614573346117,78.10716964411115,71.60267231354037,84.61166697468194,Raw follow-up score,random_intercept_LMM,131,94
FM-UE,T2,0.5659955257270693,77.61759855529954,71.02075537957717,84.2144417310219,Raw follow-up score,random_intercept_LMM,131,94
FM-UE,T2,0.570629594119527,77.12802746648795,70.43794043654175,83.81811449643415,Raw follow-up score,random_intercept_LMM,131,94
FM-UE,T2,0.5752636625119847,76.63845637767635,69.85426451180601,83.42264824354669,Raw follow-up score,random_intercept_LMM,131,94
FM-UE,T2,0.5798977309044423,76.14888528886476,69.26976293938331,83.02800763834621,Raw follow-up score,random_intercept_LMM,131,94
FM-UE,T2,0.5845317992968999,75.65931420005316,68.68446943139799,82.63415896870833,Raw follow-up score,random_intercept_LMM,131,94
FM-UE,T2,0.5891658676893576,75.16974311124154,68.09841614835508,82.241070074128,Raw follow-up score,random_intercept_LMM,131,94
FM-UE,T2,0.5937999360818152,74.68017202242996,67.51163376789295,81.84871027696697,Raw follow-up score,random_intercept_LMM,131,94
FM-UE,T2,0.598434004474273,74.19060093361836,66.92415155176869,81.45705031546802,Raw follow-up score,random_intercept_LMM,131,94
FM-UE,T2,0.6030680728667306,73.70102984480675,66.3359974108854,81.06606227872811,Raw follow-up score,random_intercept_LMM,131,94
FM-UE,T2,0.6077021412591882,73.21145875599515,65.74719796821778,80.67571954377253,Raw follow-up score,random_intercept_LMM,131,94
FM-UE,T2,0.6123362096516459,72.72188766718355,65.15777861953653,80.28599671483057,Raw follow-up score,random_intercept_LMM,131,94
FM-UE,T2,0.6169702780441035,72.23231657837196,64.56776359186667,79.89686956487726,Raw follow-up score,random_intercept_LMM,131,94
FM-UE,T2,0.6216043464365612,71.74274548956036,63.97717599964487,79.50831497947586,Raw follow-up score,random_intercept_LMM,131,94
FM-UE,T2,0.6262384148290189,71.25317440074875,63.38603789856623,79.12031090293127,Raw follow-up score,random_intercept_LMM,131,94
FM-UE,T2,0.6308724832214765,70.76360331193716,62.79437033713049,78.73283628674383,Raw follow-up score,random_intercept_LMM,131,94
FM-UE,T2,0.6355065516139341,70.27403222312557,62.20219340591504,78.3458710403361,Raw follow-up score,random_intercept_LMM,131,94
FM-UE,T2,0.6401406200063918,69.78446113431396,61.609526284615484,77.95939598401243,Raw follow-up score,random_intercept_LMM,131,94
FM-UE,T2,0.6447746883988494,69.29489004550237,61.016387286904674,77.57339280410007,Raw follow-up score,random_intercept_LMM,131,94
FM-UE,T2,0.6494087567913072,68.80531895669075,60.42279390316947,77.18784401021205,Raw follow-up score,random_intercept_LMM,131,94
FM-UE,T2,0.6540428251837648,68.31574786787915,59.828762841191434,76.80273289456687,Raw follow-up score,random_intercept_LMM,131,94
FM-UE,T2,0.6586768935762224,67.82617677906757,59.23431006484077,76.41804349329436,Raw follow-up score,random_intercept_LMM,131,94
FM-UE,T2,0.6633109619686801,67.33660569025596,58.63945083085727,76.03376054965466,Raw follow-up score,random_intercept_LMM,131,94
FM-UE,T2,0.6679450303611377,66.84703460144436,58.0441997237931,75.64986947909563,Raw follow-up score,random_intercept_LMM,131,94
FM-UE,T2,0.6725790987535953,66.35746351263278,57.44857068919327,75.26635633607228,Raw follow-up score,random_intercept_LMM,131,94
FM-UE,T2,0.6772131671460531,65.86789242382116,56.8525770650898,74.88320778255252,Raw follow-up score,random_intercept_LMM,131,94
FM-UE,T2,0.6818472355385107,65.37832133500956,56.25623161188523,74.50041105813389,Raw follow-up score,random_intercept_LMM,131,94
FM-UE,T2,0.6864813039309684,64.88875024619796,55.659546540699274,74.11795395169663,Raw follow-up score,random_intercept_LMM,131,94
FM-UE,T2,0.691115372323426,64.39917915738637,55.06253354025181,73.73582477452092,Raw follow-up score,random_intercept_LMM,131,94
FM-UE,T2,0.6957494407158836,63.90960806857477,54.46520380235276,73.35401233479678,Raw follow-up score,random_intercept_LMM,131,94
FM-UE,T2,0.7003835091083414,63.42003697976317,53.867568046067845,72.97250591345849,Raw follow-up score,random_intercept_LMM,131,94
FM-UE,T2,0.705017577500799,62.930465890951574,53.26963654062646,72.59129524127668,Raw follow-up score,random_intercept_LMM,131,94
FM-UE,T2,0.7096516458932566,62.44089480213998,52.67141912713575,72.21037047714421,Raw follow-up score,random_intercept_LMM,131,94
FM-UE,T2,0.7142857142857143,61.95132371332837,52.07292523916249,71.82972218749426,Raw follow-up score,random_intercept_LMM,131,94
FM-LE,T1,0.0,86.70682432090389,82.08300332552143,91.33064531628635,Raw follow-up score,random_intercept_LMM,130,93
FM-LE,T1,0.004682378648353363,86.39904842884866,81.82851333978493,90.96958351791238,Raw follow-up score,random_intercept_LMM,130,93
FM-LE,T1,0.009364757296706726,86.09127253679341,81.57383841147563,90.60870666211119,Raw follow-up score,random_intercept_LMM,130,93
FM-LE,T1,0.01404713594506009,85.78349664473818,81.31897194147936,90.248021347997,Raw follow-up score,random_intercept_LMM,130,93
FM-LE,T1,0.018729514593413453,85.47572075268293,81.06390703850249,89.88753446686337,Raw follow-up score,random_intercept_LMM,130,93
FM-LE,T1,0.023411893241766818,85.1679448606277,80.80863650442569,89.5272532168297,Raw follow-up score,random_intercept_LMM,130,93
FM-LE,T1,0.02809427189012018,84.86016896857245,80.55315281890752,89.16718511823738,Raw follow-up score,random_intercept_LMM,130,93
FM-LE,T1,0.03277665053847354,84.5523930765172,80.29744812320746,88.80733802982695,Raw follow-up score,random_intercept_LMM,130,93
FM-LE,T1,0.037459029186826906,84.24461718446197,80.04151420319712,88.44772016572682,Raw follow-up score,random_intercept_LMM,130,93
FM-LE,T1,0.04214140783518027,83.93684129240674,79.78534247153029,88.0883401132832,Raw follow-up score,random_intercept_LMM,130,93
FM-LE,T1,0.046823786483533636,83.6290654003515,79.52892394894285,87.72920685176014,Raw follow-up score,random_intercept_LMM,130,93
FM-LE,T1,0.051506165131886994,83.32128950829625,79.27224924465598,87.37032977193651,Raw follow-up score,random_intercept_LMM,130,93
FM-LE,T1,0.05618854378024036,83.01351361624101,79.01530853585803,87.011718696624,Raw follow-up score,random_intercept_LMM,130,93
FM-LE,T1,0.060870922428593724,82.70573772418578,78.75809154624373,86.65338390212783,Raw follow-up score,random_intercept_LMM,130,93
FM-LE,T1,0.06555330107694708,82.39796183213053,78.50058752359405,86.29533614066702,Raw follow-up score,random_intercept_LMM,130,93
FM-LE,T1,0.07023567972530045,82.09018594007529,78.24278521638405,85.93758666376652,Raw follow-up score,random_intercept_LMM,130,93
FM-LE,T1,0.07491805837365381,81.78241004802005,77.98467284941361,85.5801472466265,Raw follow-up score,random_intercept_LMM,130,93
FM-LE,T1,0.07960043702200717,81.47463415596481,77.72623809846259,85.22303021346703,Raw follow-up score,random_intercept_LMM,130,93
FM-LE,T1,0.08428281567036054,81.16685826390957,77.46746806398242,84.86624846383673,Raw follow-up score,random_intercept_LMM,130,93
FM-LE,T1,0.0889651943187139,80.85908237185433,77.20834924384626,84.5098154998624,Raw follow-up score,random_intercept_LMM,130,93
FM-LE,T1,0.09364757296706727,80.5513064797991,76.94886750519399,84.1537454544042,Raw follow-up score,random_intercept_LMM,130,93
FM-LE,T1,0.09832995161542063,80.24353058774385,76.68900805542366,83.79805312006404,Raw follow-up score,random_intercept_LMM,130,93
FM-LE,T1,0.10301233026377399,79.93575469568862,76.42875541239958,83.44275397897765,Raw follow-up score,random_intercept_LMM,130,93
FM-LE,T1,0.10769470891212736,79.62797880363337,76.16809337396849,83.08786423329825,Raw follow-up score,random_intercept_LMM,130,93
FM-LE,T1,0.11237708756048072,79.32020291157814,75.90700498690038,82.7334008362559,Raw follow-up score,random_intercept_LMM,130,93
FM-LE,T1,0.11705946620883408,79.01242701952289,75.64547251539878,82.379381523647,Raw follow-up score,random_intercept_LMM,130,93
FM-LE,T1,0.12174184485718745,78.70465112746766,75.38347740935859,82.02582484557672,Raw follow-up score,random_intercept_LMM,130,93
FM-LE,T1,0.1264242235055408,78.39687523541241,75.12100027258569,81.67275019823913,Raw follow-up score,random_intercept_LMM,130,93
FM-LE,T1,0.13110660215389416,78.08909934335718,74.85802083123599,81.32017785547836,Raw follow-up score,random_intercept_LMM,130,93
FM-LE,T1,0.13578898080224752,77.78132345130193,74.59451790277731,80.96812899982655,Raw follow-up score,random_intercept_LMM,130,93
FM-LE,T1,0.1404713594506009,77.4735475592467,74.33046936583136,80.61662575266203,Raw follow-up score,random_intercept_LMM,130,93
FM-LE,T1,0.14515373809895427,77.16577166719145,74.06585213131015,80.26569120307275,Raw follow-up score,random_intercept_LMM,130,93
FM-LE,T1,0.14983611674730762,76.85799577513622,73.80064211532618,79.91534943494625,Raw follow-up score,random_intercept_LMM,130,93
FM-LE,T1,0.15451849539566098,76.55021988308097,73.53481421442396,79.56562555173798,Raw follow-up score,random_intercept_LMM,130,93
FM-LE,T1,0.15920087404401434,76.24244399102574,73.2683422837562,79.21654569829528,Raw follow-up score,random_intercept_LMM,130,93
FM-LE,T1,0.16388325269236773,75.93466809897049,73.00119911890643,78.86813707903455,Raw follow-up score,random_intercept_LMM,130,93
FM-LE,T1,0.16856563134072108,75.62689220691526,72.73335644214366,78.52042797168686,Raw follow-up score,random_intercept_LMM,130,93
FM-LE,T1,0.17324800998907444,75.31911631486001,72.4647848939794,78.17344773574062,Raw follow-up score,random_intercept_LMM,130,93
FM-LE,T1,0.1779303886374278,75.01134042280478,72.19545403098424,77.82722681462532,Raw follow-up score,random_intercept_LMM,130,93
FM-LE,T1,0.18261276728578116,74.70356453074953,71.9253323309049,77.48179673059417,Raw follow-up score,random_intercept_LMM,130,93
FM-LE,T1,0.18729514593413454,74.39578863869428,71.65438720620273,77.13719007118584,Raw follow-up score,random_intercept_LMM,130,93
FM-LE,T1,0.1919775245824879,74.08801274663905,71.38258502720544,76.79344046607267,Raw follow-up score,random_intercept_LMM,130,93
FM-LE,T1,0.19665990323084126,73.7802368545838,71.10989115612217,76.45058255304544,Raw follow-up score,random_intercept_LMM,130,93
FM-LE,T1,0.20134228187919462,73.47246096252857,70.83626999321224,76.1086519318449,Raw follow-up score,random_intercept_LMM,130,93
FM-LE,T1,0.20602466052754798,73.16468507047333,70.56168503641317,75.76768510453348,Raw follow-up score,random_intercept_LMM,130,93
FM-LE,T1,0.21070703917590133,72.85690917841809,70.28609895571996,75.42771940111622,Raw follow-up score,random_intercept_LMM,130,93
FM-LE,T1,0.21538941782425472,72.54913328636285,70.00947368355367,75.08879288917203,Raw follow-up score,random_intercept_LMM,130,93
FM-LE,T1,0.22007179647260808,72.24135739430761,69.73177052226028,74.75094426635495,Raw follow-up score,random_intercept_LMM,130,93
FM-LE,T1,0.22475417512096144,71.93358150225237,69.45295026973038,74.41421273477435,Raw follow-up score,random_intercept_LMM,130,93
FM-LE,T1,0.2294365537693148,71.62580561019713,69.17297336392049,74.07863785647378,Raw follow-up score,random_intercept_LMM,130,93
FM-LE,T1,0.23411893241766815,71.31802971814189,68.89180004678238,73.7442593895014,Raw follow-up score,random_intercept_LMM,130,93
FM-LE,T1,0.23880131106602154,71.01025382608665,68.60939054776452,73.41111710440879,Raw follow-up score,random_intercept_LMM,130,93
FM-LE,T1,0.2434836897143749,70.7024779340314,68.32570528663624,73.07925058142658,Raw follow-up score,random_intercept_LMM,130,93
FM-LE,T1,0.24816606836272825,70.39470204197617,68.04070509490597,72.74869898904637,Raw follow-up score,random_intercept_LMM,130,93
FM-LE,T1,0.2528484470110816,70.08692614992093,67.75435145456271,72.41950084527915,Raw follow-up score,random_intercept_LMM,130,93
FM-LE,T1,0.25753082565943497,69.7791502578657,67.4666067522782,72.0916937634532,Raw follow-up score,random_intercept_LMM,130,93
FM-LE,T1,0.26221320430778833,69.47137436581045,67.17743454658151,71.76531418503939,Raw follow-up score,random_intercept_LMM,130,93
FM-LE,T1,0.2668955829561417,69.16359847375521,66.88679984487891,71.44039710263152,Raw follow-up score,random_intercept_LMM,130,93
FM-LE,T1,0.27157796160449504,68.85582258169997,66.59466938656662,71.11697577683331,Raw follow-up score,random_intercept_LMM,130,93
FM-LE,T1,0.27626034025284846,68.54804668964474,66.30101192790424,70.79508145138523,Raw follow-up score,random_intercept_LMM,130,93
FM-LE,T1,0.2809427189012018,68.24027079758949,66.00579852381244,70.47474307136653,Raw follow-up score,random_intercept_LMM,130,93
FM-LE,T1,0.2856250975495552,67.93249490553424,65.70900280136875,70.15598700969973,Raw follow-up score,random_intercept_LMM,130,93
FM-LE,T1,0.29030747619790853,67.62471901347901,65.41060121952722,69.8388368074308,Raw follow-up score,random_intercept_LMM,130,93
FM-LE,T1,0.2949898548462619,67.31694312142378,65.11057330951525,69.5233129333323,Raw follow-up score,random_intercept_LMM,130,93
FM-LE,T1,0.29967223349461525,67.00916722936853,64.80890189048131,69.20943256825575,Raw follow-up score,random_intercept_LMM,130,93
FM-LE,T1,0.3043546121429686,66.7013913373133,64.50557325529572,68.89720941933088,Raw follow-up score,random_intercept_LMM,130,93
FM-LE,T1,0.30903699079132196,66.39361544525805,64.20057732194098,68.58665356857512,Raw follow-up score,random_intercept_LMM,130,93
FM-LE,T1,0.3137193694396753,66.08583955320282,63.89390774666129,68.27777135974435,Raw follow-up score,random_intercept_LMM,130,93
FM-LE,T1,0.3184017480880287,65.77806366114757,63.58556199594078,67.97056532635436,Raw follow-up score,random_intercept_LMM,130,93
FM-LE,T1,0.32308412673638204,65.47028776909234,63.27554137541939,67.6650341627653,Raw follow-up score,random_intercept_LMM,130,93
FM-LE,T1,0.32776650538473545,65.16251187703709,62.96385101497899,67.3611727390952,Raw follow-up score,random_intercept_LMM,130,93
FM-LE,T1,0.3324488840330888,64.85473598498184,62.65049981039631,67.05897215956738,Raw follow-up score,random_intercept_LMM,130,93
FM-LE,T1,0.33713126268144217,64.54696009292661,62.33550032310113,66.75841986275209,Raw follow-up score,random_intercept_LMM,130,93
FM-LE,T1,0.3418136413297955,64.23918420087136,62.01886864064993,66.4594997610928,Raw follow-up score,random_intercept_LMM,130,93
FM-LE,T1,0.3464960199781489,63.93140830881613,61.70062420147493,66.16219241615732,Raw follow-up score,random_intercept_LMM,130,93
FM-LE,T1,0.35117839862650224,63.62363241676089,61.3807895882572,65.86647524526458,Raw follow-up score,random_intercept_LMM,130,93
FM-LE,T1,0.3558607772748556,63.31585652470565,61.05939029487314,65.57232275453816,Raw follow-up score,random_intercept_LMM,130,93
FM-LE,T1,0.36054315592320896,63.00808063265041,60.73645447225817,65.27970679304265,Raw follow-up score,random_intercept_LMM,130,93
FM-LE,T1,0.3652255345715623,62.70030474059517,60.41201265871795,64.9885968224724,Raw follow-up score,random_intercept_LMM,130,93
FM-LE,T1,0.3699079132199157,62.39252884853993,60.08609750020429,64.69896019687557,Raw follow-up score,random_intercept_LMM,130,93
FM-LE,T1,0.3745902918682691,62.084752956484685,59.75874346587884,64.41076244709053,Raw follow-up score,random_intercept_LMM,130,93
FM-LE,T1,0.37927267051662245,61.776977064429445,59.42998656393923,64.12396756491967,Raw follow-up score,random_intercept_LMM,130,93
FM-LE,T1,0.3839550491649758,61.469201172374206,59.09986406221155,63.83853828253686,Raw follow-up score,random_intercept_LMM,130,93
FM-LE,T1,0.38863742781332916,61.161425280318966,58.768414217453554,63.55443634318438,Raw follow-up score,random_intercept_LMM,130,93
FM-LE,T1,0.3933198064616825,60.853649388263726,58.43567601669854,63.271622759828915,Raw follow-up score,random_intercept_LMM,130,93
FM-LE,T1,0.3980021851100359,60.545873496208486,58.10168893333273,62.99005805908424,Raw follow-up score,random_intercept_LMM,130,93
FM-LE,T1,0.40268456375838924,60.238097604153246,57.76649269996614,62.70970250834035,Raw follow-up score,random_intercept_LMM,130,93
FM-LE,T1,0.4073669424067426,59.93032171209801,57.4301270995522,62.43051632464381,Raw follow-up score,random_intercept_LMM,130,93
FM-LE,T1,0.41204932105509595,59.62254582004277,57.0926317756523,62.15245986443323,Raw follow-up score,random_intercept_LMM,130,93
FM-LE,T1,0.4167316997034493,59.31476992798753,56.75404606224078,61.87549379373427,Raw follow-up score,random_intercept_LMM,130,93
FM-LE,T1,0.42141407835180267,59.00699403593229,56.41440883301117,61.5995792388534,Raw follow-up score,random_intercept_LMM,130,93
FM-LE,T1,0.4260964570001561,58.69921814387705,56.07375836977922,61.324677917974874,Raw follow-up score,random_intercept_LMM,130,93
FM-LE,T1,0.43077883564850944,58.39144225182181,55.73213224928245,61.050752254361164,Raw follow-up score,random_intercept_LMM,130,93
FM-LE,T1,0.4354612142968628,58.08366635976657,55.389567247446145,60.77776547208699,Raw follow-up score,random_intercept_LMM,130,93
FM-LE,T1,0.44014359294521616,57.77589046771133,55.046099260017,60.505681675405654,Raw follow-up score,random_intercept_LMM,130,93
FM-LE,T1,0.4448259715935695,57.46811457565609,54.70176323835192,60.23446591296025,Raw follow-up score,random_intercept_LMM,130,93
FM-LE,T1,0.44950835024192287,57.16033868360085,54.35659313908302,59.96408422811868,Raw follow-up score,random_intercept_LMM,130,93
FM-LE,T1,0.45419072889027623,56.85256279154561,54.01062188635381,59.69450369673741,Raw follow-up score,random_intercept_LMM,130,93
FM-LE,T1,0.4588731075386296,56.54478689949037,53.66388134532846,59.425692453652275,Raw follow-up score,random_intercept_LMM,130,93
FM-LE,T1,0.46355548618698295,56.23701100743513,53.31640230570886,59.157619709161395,Raw follow-up score,random_intercept_LMM,130,93
FM-LE,T1,0.4682378648353363,55.92923511537989,52.96821447404737,58.890255756712406,Raw follow-up score,random_intercept_LMM,130,93
FM-LE,T1,0.47292024348368966,55.62145922332465,52.61934647371064,58.623571972938656,Raw follow-up score,random_intercept_LMM,130,93
FM-LE,T1,0.4776026221320431,55.3136833312694,52.269825851427,58.357540811111804,Raw follow-up score,random_intercept_LMM,130,93
FM-LE,T1,0.48228500078039643,55.00590743921416,51.919679089433515,58.09213578899481,Raw follow-up score,random_intercept_LMM,130,93
FM-LE,T1,0.4869673794287498,54.69813154715892,51.568931622324016,57.82733147199383,Raw follow-up score,random_intercept_LMM,130,93
FM-LE,T1,0.49164975807710315,54.39035565510368,51.2176078577861,57.56310345242127,Raw follow-up score,random_intercept_LMM,130,93
FM-LE,T1,0.4963321367254565,54.08257976304844,50.86573120049843,57.299428325598456,Raw follow-up score,random_intercept_LMM,130,93
FM-LE,T1,0.5010145153738099,53.7748038709932,50.51332407854065,57.03628366344576,Raw follow-up score,random_intercept_LMM,130,93
FM-LE,T1,0.5056968940221632,53.46702797893796,50.16040797174446,56.773647986131465,Raw follow-up score,random_intercept_LMM,130,93
FM-LE,T1,0.5103792726705166,53.159252086882724,49.80700344148541,56.511500732280034,Raw follow-up score,random_intercept_LMM,130,93
FM-LE,T1,0.5150616513188699,52.851476194827484,49.453130161480736,56.24982222817423,Raw follow-up score,random_intercept_LMM,130,93
FM-LE,T1,0.5197440299672234,52.543700302772244,49.09880694921849,55.988593656325996,Raw follow-up score,random_intercept_LMM,130,93
FM-LE,T1,0.5244264086155767,52.235924410717004,48.744051797697765,55.727797023736244,Raw follow-up score,random_intercept_LMM,130,93
FM-LE,T1,0.5291087872639301,51.928148518661764,48.38888190720841,55.46741513011512,Raw follow-up score,random_intercept_LMM,130,93
FM-LE,T1,0.5337911659122834,51.620372626606525,48.03331371692257,55.20743153629048,Raw follow-up score,random_intercept_LMM,130,93
FM-LE,T1,0.5384735445606368,51.312596734551285,47.677362936108985,54.947830532993585,Raw follow-up score,random_intercept_LMM,130,93
FM-LE,T1,0.5431559232089901,51.004820842496045,47.32104457481485,54.68859711017724,Raw follow-up score,random_intercept_LMM,130,93
FM-LE,T1,0.5478383018573435,50.697044950440805,46.96437297389037,54.42971692699124,Raw follow-up score,random_intercept_LMM,130,93
FM-LE,T1,0.5525206805056969,50.389269058385565,46.60736183425666,54.17117628251447,Raw follow-up score,random_intercept_LMM,130,93
FM-LE,T1,0.5572030591540502,50.081493166330326,46.25002424534041,53.91296208732024,Raw follow-up score,random_intercept_LMM,130,93
FM-LE,T1,0.5618854378024036,49.773717274275086,45.892372712618055,53.655061835932116,Raw follow-up score,random_intercept_LMM,130,93
FM-LE,T1,0.5665678164507569,49.465941382219846,45.53441918422868,53.39746358021101,Raw follow-up score,random_intercept_LMM,130,93
FM-LE,T1,0.5712501950991103,49.158165490164606,45.176175076628965,53.14015590370025,Raw follow-up score,random_intercept_LMM,130,93
FM-LE,T1,0.5759325737474636,48.850389598109366,44.81765129927544,52.88312789694329,Raw follow-up score,random_intercept_LMM,130,93
FM-LE,T1,0.5806149523958171,48.54261370605413,44.45885827832907,52.626369133779185,Raw follow-up score,random_intercept_LMM,130,93
FM-LE,T1,0.5852973310441704,48.23483781399889,44.099805979385565,52.36986964861221,Raw follow-up score,random_intercept_LMM,130,93
FM-LE,T1,0.5899797096925238,47.92706192194365,43.74050392924164,52.11361991464565,Raw follow-up score,random_intercept_LMM,130,93
FM-LE,T1,0.5946620883408771,47.61928602988841,43.380961236712665,51.85761082306415,Raw follow-up score,random_intercept_LMM,130,93
FM-LE,T1,0.5993444669892305,47.31151013783317,43.021186612521916,51.60183366314442,Raw follow-up score,random_intercept_LMM,130,93
FM-LE,T1,0.6040268456375839,47.00373424577792,42.66118838828489,51.34628010327095,Raw follow-up score,random_intercept_LMM,130,93
FM-LE,T1,0.6087092242859372,46.69595835372269,42.30097453461479,51.09094217283059,Raw follow-up score,random_intercept_LMM,130,93
FM-LE,T1,0.6133916029342906,46.38818246166744,41.940552678377195,50.83581224495769,Raw follow-up score,random_intercept_LMM,130,93
FM-LE,T1,0.6180739815826439,46.08040656961221,41.579930119123844,50.58088302010057,Raw follow-up score,random_intercept_LMM,130,93
FM-LE,T1,0.6227563602309973,45.77263067755696,41.21911384473532,50.326147510378604,Raw follow-up score,random_intercept_LMM,130,93
FM-LE,T1,0.6274387388793506,45.46485478550173,40.85811054630422,50.07159902469924,Raw follow-up score,random_intercept_LMM,130,93
FM-LE,T1,0.6321211175277041,45.15707889344648,40.49692663228928,49.81723115460368,Raw follow-up score,random_intercept_LMM,130,93
FM-LE,T1,0.6368034961760574,44.84930300139125,40.135568241971974,49.56303776081052,Raw follow-up score,random_intercept_LMM,130,93
FM-LE,T1,0.6414858748244108,44.541527109336,39.77404125824571,49.309012960426294,Raw follow-up score,random_intercept_LMM,130,93
FM-LE,T1,0.6461682534727641,44.23375121728077,39.41235131976816,49.055151114793375,Raw follow-up score,random_intercept_LMM,130,93
FM-LE,T1,0.6508506321211175,43.92597532522552,39.0505038325058,48.80144681794525,Raw follow-up score,random_intercept_LMM,130,93
FM-LE,T1,0.6555330107694709,43.61819943317028,38.68850398069955,48.547894885641014,Raw follow-up score,random_intercept_LMM,130,93
FM-LE,T1,0.6602153894178242,43.31042354111504,38.32635673727922,48.294490344950866,Raw follow-up score,random_intercept_LMM,130,93
FM-LE,T1,0.6648977680661776,43.002647649059796,37.96406687375356,48.04122842436603,Raw follow-up score,random_intercept_LMM,130,93
FM-LE,T1,0.6695801467145309,42.69487175700456,37.60163896960198,47.78810454440715,Raw follow-up score,random_intercept_LMM,130,93
FM-LE,T1,0.6742625253628843,42.387095864949316,37.23907742119257,47.53511430870606,Raw follow-up score,random_intercept_LMM,130,93
FM-LE,T1,0.6789449040112376,42.07931997289408,36.876386450250706,47.28225349553746,Raw follow-up score,random_intercept_LMM,130,93
FM-LE,T1,0.683627282659591,41.771544080838844,36.51357011190056,47.029518049777124,Raw follow-up score,random_intercept_LMM,130,93
FM-LE,T1,0.6883096613079444,41.463768188783604,36.15063230230199,46.776904075265215,Raw follow-up score,random_intercept_LMM,130,93
FM-LE,T1,0.6929920399562978,41.15599229672836,35.78757676590322,46.524407827553496,Raw follow-up score,random_intercept_LMM,130,93
FM-LE,T1,0.6976744186046512,40.848216404673124,35.42440710232941,46.27202570701684,Raw follow-up score,random_intercept_LMM,130,93
FM-LE,T2,0.0,89.08064706090907,83.84576282736555,94.3155312944526,Raw follow-up score,random_intercept_LMM,130,93
FM-LE,T2,0.004682378648353363,88.84564038998889,83.6781852114525,94.01309556852527,Raw follow-up score,random_intercept_LMM,130,93
FM-LE,T2,0.009364757296706726,88.6106337190687,83.51027437939172,93.71099305874569,Raw follow-up score,random_intercept_LMM,130,93
FM-LE,T2,0.01404713594506009,88.37562704814852,83.34201700628535,93.40923709001169,Raw follow-up score,random_intercept_LMM,130,93
FM-LE,T2,0.018729514593413453,88.14062037722833,83.17339912170436,93.1078416327523,Raw follow-up score,random_intercept_LMM,130,93
FM-LE,T2,0.023411893241766818,87.90561370630815,83.00440607581746,92.80682133679883,Raw follow-up score,random_intercept_LMM,130,93
FM-LE,T2,0.02809427189012018,87.67060703538796,82.8350225039069,92.50619156686902,Raw follow-up score,random_intercept_LMM,130,93
FM-LE,T2,0.03277665053847354,87.43560036446776,82.66523228924699,92.20596843968853,Raw follow-up score,random_intercept_LMM,130,93
FM-LE,T2,0.037459029186826906,87.20059369354759,82.49501852433184,91.90616886276334,Raw follow-up score,random_intercept_LMM,130,93
FM-LE,T2,0.04214140783518027,86.9655870226274,82.32436347045261,91.6068105748022,Raw follow-up score,random_intercept_LMM,130,93
FM-LE,T2,0.046823786483533636,86.73058035170722,82.15324851564247,91.30791218777196,Raw follow-up score,random_intercept_LMM,130,93
FM-LE,T2,0.051506165131886994,86.49557368078702,81.98165413102657,91.00949323054746,Raw follow-up score,random_intercept_LMM,130,93
FM-LE,T2,0.05618854378024036,86.26056700986683,81.80955982564043,90.71157419409323,Raw follow-up score,random_intercept_LMM,130,93
FM-LE,T2,0.060870922428593724,86.02556033894666,81.63694409980837,90.41417657808495,Raw follow-up score,random_intercept_LMM,130,93
FM-LE,T2,0.06555330107694708,85.79055366802646,81.46378439720912,90.1173229388438,Raw follow-up score,random_intercept_LMM,130,93
FM-LE,T2,0.07023567972530045,85.55554699710628,81.29005705579614,89.82103693841641,Raw follow-up score,random_intercept_LMM,130,93
FM-LE,T2,0.07491805837365381,85.32054032618609,81.11573725778746,89.52534339458472,Raw follow-up score,random_intercept_LMM,130,93
FM-LE,T2,0.07960043702200717,85.0855336552659,80.94079897899545,89.23026833153637,Raw follow-up score,random_intercept_LMM,130,93
FM-LE,T2,0.08428281567036054,84.85052698434572,80.76521493782947,88.93583903086197,Raw follow-up score,random_intercept_LMM,130,93
FM-LE,T2,0.0889651943187139,84.61552031342553,80.58895654437745,88.64208408247362,Raw follow-up score,random_intercept_LMM,130,93
FM-LE,T2,0.09364757296706727,84.38051364250535,80.41199385005397,88.34903343495672,Raw follow-up score,random_intercept_LMM,130,93
FM-LE,T2,0.09832995161542063,84.14550697158516,80.23429549839508,88.05671844477524,Raw follow-up score,random_intercept_LMM,130,93
FM-LE,T2,0.10301233026377399,83.91050030066498,80.05582867768373,87.76517192364622,Raw follow-up score,random_intercept_LMM,130,93
FM-LE,T2,0.10769470891212736,83.67549362974479,79.87655907620379,87.4744281832858,Raw follow-up score,random_intercept_LMM,130,93
FM-LE,T2,0.11237708756048072,83.44048695882461,79.69645084104657,87.18452307660264,Raw follow-up score,random_intercept_LMM,130,93
FM-LE,T2,0.11705946620883408,83.20548028790442,79.5154665415299,86.89549403427894,Raw follow-up score,random_intercept_LMM,130,93
FM-LE,T2,0.12174184485718745,82.97047361698424,79.33356713843587,86.6073800955326,Raw follow-up score,random_intercept_LMM,130,93
FM-LE,T2,0.1264242235055408,82.73546694606405,79.15071196042709,86.32022193170101,Raw follow-up score,random_intercept_LMM,130,93
FM-LE,T2,0.13110660215389416,82.50046027514387,78.96685868916124,86.03406186112649,Raw follow-up score,random_intercept_LMM,130,93
FM-LE,T2,0.13578898080224752,82.26545360422368,78.78196335478471,85.74894385366265,Raw follow-up score,random_intercept_LMM,130,93
FM-LE,T2,0.1404713594506009,82.0304469333035,78.59598034364481,85.46491352296218,Raw follow-up score,random_intercept_LMM,130,93
FM-LE,T2,0.14515373809895427,81.79544026238331,78.40886242021065,85.18201810455597,Raw follow-up score,random_intercept_LMM,130,93
FM-LE,T2,0.14983611674730762,81.56043359146312,78.22056076532503,84.90030641760121,Raw follow-up score,random_intercept_LMM,130,93
FM-LE,T2,0.15451849539566098,81.32542692054294,78.03102503301855,84.61982880806733,Raw follow-up score,random_intercept_LMM,130,93
FM-LE,T2,0.15920087404401434,81.09042024962275,77.84020342818751,84.340637071058,Raw follow-up score,random_intercept_LMM,130,93
FM-LE,T2,0.16388325269236773,80.85541357870257,77.64804280745943,84.0627843499457,Raw follow-up score,random_intercept_LMM,130,93
FM-LE,T2,0.16856563134072108,80.62040690778238,77.45448880552883,83.78632501003594,Raw follow-up score,random_intercept_LMM,130,93
FM-LE,T2,0.17324800998907444,80.3854002368622,77.2594859891266,83.51131448459779,Raw follow-up score,random_intercept_LMM,130,93
FM-LE,T2,0.1779303886374278,80.15039356594201,77.06297804057392,83.2378090913101,Raw follow-up score,random_intercept_LMM,130,93
FM-LE,T2,0.18261276728578116,79.91538689502183,76.86490797255094,82.96586581749271,Raw follow-up score,random_intercept_LMM,130,93
FM-LE,T2,0.18729514593413454,79.68038022410163,76.66521837526794,82.69554207293531,Raw follow-up score,random_intercept_LMM,130,93
FM-LE,T2,0.1919775245824879,79.44537355318145,76.46385169665366,82.42689540970925,Raw follow-up score,random_intercept_LMM,130,93
FM-LE,T2,0.19665990323084126,79.21036688226125,76.26075055546357,82.15998320905894,Raw follow-up score,random_intercept_LMM,130,93
FM-LE,T2,0.20134228187919462,78.97536021134107,76.05585808636535,81.89486233631679,Raw follow-up score,random_intercept_LMM,130,93
FM-LE,T2,0.20602466052754798,78.74035354042088,75.84911831508347,81.6315887657583,Raw follow-up score,random_intercept_LMM,130,93
FM-LE,T2,0.21070703917590133,78.5053468695007,75.64047656060472,81.37021717839667,Raw follow-up score,random_intercept_LMM,130,93
FM-LE,T2,0.21538941782425472,78.27034019858051,75.42987986028614,81.11080053687489,Raw follow-up score,random_intercept_LMM,130,93
FM-LE,T2,0.22007179647260808,78.03533352766033,75.21727741251273,80.85338964280793,Raw follow-up score,random_intercept_LMM,130,93
FM-LE,T2,0.22475417512096144,77.80032685674014,75.00262103037348,80.59803268310681,Raw follow-up score,random_intercept_LMM,130,93
FM-LE,T2,0.2294365537693148,77.56532018581996,74.78586559872578,80.34477477291414,Raw follow-up score,random_intercept_LMM,130,93
FM-LE,T2,0.23411893241766815,77.33031351489977,74.56696952606674,80.0936575037328,Raw follow-up score,random_intercept_LMM,130,93
FM-LE,T2,0.23880131106602154,77.09530684397959,74.34589518189838,79.84471850606079,Raw follow-up score,random_intercept_LMM,130,93
FM-LE,T2,0.2434836897143749,76.8603001730594,74.12260930982734,79.59799103629146,Raw follow-up score,random_intercept_LMM,130,93
FM-LE,T2,0.24816606836272825,76.62529350213921,73.8970834065402,79.35350359773823,Raw follow-up score,random_intercept_LMM,130,93
FM-LE,T2,0.2528484470110816,76.39028683121903,73.66929405708306,79.111279605355,Raw follow-up score,random_intercept_LMM,130,93
FM-LE,T2,0.25753082565943497,76.15528016029884,73.43922321757107,78.87133710302662,Raw follow-up score,random_intercept_LMM,130,93
FM-LE,T2,0.26221320430778833,75.92027348937866,73.20685843755797,78.63368854119935,Raw follow-up score,random_intercept_LMM,130,93
FM-LE,T2,0.2668955829561417,75.68526681845847,72.97219301577228,78.39834062114467,Raw follow-up score,random_intercept_LMM,130,93
FM-LE,T2,0.27157796160449504,75.45026014753829,72.73522608471973,78.16529421035685,Raw follow-up score,random_intercept_LMM,130,93
FM-LE,T2,0.27626034025284846,75.2152534766181,72.49596262167528,77.93454433156093,Raw follow-up score,random_intercept_LMM,130,93
FM-LE,T2,0.2809427189012018,74.98024680569792,72.25441338574099,77.70608022565484,Raw follow-up score,random_intercept_LMM,130,93
FM-LE,T2,0.2856250975495552,74.74524013477772,72.01059478281701,77.47988548673843,Raw follow-up score,random_intercept_LMM,130,93
FM-LE,T2,0.29030747619790853,74.51023346385755,71.76452866240597,77.25593826530913,Raw follow-up score,random_intercept_LMM,130,93
FM-LE,T2,0.2949898548462619,74.27522679293736,71.51624205204155,77.03421153383317,Raw follow-up score,random_intercept_LMM,130,93
FM-LE,T2,0.29967223349461525,74.04022012201717,71.26576683671114,76.81467340732321,Raw follow-up score,random_intercept_LMM,130,93
FM-LE,T2,0.3043546121429686,73.80521345109699,71.01313939186025,76.59728751033373,Raw follow-up score,random_intercept_LMM,130,93
FM-LE,T2,0.30903699079132196,73.5702067801768,70.75840017938653,76.38201338096708,Raw follow-up score,random_intercept_LMM,130,93
FM-LE,T2,0.3137193694396753,73.33520010925662,70.50159331643928,76.16880690207395,Raw follow-up score,random_intercept_LMM,130,93
FM-LE,T2,0.3184017480880287,73.10019343833643,70.24276612685131,75.95762074982156,Raw follow-up score,random_intercept_LMM,130,93
FM-LE,T2,0.32308412673638204,72.86518676741625,69.98196868468135,75.74840485015115,Raw follow-up score,random_intercept_LMM,130,93
FM-LE,T2,0.32776650538473545,72.63018009649606,69.71925335869149,75.54110683430063,Raw follow-up score,random_intercept_LMM,130,93
FM-LE,T2,0.3324488840330888,72.39517342557586,69.45467436569002,75.3356724854617,Raw follow-up score,random_intercept_LMM,130,93
FM-LE,T2,0.33713126268144217,72.16016675465569,69.18828733960851,75.13204616970287,Raw follow-up score,random_intercept_LMM,130,93
FM-LE,T2,0.3418136413297955,71.92516008373549,68.92014892201902,74.93017124545196,Raw follow-up score,random_intercept_LMM,130,93
FM-LE,T2,0.3464960199781489,71.69015341281532,68.65031637860316,74.72999044702748,Raw follow-up score,random_intercept_LMM,130,93
FM-LE,T2,0.35117839862650224,71.45514674189513,68.37884724490809,74.53144623888218,Raw follow-up score,random_intercept_LMM,130,93
FM-LE,T2,0.3558607772748556,71.22014007097494,68.10579900361807,74.3344811383318,Raw follow-up score,random_intercept_LMM,130,93
FM-LE,T2,0.36054315592320896,70.98513340005476,67.83122879456081,74.13903800554871,Raw follow-up score,random_intercept_LMM,130,93
FM-LE,T2,0.3652255345715623,70.75012672913456,67.55519315778221,73.94506030048692,Raw follow-up score,random_intercept_LMM,130,93
FM-LE,T2,0.3699079132199157,70.51512005821439,67.27774780927231,73.75249230715647,Raw follow-up score,random_intercept_LMM,130,93
FM-LE,T2,0.3745902918682691,70.2801133872942,66.99894744830937,73.56127932627902,Raw follow-up score,random_intercept_LMM,130,93
FM-LE,T2,0.37927267051662245,70.04510671637401,66.71884559491109,73.37136783783693,Raw follow-up score,random_intercept_LMM,130,93
FM-LE,T2,0.3839550491649758,69.81010004545382,66.43749445552412,73.18270563538353,Raw follow-up score,random_intercept_LMM,130,93
FM-LE,T2,0.38863742781332916,69.57509337453364,66.15494481484178,72.99524193422549,Raw follow-up score,random_intercept_LMM,130,93
FM-LE,T2,0.3933198064616825,69.34008670361345,65.87124595149365,72.80892745573325,Raw follow-up score,random_intercept_LMM,130,93
FM-LE,T2,0.3980021851100359,69.10508003269327,65.58644557528798,72.62371449009855,Raw follow-up score,random_intercept_LMM,130,93
FM-LE,T2,0.40268456375838924,68.87007336177308,65.30058978369344,72.43955693985272,Raw follow-up score,random_intercept_LMM,130,93
FM-LE,T2,0.4073669424067426,68.6350666908529,65.01372303530341,72.25641034640238,Raw follow-up score,random_intercept_LMM,130,93
FM-LE,T2,0.41204932105509595,68.40006001993271,64.72588813812527,72.07423190174015,Raw follow-up score,random_intercept_LMM,130,93
FM-LE,T2,0.4167316997034493,68.16505334901252,64.43712625066307,71.89298044736198,Raw follow-up score,random_intercept_LMM,130,93
FM-LE,T2,0.42141407835180267,67.93004667809234,64.14747689390862,71.71261646227606,Raw follow-up score,random_intercept_LMM,130,93
FM-LE,T2,0.4260964570001561,67.69504000717215,63.856977972512084,71.53310204183222,Raw follow-up score,random_intercept_LMM,130,93
FM-LE,T2,0.43077883564850944,67.46003333625197,63.56566580356504,71.3544008689389,Raw follow-up score,random_intercept_LMM,130,93
FM-LE,T2,0.4354612142968628,67.22502666533178,63.2735751515889,71.17647817907466,Raw follow-up score,random_intercept_LMM,130,93
FM-LE,T2,0.44014359294521616,66.9900199944116,62.98073926847789,70.9993007203453,Raw follow-up score,random_intercept_LMM,130,93
FM-LE,T2,0.4448259715935695,66.75501332349141,62.687189937294086,70.82283670968873,Raw follow-up score,random_intercept_LMM,130,93
FM-LE,T2,0.44950835024192287,66.52000665257123,62.39295751895142,70.64705578619103,Raw follow-up score,random_intercept_LMM,130,93
FM-LE,T2,0.45419072889027623,66.28499998165104,62.09807100095434,70.47192896234775,Raw follow-up score,random_intercept_LMM,130,93
FM-LE,T2,0.4588731075386296,66.04999331073086,61.80255804747473,70.29742857398698,Raw follow-up score,random_intercept_LMM,130,93
FM-LE,T2,0.46355548618698295,65.81498663981067,61.50644505015727,70.12352822946407,Raw follow-up score,random_intercept_LMM,130,93
FM-LE,T2,0.4682378648353363,65.57997996889048,61.20975717913911,69.95020275864186,Raw follow-up score,random_intercept_LMM,130,93
FM-LE,T2,0.47292024348368966,65.3449732979703,60.91251843385501,69.77742816208558,Raw follow-up score,random_intercept_LMM,130,93
FM-LE,T2,0.4776026221320431,65.1099666270501,60.61475169327396,69.60518156082624,Raw follow-up score,random_intercept_LMM,130,93
FM-LE,T2,0.48228500078039643,64.87495995612991,60.31647876527955,69.43344114698029,Raw follow-up score,random_intercept_LMM,130,93
FM-LE,T2,0.4869673794287498,64.63995328520973,60.01772043496334,69.26218613545612,Raw follow-up score,random_intercept_LMM,130,93
FM-LE,T2,0.49164975807710315,64.40494661428954,59.71849651165056,69.09139671692853,Raw follow-up score,random_intercept_LMM,130,93
FM-LE,T2,0.4963321367254565,64.16993994336936,59.41882587451973,68.92105401221897,Raw follow-up score,random_intercept_LMM,130,93
FM-LE,T2,0.5010145153738099,63.93493327244917,59.11872651671449,68.75114002818385,Raw follow-up score,random_intercept_LMM,130,93
FM-LE,T2,0.5056968940221632,63.699926601528986,58.818215587876516,68.58163761518145,Raw follow-up score,random_intercept_LMM,130,93
FM-LE,T2,0.5103792726705166,63.4649199306088,58.51730943505491,68.41253042616269,Raw follow-up score,random_intercept_LMM,130,93
FM-LE,T2,0.5150616513188699,63.229913259688615,58.21602364196847,68.24380287740877,Raw follow-up score,random_intercept_LMM,130,93
FM-LE,T2,0.5197440299672234,62.99490658876843,57.9143730666158,68.07544011092106,Raw follow-up score,random_intercept_LMM,130,93
FM-LE,T2,0.5244264086155767,62.759899917848244,57.61237187724283,67.90742795845367,Raw follow-up score,random_intercept_LMM,130,93
FM-LE,T2,0.5291087872639301,62.52489324692806,57.31003358668894,67.73975290716719,Raw follow-up score,random_intercept_LMM,130,93
FM-LE,T2,0.5337911659122834,62.28988657600787,57.007371085143006,67.57240206687274,Raw follow-up score,random_intercept_LMM,130,93
FM-LE,T2,0.5384735445606368,62.05487990508769,56.704396671347666,67.40536313882771,Raw follow-up score,random_intercept_LMM,130,93
FM-LE,T2,0.5431559232089901,61.8198732341675,56.4011220822962,67.23862438603881,Raw follow-up score,random_intercept_LMM,130,93
FM-LE,T2,0.5478383018573435,61.58486656324732,56.09755852147055,67.07217460502409,Raw follow-up score,random_intercept_LMM,130,93
FM-LE,T2,0.5525206805056969,61.34985989232713,55.793716685672265,66.906003098982,Raw follow-up score,random_intercept_LMM,130,93
FM-LE,T2,0.5572030591540502,61.114853221406946,55.48960679049977,66.74009965231411,Raw follow-up score,random_intercept_LMM,130,93
FM-LE,T2,0.5618854378024036,60.87984655048676,55.18523859452715,66.57445450644637,Raw follow-up score,random_intercept_LMM,130,93
FM-LE,T2,0.5665678164507569,60.644839879566575,54.88062142223943,66.40905833689372,Raw follow-up score,random_intercept_LMM,130,93
FM-LE,T2,0.5712501950991103,60.40983320864639,54.57576418577984,66.24390223151295,Raw follow-up score,random_intercept_LMM,130,93
FM-LE,T2,0.5759325737474636,60.174826537726204,54.27067540556342,66.07897766988899,Raw follow-up score,random_intercept_LMM,130,93
FM-LE,T2,0.5806149523958171,59.93981986680602,53.965363229810926,65.91427650380112,Raw follow-up score,random_intercept_LMM,130,93
FM-LE,T2,0.5852973310441704,59.70481319588583,53.65983545305516,65.7497909387165,Raw follow-up score,random_intercept_LMM,130,93
FM-LE,T2,0.5899797096925238,59.46980652496565,53.35409953367106,65.58551351626024,Raw follow-up score,random_intercept_LMM,130,93
FM-LE,T2,0.5946620883408771,59.23479985404546,53.048162610478606,65.42143709761231,Raw follow-up score,random_intercept_LMM,130,93
FM-LE,T2,0.5993444669892305,58.99979318312528,52.74203151846631,65.25755484778423,Raw follow-up score,random_intercept_LMM,130,93
FM-LE,T2,0.6040268456375839,58.76478651220508,52.43571280368107,65.09386022072908,Raw follow-up score,random_intercept_LMM,130,93
FM-LE,T2,0.6087092242859372,58.529779841284906,52.129212737328245,64.93034694524157,Raw follow-up score,random_intercept_LMM,130,93
FM-LE,T2,0.6133916029342906,58.29477317036471,51.82253732912388,64.76700901160552,Raw follow-up score,random_intercept_LMM,130,93
FM-LE,T2,0.6180739815826439,58.05976649944453,51.5156923399396,64.60384065894945,Raw follow-up score,random_intercept_LMM,130,93
FM-LE,T2,0.6227563602309973,57.824759828524336,51.20868329377764,64.44083636327103,Raw follow-up score,random_intercept_LMM,130,93
FM-LE,T2,0.6274387388793506,57.58975315760416,50.901515489113365,64.27799082609495,Raw follow-up score,random_intercept_LMM,130,93
FM-LE,T2,0.6321211175277041,57.354746486683965,50.59419400963888,64.11529896372905,Raw follow-up score,random_intercept_LMM,130,93
FM-LE,T2,0.6368034961760574,57.119739815763786,50.28672373444147,63.9527558970861,Raw follow-up score,random_intercept_LMM,130,93
FM-LE,T2,0.6414858748244108,56.884733144843594,49.97910934764713,63.790356942040056,Raw follow-up score,random_intercept_LMM,130,93
FM-LE,T2,0.6461682534727641,56.649726473923415,49.67135534755943,63.628097600287404,Raw follow-up score,random_intercept_LMM,130,93
FM-LE,T2,0.6508506321211175,56.41471980300322,49.363466055320984,63.46597355068546,Raw follow-up score,random_intercept_LMM,130,93
FM-LE,T2,0.6555330107694709,56.17971313208304,49.055445623124456,63.30398064104162,Raw follow-up score,random_intercept_LMM,130,93
FM-LE,T2,0.6602153894178242,55.94470646116285,48.74729804199761,63.142114880328094,Raw follow-up score,random_intercept_LMM,130,93
FM-LE,T2,0.6648977680661776,55.70969979024266,48.439027149186245,62.980372431299074,Raw follow-up score,random_intercept_LMM,130,93
FM-LE,T2,0.6695801467145309,55.47469311932248,48.13063663515724,62.818749603487724,Raw follow-up score,random_intercept_LMM,130,93
FM-LE,T2,0.6742625253628843,55.23968644840229,47.822130050242535,62.65724284656204,Raw follow-up score,random_intercept_LMM,130,93
FM-LE,T2,0.6789449040112376,55.00467977748211,47.51351081094427,62.49584874401995,Raw follow-up score,random_intercept_LMM,130,93
FM-LE,T2,0.683627282659591,54.769673106561925,47.20478220591926,62.33456400720459,Raw follow-up score,random_intercept_LMM,130,93
FM-LE,T2,0.6883096613079444,54.53466643564174,46.89594740166093,62.173385469622545,Raw follow-up score,random_intercept_LMM,130,93
FM-LE,T2,0.6929920399562978,54.29965976472155,46.58700944789511,62.01231008154798,Raw follow-up score,random_intercept_LMM,130,93
FM-LE,T2,0.6976744186046512,54.06465309380137,46.277971282705394,61.85133490489734,Raw follow-up score,random_intercept_LMM,130,93
BI,T1,0.6,100.51835007864497,85.54888066558466,115.48781949170528,Raw follow-up score,Gaussian_GEE_fallback,145,95
BI,T1,0.6026845637583892,99.97864854651544,85.15181470397302,114.80548238905787,Raw follow-up score,Gaussian_GEE_fallback,145,95
BI,T1,0.6053691275167785,99.43894701438589,84.75455563376939,114.12333839500239,Raw follow-up score,Gaussian_GEE_fallback,145,95
BI,T1,0.6080536912751677,98.89924548225636,84.35709778039208,113.44139318412064,Raw follow-up score,Gaussian_GEE_fallback,145,95
BI,T1,0.610738255033557,98.35954395012679,83.9594352531239,112.75965264712968,Raw follow-up score,Gaussian_GEE_fallback,145,95
BI,T1,0.6134228187919463,97.81984241799725,83.5615619351652,112.0781229008293,Raw follow-up score,Gaussian_GEE_fallback,145,95
BI,T1,0.6161073825503356,97.2801408858677,83.16347147316024,111.39681029857515,Raw follow-up score,Gaussian_GEE_fallback,145,95
BI,T1,0.6187919463087248,96.74043935373817,82.76515726616725,110.71572144130909,Raw follow-up score,Gaussian_GEE_fallback,145,95
BI,T1,0.621476510067114,96.20073782160864,82.36661245403877,110.03486318917851,Raw follow-up score,Gaussian_GEE_fallback,145,95
BI,T1,0.6241610738255033,95.66103628947909,81.96782990517853,109.35424267377964,Raw follow-up score,Gaussian_GEE_fallback,145,95
BI,T1,0.6268456375838926,95.12133475734954,81.56880220363811,108.67386731106097,Raw follow-up score,Gaussian_GEE_fallback,145,95
BI,T1,0.6295302013422819,94.58163322521999,81.16952163551436,107.99374481492562,Raw follow-up score,Gaussian_GEE_fallback,145,95
BI,T1,0.6322147651006711,94.04193169309045,80.76998017460706,107.31388321157384,Raw follow-up score,Gaussian_GEE_fallback,145,95
BI,T1,0.6348993288590604,93.50223016096089,80.37016946729287,106.63429085462892,Raw follow-up score,Gaussian_GEE_fallback,145,95
BI,T1,0.6375838926174496,92.96252862883136,79.97008081656992,105.95497644109281,Raw follow-up score,Gaussian_GEE_fallback,145,95
BI,T1,0.640268456375839,92.42282709670181,79.56970516522371,105.27594902817991,Raw follow-up score,Gaussian_GEE_fallback,145,95
BI,T1,0.6429530201342282,91.88312556457227,79.16903307806349,104.59721805108104,Raw follow-up score,Gaussian_GEE_fallback,145,95
BI,T1,0.6456375838926174,91.34342403244274,78.76805472317378,103.9187933417117,Raw follow-up score,Gaussian_GEE_fallback,145,95
BI,T1,0.6483221476510067,90.80372250031317,78.36675985212376,103.24068514850258,Raw follow-up score,Gaussian_GEE_fallback,145,95
BI,T1,0.6510067114093959,90.26402096818364,77.96513777907406,102.56290415729323,Raw follow-up score,Gaussian_GEE_fallback,145,95
BI,T1,0.6536912751677852,89.72431943605409,77.56317735871548,101.8854615133927,Raw follow-up score,Gaussian_GEE_fallback,145,95
BI,T1,0.6563758389261745,89.18461790392456,77.16086696297361,101.20836884487551,Raw follow-up score,Gaussian_GEE_fallback,145,95
BI,T1,0.6590604026845638,88.644916371795,76.75819445640677,100.53163828718324,Raw follow-up score,Gaussian_GEE_fallback,145,95
BI,T1,0.661744966442953,88.10521483966546,76.35514717022318,99.85528250910775,Raw follow-up score,Gaussian_GEE_fallback,145,95
BI,T1,0.6644295302013423,87.5655133075359,75.9517118748385,99.1793147402333,Raw follow-up score,Gaussian_GEE_fallback,145,95
BI,T1,0.6671140939597315,87.02581177540637,75.54787475089168,98.50374879992106,Raw follow-up score,Gaussian_GEE_fallback,145,95
BI,T1,0.6697986577181207,86.48611024327684,75.14362135863271,97.82859912792097,Raw follow-up score,Gaussian_GEE_fallback,145,95
BI,T1,0.6724832214765101,85.94640871114728,74.7389366055931,97.15388081670147,Raw follow-up score,Gaussian_GEE_fallback,145,95
BI,T1,0.6751677852348993,85.40670717901776,74.33380471244539,96.47960964559013,Raw follow-up score,Gaussian_GEE_fallback,145,95
BI,T1,0.6778523489932886,84.86700564688819,73.92820917695498,95.8058021168214,Raw follow-up score,Gaussian_GEE_fallback,145,95
BI,T1,0.6805369127516778,84.32730411475865,73.52213273592474,95.13247549359255,Raw follow-up score,Gaussian_GEE_fallback,145,95
BI,T1,0.683221476510067,83.78760258262912,73.11555732502882,94.45964784022942,Raw follow-up score,Gaussian_GEE_fallback,145,95
BI,T1,0.6859060402684564,83.24790105049956,72.70846403643111,93.78733806456802,Raw follow-up score,Gaussian_GEE_fallback,145,95
BI,T1,0.6885906040268457,82.70819951837001,72.300833074081,93.11556596265902,Raw follow-up score,Gaussian_GEE_fallback,145,95
BI,T1,0.6912751677852349,82.16849798624048,71.89264370657793,92.44435226590304,Raw follow-up score,Gaussian_GEE_fallback,145,95
BI,T1,0.6939597315436241,81.62879645411094,71.48387421749648,91.7737186907254,Raw follow-up score,Gaussian_GEE_fallback,145,95
BI,T1,0.6966442953020134,81.08909492198138,71.07450185306442,91.10368799089835,Raw follow-up score,Gaussian_GEE_fallback,145,95
BI,T1,0.6993288590604027,80.54939338985184,70.66450276708852,90.43428401261517,Raw follow-up score,Gaussian_GEE_fallback,145,95
BI,T1,0.702013422818792,80.00969185772229,70.25385196302648,89.7655317524181,Raw follow-up score,Gaussian_GEE_fallback,145,95
BI,T1,0.7046979865771812,79.46999032559276,69.84252323311034,89.09745741807518,Raw follow-up score,Gaussian_GEE_fallback,145,95
BI,T1,0.7073825503355704,78.93028879346322,69.43048909443404,88.4300884924924,Raw follow-up score,Gaussian_GEE_fallback,145,95
BI,T1,0.7100671140939597,78.39058726133366,69.01772072193029,87.76345380073704,Raw follow-up score,Gaussian_GEE_fallback,145,95
BI,T1,0.7127516778523489,77.85088572920412,68.60418787817592,87.09758358023232,Raw follow-up score,Gaussian_GEE_fallback,145,95
BI,T1,0.7154362416107383,77.31118419707457,68.18985883998414,86.432509554165,Raw follow-up score,Gaussian_GEE_fallback,145,95
BI,T1,0.7181208053691275,76.77148266494504,67.77470032176579,85.76826500812429,Raw follow-up score,Gaussian_GEE_fallback,145,95
BI,T1,0.7208053691275168,76.23178113281548,67.35867739567072,85.10488486996024,Raw follow-up score,Gaussian_GEE_fallback,145,95
BI,T1,0.723489932885906,75.69207960068596,66.9417534085562,84.44240579281572,Raw follow-up score,Gaussian_GEE_fallback,145,95
BI,T1,0.7261744966442953,75.15237806855639,66.52388989587159,83.78086624124118,Raw follow-up score,Gaussian_GEE_fallback,145,95
BI,T1,0.7288590604026846,74.61267653642686,66.10504649260147,83.12030658025225,Raw follow-up score,Gaussian_GEE_fallback,145,95
BI,T1,0.7315436241610738,74.07297500429732,65.6851808414683,82.46076916712634,Raw follow-up score,Gaussian_GEE_fallback,145,95
BI,T1,0.7342281879194631,73.53327347216776,65.2642484986702,81.80229844566533,Raw follow-up score,Gaussian_GEE_fallback,145,95
BI,T1,0.7369127516778523,72.99357194003824,64.84220283751235,81.14494104256413,Raw follow-up score,Gaussian_GEE_fallback,145,95
BI,T1,0.7395973154362416,72.45387040790868,64.4189949503891,80.48874586542826,Raw follow-up score,Gaussian_GEE_fallback,145,95
BI,T1,0.7422818791946308,71.91416887577914,63.994573549688496,79.83376420186978,Raw follow-up score,Gaussian_GEE_fallback,145,95
BI,T1,0.7449664429530201,71.37446734364961,63.56888486832002,79.18004981897921,Raw follow-up score,Gaussian_GEE_fallback,145,95
BI,T1,0.7476510067114094,70.83476581152006,63.141872560716585,78.52765906232354,Raw follow-up score,Gaussian_GEE_fallback,145,95
BI,T1,0.7503355704697987,70.29506427939049,62.713477605329956,77.87665095345102,Raw follow-up score,Gaussian_GEE_fallback,145,95
BI,T1,0.7530201342281879,69.75536274726096,62.28363820982809,77.22708728469384,Raw follow-up score,Gaussian_GEE_fallback,145,95
BI,T1,0.7557046979865771,69.21566121513143,61.85228972041448,76.57903270984838,Raw follow-up score,Gaussian_GEE_fallback,145,95
BI,T1,0.7583892617449665,68.67595968300188,61.41936453692316,75.9325548290806,Raw follow-up score,Gaussian_GEE_fallback,145,95
BI,T1,0.7610738255033557,68.13625815087234,60.98479203559739,75.2877242661473,Raw follow-up score,Gaussian_GEE_fallback,145,95
BI,T1,0.763758389261745,67.59655661874278,60.54849850173581,74.64461473574976,Raw follow-up score,Gaussian_GEE_fallback,145,95
BI,T1,0.7664429530201342,67.05685508661324,60.11040707468373,74.00330309854274,Raw follow-up score,Gaussian_GEE_fallback,145,95
BI,T1,0.7691275167785234,66.51715355448371,59.670437707954044,73.36386940101339,Raw follow-up score,Gaussian_GEE_fallback,145,95
BI,T1,0.7718120805369127,65.97745202235416,59.228507147579215,72.72639689712909,Raw follow-up score,Gaussian_GEE_fallback,145,95
BI,T1,0.7744966442953021,65.4377504902246,58.78452893211225,72.09097204833695,Raw follow-up score,Gaussian_GEE_fallback,145,95
BI,T1,0.7771812080536913,64.89804895809506,58.33841341800136,71.45768449818877,Raw follow-up score,Gaussian_GEE_fallback,145,95
BI,T1,0.7798657718120805,64.35834742596553,57.89006783434773,70.82662701758333,Raw follow-up score,Gaussian_GEE_fallback,145,95
BI,T1,0.7825503355704698,63.81864589383597,57.439396371300596,70.19789541637134,Raw follow-up score,Gaussian_GEE_fallback,145,95
BI,T1,0.785234899328859,63.278944361706436,56.98630030653013,69.57158841688275,Raw follow-up score,Gaussian_GEE_fallback,145,95
BI,T1,0.7879194630872484,62.73924282957688,56.530678174322574,68.94780748483119,Raw follow-up score,Gaussian_GEE_fallback,145,95
BI,T1,0.7906040268456376,62.19954129744735,56.07242598184001,68.32665661305468,Raw follow-up score,Gaussian_GEE_fallback,145,95
BI,T1,0.7932885906040268,61.65983976531781,55.61143747694642,67.7082420536892,Raw follow-up score,Gaussian_GEE_fallback,145,95
BI,T1,0.7959731543624161,61.12013823318826,55.14760447169707,67.09267199467945,Raw follow-up score,Gaussian_GEE_fallback,145,95
BI,T1,0.7986577181208054,60.5804367010587,54.68081722508592,66.48005617703149,Raw follow-up score,Gaussian_GEE_fallback,145,95
BI,T1,0.8013422818791947,60.04073516892917,54.21096488791876,65.87050544993957,Raw follow-up score,Gaussian_GEE_fallback,145,95
BI,T1,0.8040268456375839,59.50103363679963,53.73793601170456,65.2641312618947,Raw follow-up score,Gaussian_GEE_fallback,145,95
BI,T1,0.8067114093959732,58.96133210467008,53.26161912221647,64.66104508712368,Raw follow-up score,Gaussian_GEE_fallback,145,95
BI,T1,0.8093959731543624,58.421630572540536,52.78190335686128,64.0613577882198,Raw follow-up score,Gaussian_GEE_fallback,145,95
BI,T1,0.8120805369127517,57.88192904041098,52.29867916322063,63.46517891760133,Raw follow-up score,Gaussian_GEE_fallback,145,95
BI,T1,0.8147651006711409,57.34222750828145,51.81183905411584,62.87261596244705,Raw follow-up score,Gaussian_GEE_fallback,145,95
BI,T1,0.8174496644295302,56.80252597615191,51.32127841234494,62.28377353995889,Raw follow-up score,Gaussian_GEE_fallback,145,95
BI,T1,0.8201342281879195,56.26282444402236,50.826896335919656,61.69875255212506,Raw follow-up score,Gaussian_GEE_fallback,145,95
BI,T1,0.8228187919463087,55.72312291189282,50.32859651227889,61.11764931150675,Raw follow-up score,Gaussian_GEE_fallback,145,95
BI,T1,0.825503355704698,55.18342137976327,49.82628810769026,60.540554651836274,Raw follow-up score,Gaussian_GEE_fallback,145,95
BI,T1,0.8281879194630872,54.64371984763373,49.319886656001856,59.96755303926561,Raw follow-up score,Gaussian_GEE_fallback,145,95
BI,T1,0.8308724832214764,54.1040183155042,48.80931492920952,59.39872170179888,Raw follow-up score,Gaussian_GEE_fallback,145,95
BI,T1,0.8335570469798658,53.56431678337464,48.29450377110288,58.834129795646405,Raw follow-up score,Gaussian_GEE_fallback,145,95
BI,T1,0.8362416107382551,53.02461525124509,47.775392874670935,58.27383762781924,Raw follow-up score,Gaussian_GEE_fallback,145,95
BI,T1,0.8389261744966443,52.48491371911555,47.25193148408988,57.71789595414123,Raw follow-up score,Gaussian_GEE_fallback,145,95
BI,T1,0.8416107382550335,51.94521218698602,46.724079003048715,57.166345370923324,Raw follow-up score,Gaussian_GEE_fallback,145,95
BI,T1,0.8442953020134228,51.40551065485646,46.19180549291282,56.61921581680009,Raw follow-up score,Gaussian_GEE_fallback,145,95
BI,T1,0.8469798657718121,50.86580912272692,45.65509204674845,56.076526198705395,Raw follow-up score,Gaussian_GEE_fallback,145,95
BI,T1,0.8496644295302014,50.32610759059737,45.11393102844418,55.538284152750556,Raw follow-up score,Gaussian_GEE_fallback,145,95
BI,T1,0.8523489932885906,49.78640605846783,44.56832616992896,55.00448594700671,Raw follow-up score,Gaussian_GEE_fallback,145,95
BI,T1,0.8550335570469798,49.2467045263383,44.018292523613354,54.47511652906324,Raw follow-up score,Gaussian_GEE_fallback,145,95
BI,T1,0.8577181208053691,48.70700299420874,43.46385627146179,53.95014971695569,Raw follow-up score,Gaussian_GEE_fallback,145,95
BI,T1,0.8604026845637585,48.16730146207919,42.905054396308195,53.42954852785018,Raw follow-up score,Gaussian_GEE_fallback,145,95
BI,T1,0.8630872483221477,47.62759992994965,42.34193422493877,52.91326563496054,Raw follow-up score,Gaussian_GEE_fallback,145,95
BI,T1,0.8657718120805369,47.08789839782012,41.77455285588607,52.40124393975417,Raw follow-up score,Gaussian_GEE_fallback,145,95
BI,T1,0.8684563758389262,46.548196865690564,41.202976487651675,51.89341724372945,Raw follow-up score,Gaussian_GEE_fallback,145,95
BI,T1,0.8711409395973154,46.00849533356103,40.627279665093226,51.38971100202883,Raw follow-up score,Gaussian_GEE_fallback,145,95
BI,T1,0.8738255033557047,45.468793801431474,40.04754446292341,50.890043139939536,Raw follow-up score,Gaussian_GEE_fallback,145,95
BI,T1,0.876510067114094,44.92909226930193,39.46385962567785,50.39432491292602,Raw follow-up score,Gaussian_GEE_fallback,145,95
BI,T1,0.8791946308724832,44.389390737172405,38.87631968316413,49.902461791180684,Raw follow-up score,Gaussian_GEE_fallback,145,95
BI,T1,0.8818791946308725,43.84968920504284,38.28502405940262,49.41435435068306,Raw follow-up score,Gaussian_GEE_fallback,145,95
BI,T1,0.8845637583892618,43.30998767291329,37.6900761915275,48.92989915429907,Raw follow-up score,Gaussian_GEE_fallback,145,95
BI,T1,0.887248322147651,42.77028614078375,37.09158267317164,48.44898960839587,Raw follow-up score,Gaussian_GEE_fallback,145,95
BI,T1,0.8899328859060402,42.23058460865422,36.48965243465343,47.97151678265501,Raw follow-up score,Gaussian_GEE_fallback,145,95
BI,T1,0.8926174496644295,41.690883076524685,35.884395969948585,47.497370183100784,Raw follow-up score,Gaussian_GEE_fallback,145,95
BI,T1,0.8953020134228188,41.15118154439513,35.2759246180862,47.02643847070406,Raw follow-up score,Gaussian_GEE_fallback,145,95
BI,T1,0.8979865771812081,40.611480012265574,34.66434990435663,46.55861012017452,Raw follow-up score,Gaussian_GEE_fallback,145,95
BI,T1,0.9006711409395973,40.07177848013604,34.04978294463433,46.09377401563775,Raw follow-up score,Gaussian_GEE_fallback,145,95
BI,T1,0.9033557046979865,39.532076948006505,33.432333914258486,45.631819981754525,Raw follow-up score,Gaussian_GEE_fallback,145,95
BI,T1,0.9060402684563759,38.99237541587695,32.81211158130953,45.17263925044437,Raw follow-up score,Gaussian_GEE_fallback,145,95
BI,T1,0.9087248322147652,38.452673883747394,32.189222902785225,44.71612486470956,Raw follow-up score,Gaussian_GEE_fallback,145,95
BI,T1,0.9114093959731544,37.91297235161785,31.563772681114546,44.26217202212116,Raw follow-up score,Gaussian_GEE_fallback,145,95
BI,T1,0.9140939597315436,37.373270819488326,30.935863277637942,43.81067836133871,Raw follow-up score,Gaussian_GEE_fallback,145,95
BI,T1,0.9167785234899328,36.833569287358785,30.30559437910626,43.36154419561131,Raw follow-up score,Gaussian_GEE_fallback,145,95
BI,T1,0.9194630872483222,36.29386775522923,29.673062812880723,42.914672697577736,Raw follow-up score,Gaussian_GEE_fallback,145,95
BI,T1,0.9221476510067115,35.75416622309967,29.038362406323326,42.469970039876024,Raw follow-up score,Gaussian_GEE_fallback,145,95
BI,T1,0.9248322147651007,35.21446469097014,28.401583885820344,42.027345496119935,Raw follow-up score,Gaussian_GEE_fallback,145,95
BI,T1,0.9275167785234899,34.674763158840605,27.762814810952086,41.586711506729124,Raw follow-up score,Gaussian_GEE_fallback,145,95
BI,T1,0.9302013422818792,34.13506162671105,27.12213953948317,41.14798371393893,Raw follow-up score,Gaussian_GEE_fallback,145,95
BI,T1,0.9328859060402684,33.595360094581515,26.479639219074393,40.71108097008864,Raw follow-up score,Gaussian_GEE_fallback,145,95
BI,T1,0.9355704697986578,33.05565856245196,25.835391801889955,40.275925323013965,Raw follow-up score,Gaussian_GEE_fallback,145,95
BI,T1,0.938255033557047,32.515957030322426,25.18947207857546,39.842441982069396,Raw follow-up score,Gaussian_GEE_fallback,145,95
BI,T1,0.9409395973154362,31.976255498192888,24.541951728395585,39.410559267990195,Raw follow-up score,Gaussian_GEE_fallback,145,95
BI,T1,0.9436241610738255,31.436553966063336,23.89289938263896,38.98020854948771,Raw follow-up score,Gaussian_GEE_fallback,145,95
BI,T1,0.9463087248322148,30.896852433933777,23.242380698708264,38.55132416915929,Raw follow-up score,Gaussian_GEE_fallback,145,95
BI,T1,0.9489932885906041,30.357150901804243,22.59045844261273,38.12384336099576,Raw follow-up score,Gaussian_GEE_fallback,145,95
BI,T1,0.9516778523489933,29.81744936967471,21.937192577862152,37.69770616148726,Raw follow-up score,Gaussian_GEE_fallback,145,95
BI,T1,0.9543624161073826,29.277747837545153,21.282640359024114,37.27285531606619,Raw follow-up score,Gaussian_GEE_fallback,145,95
BI,T1,0.9570469798657718,28.738046305415615,20.62685642844642,36.849236182384814,Raw follow-up score,Gaussian_GEE_fallback,145,95
BI,T1,0.9597315436241611,28.19834477328606,19.96989291486569,36.42679663170643,Raw follow-up score,Gaussian_GEE_fallback,145,95
BI,T1,0.9624161073825503,27.65864324115653,19.311799532820718,36.00548694949234,Raw follow-up score,Gaussian_GEE_fallback,145,95
BI,T1,0.9651006711409396,27.11894170902699,18.65262368196363,35.58525973609035,Raw follow-up score,Gaussian_GEE_fallback,145,95
BI,T1,0.9677852348993289,26.579240176897436,17.992410545518894,35.16606980827598,Raw follow-up score,Gaussian_GEE_fallback,145,95
BI,T1,0.9704697986577182,26.039538644767877,17.331203187275868,34.747874102259885,Raw follow-up score,Gaussian_GEE_fallback,145,95
BI,T1,0.9731543624161074,25.499837112638346,16.669042646620355,34.33063157865634,Raw follow-up score,Gaussian_GEE_fallback,145,95
BI,T1,0.9758389261744966,24.96013558050881,16.005968031213964,33.914303129803656,Raw follow-up score,Gaussian_GEE_fallback,145,95
BI,T1,0.9785234899328858,24.420434048379278,15.342016607019513,33.49885148973904,Raw follow-up score,Gaussian_GEE_fallback,145,95
BI,T1,0.9812080536912752,23.88073251624972,14.677223885446187,33.08424114705325,Raw follow-up score,Gaussian_GEE_fallback,145,95
BI,T1,0.9838926174496645,23.341030984120163,14.011623707453843,32.67043826078648,Raw follow-up score,Gaussian_GEE_fallback,145,95
BI,T1,0.9865771812080537,22.80132945199063,13.34524832450958,32.25741057947168,Raw follow-up score,Gaussian_GEE_fallback,145,95
BI,T1,0.9892617449664429,22.261627919861095,12.678128476336223,31.845127363385966,Raw follow-up score,Gaussian_GEE_fallback,145,95
BI,T1,0.9919463087248322,21.72192638773154,12.010293465430092,31.433559310032987,Raw follow-up score,Gaussian_GEE_fallback,145,95
BI,T1,0.9946308724832216,21.182224855601984,11.341771228356608,31.02267848284736,Raw follow-up score,Gaussian_GEE_fallback,145,95
BI,T1,0.9973154362416108,20.642523323472446,10.672588403857706,30.612458243087186,Raw follow-up score,Gaussian_GEE_fallback,145,95
BI,T1,1.0,20.10282179134291,10.002770397825671,30.202873184860152,Raw follow-up score,Gaussian_GEE_fallback,145,95
BI,T2,0.6,98.3312788401031,76.88996942236315,119.77258825784304,Raw follow-up score,Gaussian_GEE_fallback,145,95
BI,T2,0.6026845637583892,97.98025467551906,76.75577575446158,119.20473359657655,Raw follow-up score,Gaussian_GEE_fallback,145,95
BI,T2,0.6053691275167785,97.62923051093502,76.62123994114245,118.63722108072758,Raw follow-up score,Gaussian_GEE_fallback,145,95
BI,T2,0.6080536912751677,97.27820634635098,76.4863512949732,118.07006139772876,Raw follow-up score,Gaussian_GEE_fallback,145,95
BI,T2,0.610738255033557,96.92718218176692,76.35109869725889,117.50326566627496,Raw follow-up score,Gaussian_GEE_fallback,145,95
BI,T2,0.6134228187919463,96.57615801718288,76.21547057711064,116.93684545725512,Raw follow-up score,Gaussian_GEE_fallback,145,95
BI,T2,0.6161073825503356,96.22513385259883,76.07945488935421,116.37081281584345,Raw follow-up score,Gaussian_GEE_fallback,145,95
BI,T2,0.6187919463087248,95.87410968801481,75.94303909120922,115.80518028482041,Raw follow-up score,Gaussian_GEE_fallback,145,95
BI,T2,0.621476510067114,95.52308552343078,75.8062101176645,115.23996092919705,Raw follow-up score,Gaussian_GEE_fallback,145,95
BI,T2,0.6241610738255033,95.17206135884673,75.66895435547153,114.67516836222194,Raw follow-up score,Gaussian_GEE_fallback,145,95
BI,T2,0.6268456375838926,94.82103719426269,75.53125761567169,114.11081677285368,Raw follow-up score,Gaussian_GEE_fallback,145,95
BI,T2,0.6295302013422819,94.47001302967864,75.39310510456983,113.54692095478745,Raw follow-up score,Gaussian_GEE_fallback,145,95
BI,T2,0.6322147651006711,94.1189888650946,75.25448139305962,112.98349633712957,Raw follow-up score,Gaussian_GEE_fallback,145,95
BI,T2,0.6348993288590604,93.76796470051055,75.11537038420224,112.42055901681886,Raw follow-up score,Gaussian_GEE_fallback,145,95
BI,T2,0.6375838926174496,93.41694053592653,74.9757552789529,111.85812579290015,Raw follow-up score,Gaussian_GEE_fallback,145,95
BI,T2,0.640268456375839,93.06591637134247,74.83561853992468,111.29621420276025,Raw follow-up score,Gaussian_GEE_fallback,145,95
BI,T2,0.6429530201342282,92.71489220675844,74.69494185307263,110.73484256044424,Raw follow-up score,Gaussian_GEE_fallback,145,95
BI,T2,0.6456375838926174,92.3638680421744,74.55370608717419,110.17402999717461,Raw follow-up score,Gaussian_GEE_fallback,145,95
BI,T2,0.6483221476510067,92.01284387759034,74.41189125097657,109.61379650420412,Raw follow-up score,Gaussian_GEE_fallback,145,95
BI,T2,0.6510067114093959,91.66181971300631,74.26947644787384,109.05416297813878,Raw follow-up score,Gaussian_GEE_fallback,145,95
BI,T2,0.6536912751677852,91.31079554842226,74.12643982797044,108.49515126887408,Raw follow-up score,Gaussian_GEE_fallback,145,95
BI,T2,0.6563758389261745,90.95977138383824,73.98275853738076,107.93678423029573,Raw follow-up score,Gaussian_GEE_fallback,145,95
BI,T2,0.6590604026845638,90.60874721925418,73.83840866460748,107.37908577390088,Raw follow-up score,Gaussian_GEE_fallback,145,95
BI,T2,0.661744966442953,90.25772305467015,73.69336518383534,106.82208092550496,Raw follow-up score,Gaussian_GEE_fallback,145,95
BI,T2,0.6644295302013423,89.90669889008609,73.54760189496943,106.26579588520275,Raw follow-up score,Gaussian_GEE_fallback,145,95
BI,T2,0.6671140939597315,89.55567472550206,73.40109136024273,105.71025809076139,Raw follow-up score,Gaussian_GEE_fallback,145,95
BI,T2,0.6697986577181207,89.20465056091803,73.25380483721038,105.15549628462567,Raw follow-up score,Gaussian_GEE_fallback,145,95
BI,T2,0.6724832214765101,88.853626396334,73.10571220794506,104.60154058472293,Raw follow-up score,Gaussian_GEE_fallback,145,95
BI,T2,0.6751677852348993,88.50260223174996,72.95678190424293,104.04842255925699,Raw follow-up score,Gaussian_GEE_fallback,145,95
BI,T2,0.6778523489932886,88.1515780671659,72.80698082864802,103.49617530568378,Raw follow-up score,Gaussian_GEE_fallback,145,95
BI,T2,0.6805369127516778,87.80055390258185,72.65627427110182,102.94483353406189,Raw follow-up score,Gaussian_GEE_fallback,145,95
BI,T2,0.683221476510067,87.44952973799782,72.50462582102594,102.3944336549697,Raw follow-up score,Gaussian_GEE_fallback,145,95
BI,T2,0.6859060402684564,87.09850557341377,72.35199727464988,101.84501387217767,Raw follow-up score,Gaussian_GEE_fallback,145,95
BI,T2,0.6885906040268457,86.74748140882973,72.19834853740286,101.29661428025659,Raw follow-up score,Gaussian_GEE_fallback,145,95
BI,T2,0.6912751677852349,86.39645724424571,72.04363752119876,100.74927696729266,Raw follow-up score,Gaussian_GEE_fallback,145,95
BI,T2,0.6939597315436241,86.04543307966166,71.88782003645882,100.2030461228645,Raw follow-up score,Gaussian_GEE_fallback,145,95
BI,T2,0.6966442953020134,85.69440891507762,71.73084967873748,99.65796815141775,Raw follow-up score,Gaussian_GEE_fallback,145,95
BI,T2,0.6993288590604027,85.34338475049357,71.57267770984302,99.11409179114412,Raw follow-up score,Gaussian_GEE_fallback,145,95
BI,T2,0.702013422818792,84.99236058590952,71.41325293337964,98.57146823843941,Raw follow-up score,Gaussian_GEE_fallback,145,95
BI,T2,0.7046979865771812,84.64133642132549,71.25252156468119,98.0301512779698,Raw follow-up score,Gaussian_GEE_fallback,145,95
BI,T2,0.7073825503355704,84.29031225674146,71.0904270951602,97.49019741832272,Raw follow-up score,Gaussian_GEE_fallback,145,95
BI,T2,0.7100671140939597,83.9392880921574,70.92691015116225,96.95166603315255,Raw follow-up score,Gaussian_GEE_fallback,145,95
BI,T2,0.7127516778523489,83.58826392757337,70.7619083474956,96.41461950765112,Raw follow-up score,Gaussian_GEE_fallback,145,95
BI,T2,0.7154362416107383,83.23723976298932,70.59535613590207,95.87912339007657,Raw follow-up score,Gaussian_GEE_fallback,145,95
BI,T2,0.7181208053691275,82.88621559840529,70.42718464885017,95.3452465479604,Raw follow-up score,Gaussian_GEE_fallback,145,95
BI,T2,0.7208053691275168,82.53519143382124,70.25732153916697,94.81306132847551,Raw follow-up score,Gaussian_GEE_fallback,145,95
BI,T2,0.723489932885906,82.18416726923721,70.08569081618438,94.28264372229003,Raw follow-up score,Gaussian_GEE_fallback,145,95
BI,T2,0.7261744966442953,81.83314310465315,69.91221267926184,93.75407353004445,Raw follow-up score,Gaussian_GEE_fallback,145,95
BI,T2,0.7288590604026846,81.48211894006913,69.73680334976262,93.22743453037563,Raw follow-up score,Gaussian_GEE_fallback,145,95
BI,T2,0.7315436241610738,81.13109477548508,69.55937490280824,92.70281464816192,Raw follow-up score,Gaussian_GEE_fallback,145,95
BI,T2,0.7342281879194631,80.78007061090103,69.37983510041961,92.18030612138246,Raw follow-up score,Gaussian_GEE_fallback,145,95
BI,T2,0.7369127516778523,80.429046446317,69.19808722797285,91.66000566466116,Raw follow-up score,Gaussian_GEE_fallback,145,95
BI,T2,0.7395973154362416,80.07802228173296,69.01402993625894,91.14201462720698,Raw follow-up score,Gaussian_GEE_fallback,145,95
BI,T2,0.7422818791946308,79.72699811714892,68.82755709183775,90.6264391424601,Raw follow-up score,Gaussian_GEE_fallback,145,95
BI,T2,0.7449664429530201,79.37597395256489,68.63855763881905,90.11339026631073,Raw follow-up score,Gaussian_GEE_fallback,145,95
BI,T2,0.7476510067114094,79.02494978798084,68.44691547568613,89.60298410027556,Raw follow-up score,Gaussian_GEE_fallback,145,95
BI,T2,0.7503355704697987,78.67392562339677,68.25250935129611,89.09534189549743,Raw follow-up score,Gaussian_GEE_fallback,145,95
BI,T2,0.7530201342281879,78.32290145881275,68.05521278474134,88.59059013288416,Raw follow-up score,Gaussian_GEE_fallback,145,95
BI,T2,0.7557046979865771,77.97187729422872,67.85489401432582,88.08886057413162,Raw follow-up score,Gaussian_GEE_fallback,145,95
BI,T2,0.7583892617449665,77.62085312964467,67.65141598149305,87.5902902777963,Raw follow-up score,Gaussian_GEE_fallback,145,95
BI,T2,0.7610738255033557,77.26982896506064,67.44463635610957,87.09502157401171,Raw follow-up score,Gaussian_GEE_fallback,145,95
BI,T2,0.763758389261745,76.91880480047658,67.23440761004917,86.60320199090398,Raw follow-up score,Gaussian_GEE_fallback,145,95
BI,T2,0.7664429530201342,76.56778063589255,67.02057714650047,86.11498412528462,Raw follow-up score,Gaussian_GEE_fallback,145,95
BI,T2,0.7691275167785234,76.21675647130851,66.80298749280196,85.63052544981507,Raw follow-up score,Gaussian_GEE_fallback,145,95
BI,T2,0.7718120805369127,75.86573230672447,66.58147656485399,85.14998804859495,Raw follow-up score,Gaussian_GEE_fallback,145,95
BI,T2,0.7744966442953021,75.51470814214042,66.35587801121497,84.67353827306587,Raw follow-up score,Gaussian_GEE_fallback,145,95
BI,T2,0.7771812080536913,75.16368397755637,66.12602164480842,84.20134631030433,Raw follow-up score,Gaussian_GEE_fallback,145,95
BI,T2,0.7798657718120805,74.81265981297236,65.891733969691,83.73358565625371,Raw follow-up score,Gaussian_GEE_fallback,145,95
BI,T2,0.7825503355704698,74.4616356483883,65.65283880949997,83.27043248727662,Raw follow-up score,Gaussian_GEE_fallback,145,95
BI,T2,0.785234899328859,74.11061148380426,65.40915804295753,82.812064924651,Raw follow-up score,Gaussian_GEE_fallback,145,95
BI,T2,0.7879194630872484,73.75958731922022,65.16051245010969,82.35866218833074,Raw follow-up score,Gaussian_GEE_fallback,145,95
BI,T2,0.7906040268456376,73.40856315463617,64.90672267078543,81.91040363848691,Raw follow-up score,Gaussian_GEE_fallback,145,95
BI,T2,0.7932885906040268,73.05753899005214,64.64761027406121,81.46746770604307,Raw follow-up score,Gaussian_GEE_fallback,145,95
BI,T2,0.7959731543624161,72.70651482546809,64.3829989343206,81.03003071661558,Raw follow-up score,Gaussian_GEE_fallback,145,95
BI,T2,0.7986577181208054,72.35549066088404,64.11271570585518,80.59826561591291,Raw follow-up score,Gaussian_GEE_fallback,145,95
BI,T2,0.8013422818791947,72.00446649630001,63.83659238394692,80.1723406086531,Raw follow-up score,Gaussian_GEE_fallback,145,95
BI,T2,0.8040268456375839,71.65344233171598,63.55446693613817,79.75241772729379,Raw follow-up score,Gaussian_GEE_fallback,145,95
BI,T2,0.8067114093959732,71.30241816713193,63.26618498310647,79.3386513511574,Raw follow-up score,Gaussian_GEE_fallback,145,95
BI,T2,0.8093959731543624,70.95139400254789,62.97160130443725,78.93118670065851,Raw follow-up score,Gaussian_GEE_fallback,145,95
BI,T2,0.8120805369127517,70.60036983796384,62.67058134087655,78.53015833505113,Raw follow-up score,Gaussian_GEE_fallback,145,95
BI,T2,0.8147651006711409,70.2493456733798,62.3630026616166,78.13568868514301,Raw follow-up score,Gaussian_GEE_fallback,145,95
BI,T2,0.8174496644295302,69.89832150879577,62.04875636308451,77.74788665450704,Raw follow-up score,Gaussian_GEE_fallback,145,95
BI,T2,0.8201342281879195,69.54729734421173,61.72774836480925,77.36684632361421,Raw follow-up score,Gaussian_GEE_fallback,145,95
BI,T2,0.8228187919463087,69.1962731796277,61.39990056842485,76.99264579083054,Raw follow-up score,Gaussian_GEE_fallback,145,95
BI,T2,0.825503355704698,68.84524901504363,61.06515184784297,76.6253461822443,Raw follow-up score,Gaussian_GEE_fallback,145,95
BI,T2,0.8281879194630872,68.4942248504596,60.72345884211885,76.26499085880036,Raw follow-up score,Gaussian_GEE_fallback,145,95
BI,T2,0.8308724832214764,68.14320068587557,60.37479652745186,75.91160484429928,Raw follow-up score,Gaussian_GEE_fallback,145,95
BI,T2,0.8335570469798658,67.79217652129152,60.01915855091633,75.56519449166672,Raw follow-up score,Gaussian_GEE_fallback,145,95
BI,T2,0.8362416107382551,67.44115235670748,59.65655731561079,75.22574739780416,Raw follow-up score,Gaussian_GEE_fallback,145,95
BI,T2,0.8389261744966443,67.09012819212344,59.28702381457672,74.89323256967016,Raw follow-up score,Gaussian_GEE_fallback,145,95
BI,T2,0.8416107382550335,66.73910402753941,58.91060721864686,74.56760083643196,Raw follow-up score,Gaussian_GEE_fallback,145,95
BI,T2,0.8442953020134228,66.38807986295535,58.527374230906574,74.24878549500413,Raw follow-up score,Gaussian_GEE_fallback,145,95
BI,T2,0.8469798657718121,66.03705569837132,58.13740822727894,73.9367031694637,Raw follow-up score,Gaussian_GEE_fallback,145,95
BI,T2,0.8496644295302014,65.68603153378727,57.74080820852577,73.63125485904877,Raw follow-up score,Gaussian_GEE_fallback,145,95
BI,T2,0.8523489932885906,65.33500736920323,57.33768759343128,73.33232714497517,Raw follow-up score,Gaussian_GEE_fallback,145,95
BI,T2,0.8550335570469798,64.9839832046192,56.928172885938835,73.03979352329955,Raw follow-up score,Gaussian_GEE_fallback,145,95
BI,T2,0.8577181208053691,64.63295904003515,56.51240225049841,72.75351582957188,Raw follow-up score,Gaussian_GEE_fallback,145,95
BI,T2,0.8604026845637585,64.2819348754511,56.090524029903435,72.47334572099876,Raw follow-up score,Gaussian_GEE_fallback,145,95
BI,T2,0.8630872483221477,63.93091071086707,55.66269523859309,72.19912618314105,Raw follow-up score,Gaussian_GEE_fallback,145,95
BI,T2,0.8657718120805369,63.579886546283035,55.229080061980085,71.93069303058599,Raw follow-up score,Gaussian_GEE_fallback,145,95
BI,T2,0.8684563758389262,63.22886238169899,54.78984838908516,71.66787637431281,Raw follow-up score,Gaussian_GEE_fallback,145,95
BI,T2,0.8711409395973154,62.87783821711495,54.34517440188596,71.41050203234394,Raw follow-up score,Gaussian_GEE_fallback,145,95
BI,T2,0.8738255033557047,62.5268140525309,53.89523524058493,71.15839286447687,Raw follow-up score,Gaussian_GEE_fallback,145,95
BI,T2,0.876510067114094,62.17578988794686,53.44020975970801,70.91137001618571,Raw follow-up score,Gaussian_GEE_fallback,145,95
BI,T2,0.8791946308724832,61.82476572336283,52.980277385767565,70.6692540609581,Raw follow-up score,Gaussian_GEE_fallback,145,95
BI,T2,0.8818791946308725,61.47374155877878,52.51561708332264,70.43186603423491,Raw follow-up score,Gaussian_GEE_fallback,145,95
BI,T2,0.8845637583892618,61.12271739419473,52.046406432763085,70.19902835562637,Raw follow-up score,Gaussian_GEE_fallback,145,95
BI,T2,0.887248322147651,60.77169322961069,51.572820820104596,69.97056563911678,Raw follow-up score,Gaussian_GEE_fallback,145,95
BI,T2,0.8899328859060402,60.42066906502666,51.09503273654638,69.74630539350693,Raw follow-up score,Gaussian_GEE_fallback,145,95
BI,T2,0.8926174496644295,60.069644900442626,50.61321118351212,69.52607861737313,Raw follow-up score,Gaussian_GEE_fallback,145,95
BI,T2,0.8953020134228188,59.71862073585858,50.127521177348115,69.30972029436904,Raw follow-up score,Gaussian_GEE_fallback,145,95
BI,T2,0.8979865771812081,59.36759657127453,49.63812334674951,69.09706979579956,Raw follow-up score,Gaussian_GEE_fallback,145,95
BI,T2,0.9006711409395973,59.01657240669049,49.14517361527449,68.8879711981065,Raw follow-up score,Gaussian_GEE_fallback,145,95
BI,T2,0.9033557046979865,58.66554824210646,48.64882296093199,68.68227352328094,Raw follow-up score,Gaussian_GEE_fallback,145,95
BI,T2,0.9060402684563759,58.314524077522414,48.14921724473076,68.47983091031408,Raw follow-up score,Gaussian_GEE_fallback,145,95
BI,T2,0.9087248322147652,57.96349991293836,47.6464971002019,68.28050272567482,Raw follow-up score,Gaussian_GEE_fallback,145,95
BI,T2,0.9114093959731544,57.61247574835432,47.14079787620061,68.08415362050803,Raw follow-up score,Gaussian_GEE_fallback,145,95
BI,T2,0.9140939597315436,57.261451583770295,46.632249625710344,67.89065354183025,Raw follow-up score,Gaussian_GEE_fallback,145,95
BI,T2,0.9167785234899328,56.91042741918625,46.12097713387385,67.69987770449865,Raw follow-up score,Gaussian_GEE_fallback,145,95
BI,T2,0.9194630872483222,56.5594032546022,45.60709997902767,67.51170653017672,Raw follow-up score,Gaussian_GEE_fallback,145,95
BI,T2,0.9221476510067115,56.208379090018155,45.090732621092116,67.3260255589442,Raw follow-up score,Gaussian_GEE_fallback,145,95
BI,T2,0.9248322147651007,55.85735492543412,44.57198451224799,67.14272533862027,Raw follow-up score,Gaussian_GEE_fallback,145,95
BI,T2,0.9275167785234899,55.50633076085009,44.050960225396395,66.96170129630379,Raw follow-up score,Gaussian_GEE_fallback,145,95
BI,T2,0.9302013422818792,55.155306596266044,43.527759596438656,66.78285359609343,Raw follow-up score,Gaussian_GEE_fallback,145,95
BI,T2,0.9328859060402684,54.804282431682005,43.00247787692092,66.60608698644309,Raw follow-up score,Gaussian_GEE_fallback,145,95
BI,T2,0.9355704697986578,54.45325826709796,42.47520589405774,66.43131064013818,Raw follow-up score,Gaussian_GEE_fallback,145,95
BI,T2,0.938255033557047,54.10223410251392,41.94603021557867,66.25843798944916,Raw follow-up score,Gaussian_GEE_fallback,145,95
BI,T2,0.9409395973154362,53.751209937929886,41.415033317229486,66.08738655863029,Raw follow-up score,Gaussian_GEE_fallback,145,95
BI,T2,0.9436241610738255,53.40018577334584,40.88229375110738,65.9180777955843,Raw follow-up score,Gaussian_GEE_fallback,145,95
BI,T2,0.9463087248322148,53.049161608761786,40.34788631331773,65.75043690420584,Raw follow-up score,Gaussian_GEE_fallback,145,95
BI,T2,0.9489932885906041,52.69813744417775,39.81188220971091,65.5843926786446,Raw follow-up score,Gaussian_GEE_fallback,145,95
BI,T2,0.9516778523489933,52.347113279593714,39.27434921869515,65.41987734049228,Raw follow-up score,Gaussian_GEE_fallback,145,95
BI,T2,0.9543624161073826,51.99608911500967,38.73535185032681,65.25682637969253,Raw follow-up score,Gaussian_GEE_fallback,145,95
BI,T2,0.9570469798657718,51.645064950425635,38.19495150105628,65.09517839979499,Raw follow-up score,Gaussian_GEE_fallback,145,95
BI,T2,0.9597315436241611,51.29404078584159,37.65320660365923,64.93487496802395,Raw follow-up score,Gaussian_GEE_fallback,145,95
BI,T2,0.9624161073825503,50.943016621257556,37.11017277201191,64.7758604705032,Raw follow-up score,Gaussian_GEE_fallback,145,95
BI,T2,0.9651006711409396,50.591992456673516,36.56590294047686,64.61808197287017,Raw follow-up score,Gaussian_GEE_fallback,145,95
BI,T2,0.9677852348993289,50.24096829208946,36.020447497757026,64.4614890864219,Raw follow-up score,Gaussian_GEE_fallback,145,95
BI,T2,0.9704697986577182,49.889944127505416,35.473854415150996,64.30603383985984,Raw follow-up score,Gaussian_GEE_fallback,145,95
BI,T2,0.9731543624161074,49.53891996292138,34.92616936920389,64.15167055663888,Raw follow-up score,Gaussian_GEE_fallback,145,95
BI,T2,0.9758389261744966,49.18789579833735,34.37743585879931,63.99835573787539,Raw follow-up score,Gaussian_GEE_fallback,145,95
BI,T2,0.9785234899328858,48.83687163375332,33.82769531677771,63.84604795072893,Raw follow-up score,Gaussian_GEE_fallback,145,95
BI,T2,0.9812080536912752,48.48584746916926,33.27698721619853,63.69470772213999,Raw follow-up score,Gaussian_GEE_fallback,145,95
BI,T2,0.9838926174496645,48.13482330458521,32.72534917138863,63.54429743778179,Raw follow-up score,Gaussian_GEE_fallback,145,95
BI,T2,0.9865771812080537,47.78379914000118,32.172817033937314,63.394781246065044,Raw follow-up score,Gaussian_GEE_fallback,145,95
BI,T2,0.9892617449664429,47.432774975417146,31.619424983812955,63.24612496702134,Raw follow-up score,Gaussian_GEE_fallback,145,95
BI,T2,0.9919463087248322,47.0817508108331,31.06520561578492,63.09829600588128,Raw follow-up score,Gaussian_GEE_fallback,145,95
BI,T2,0.9946308724832216,46.73072664624905,30.51019002134037,62.951263271157735,Raw follow-up score,Gaussian_GEE_fallback,145,95
BI,T2,0.9973154362416108,46.379702481665014,29.954407866288484,62.80499709704154,Raw follow-up score,Gaussian_GEE_fallback,145,95
BI,T2,1.0,46.028678317080974,29.39788746424536,62.65946916991659,Raw follow-up score,Gaussian_GEE_fallback,145,95
NIHSS,T1,0.0,-0.03481935964752392,-1.4304869498506578,1.36084823055561,Raw follow-up score,Gaussian_GEE_fallback,135,94
NIHSS,T1,0.003835091083413231,0.07541821836757734,-1.300428579366077,1.4512650161012317,Raw follow-up score,Gaussian_GEE_fallback,135,94
NIHSS,T1,0.007670182166826462,0.18565579638267948,-1.1704340561009294,1.5417456488662884,Raw follow-up score,Gaussian_GEE_fallback,135,94
NIHSS,T1,0.011505273250239693,0.29589337439778074,-1.040506211754737,1.6322929605502985,Raw follow-up score,Gaussian_GEE_fallback,135,94
NIHSS,T1,0.015340364333652923,0.406130952412882,-0.9106480375519348,1.7229099423776988,Raw follow-up score,Gaussian_GEE_fallback,135,94
NIHSS,T1,0.019175455417066153,0.516368530427985,-0.7808626947749251,1.8135997556308951,Raw follow-up score,Gaussian_GEE_fallback,135,94
NIHSS,T1,0.023010546500479387,0.6266061084430863,-0.6511535260557746,1.9043657429419472,Raw follow-up score,Gaussian_GEE_fallback,135,94
NIHSS,T1,0.026845637583892617,0.7368436864581875,-0.52152406748039,1.9952114403967651,Raw follow-up score,Gaussian_GEE_fallback,135,94
NIHSS,T1,0.030680728667305847,0.8470812644732897,-0.39197806156187487,2.086140590508454,Raw follow-up score,Gaussian_GEE_fallback,135,94
NIHSS,T1,0.03451581975071908,0.9573188424883909,-0.2625194711423746,2.1771571561191565,Raw follow-up score,Gaussian_GEE_fallback,135,94
NIHSS,T1,0.03835091083413231,1.067556420503493,-0.13315249428515075,2.2682653352921367,Raw follow-up score,Gaussian_GEE_fallback,135,94
NIHSS,T1,0.04218600191754554,1.1777939985185943,-0.003881580220694847,2.3594695772578835,Raw follow-up score,Gaussian_GEE_fallback,135,94
NIHSS,T1,0.046021093000958774,1.2880315765336965,0.12528855358783386,2.4507745994795593,Raw follow-up score,Gaussian_GEE_fallback,135,94
NIHSS,T1,0.049856184084372,1.3982691545487977,0.2543529031937126,2.542185405903883,Raw follow-up score,Gaussian_GEE_fallback,135,94
NIHSS,T1,0.053691275167785234,1.5085067325638999,0.38330615866438555,2.633707306463414,Raw follow-up score,Gaussian_GEE_fallback,135,94
NIHSS,T1,0.05752636625119846,1.6187443105790003,0.5121426832632525,2.725345937894748,Raw follow-up score,Gaussian_GEE_fallback,135,94
NIHSS,T1,0.061361457334611694,1.7289818885941024,0.6408564912540422,2.8171072859341626,Raw follow-up score,Gaussian_GEE_fallback,135,94
NIHSS,T1,0.06519654841802493,1.8392194666092045,0.7694412242712867,2.9089977089471226,Raw follow-up score,Gaussian_GEE_fallback,135,94
NIHSS,T1,0.06903163950143816,1.9494570446243058,0.8978901262081338,3.0010239630404776,Raw follow-up score,Gaussian_GEE_fallback,135,94
NIHSS,T1,0.07286673058485138,2.059694622639408,1.0261960165835013,3.0931932286953145,Raw follow-up score,Gaussian_GEE_fallback,135,94
NIHSS,T1,0.07670182166826461,2.169932200654509,1.1543512623653651,3.1855131389436533,Raw follow-up score,Gaussian_GEE_fallback,135,94
NIHSS,T1,0.08053691275167785,2.2801697786696113,1.2823477482465742,3.2779918090926485,Raw follow-up score,Gaussian_GEE_fallback,135,94
NIHSS,T1,0.08437200383509108,2.3904073566847135,1.410176845394953,3.370637867974474,Raw follow-up score,Gaussian_GEE_fallback,135,94
NIHSS,T1,0.08820709491850431,2.5006449346998147,1.5378293787319253,3.4634604906677042,Raw follow-up score,Gaussian_GEE_fallback,135,94
NIHSS,T1,0.09204218600191755,2.610882512714917,1.6652955928346418,3.556469432595192,Raw follow-up score,Gaussian_GEE_fallback,135,94
NIHSS,T1,0.09587727708533077,2.721120090730018,1.7925651166072614,3.649675064852775,Raw follow-up score,Gaussian_GEE_fallback,135,94
NIHSS,T1,0.099712368168744,2.83135766874512,1.9196269269292587,3.743088410560981,Raw follow-up score,Gaussian_GEE_fallback,135,94
NIHSS,T1,0.10354745925215723,2.941595246760222,2.04646931156416,3.836721181956284,Raw follow-up score,Gaussian_GEE_fallback,135,94
NIHSS,T1,0.10738255033557047,3.0518328247753232,2.173079831702931,3.9305858178477155,Raw follow-up score,Gaussian_GEE_fallback,135,94
NIHSS,T1,0.1112176414189837,3.162070402790425,2.299445284624203,4.024695520956647,Raw follow-up score,Gaussian_GEE_fallback,135,94
NIHSS,T1,0.11505273250239692,3.272307980805526,2.425551667080362,4.11906429453069,Raw follow-up score,Gaussian_GEE_fallback,135,94
NIHSS,T1,0.11888782358581015,3.382545558820628,2.55138414016592,4.213706977475336,Raw follow-up score,Gaussian_GEE_fallback,135,94
NIHSS,T1,0.12272291466922339,3.49278313683573,2.676926996593271,4.308639277078189,Raw follow-up score,Gaussian_GEE_fallback,135,94
NIHSS,T1,0.12655800575263662,3.6030207148508318,2.8021636314913363,4.403877798210328,Raw follow-up score,Gaussian_GEE_fallback,135,94
NIHSS,T1,0.13039309683604985,3.7132582928659335,2.9270765180534086,4.499440067678458,Raw follow-up score,Gaussian_GEE_fallback,135,94
NIHSS,T1,0.1342281879194631,3.823495870881035,3.0516471895890334,4.595344552173037,Raw follow-up score,Gaussian_GEE_fallback,135,94
NIHSS,T1,0.13806327900287632,3.933733448896137,3.1758562297758015,4.691610668016472,Raw follow-up score,Gaussian_GEE_fallback,135,94
NIHSS,T1,0.14189837008628955,4.0439710269112386,3.299683273152331,4.788258780670146,Raw follow-up score,Gaussian_GEE_fallback,135,94
NIHSS,T1,0.14573346116970276,4.15420860492634,3.4231070181315033,4.885310191721176,Raw follow-up score,Gaussian_GEE_fallback,135,94
NIHSS,T1,0.149568552253116,4.264446182941441,3.5461052550270473,4.982787110855835,Raw follow-up score,Gaussian_GEE_fallback,135,94
NIHSS,T1,0.15340364333652923,4.374683760956543,3.668654911755297,5.080712610157789,Raw follow-up score,Gaussian_GEE_fallback,135,94
NIHSS,T1,0.15723873441994246,4.484921338971645,3.7907321199711648,5.179110557972126,Raw follow-up score,Gaussian_GEE_fallback,135,94
NIHSS,T1,0.1610738255033557,4.5951589169867475,3.9123123043912855,5.2780055295822095,Raw follow-up score,Gaussian_GEE_fallback,135,94
NIHSS,T1,0.16490891658676893,4.705396495001849,4.033370297912602,5.377422692091096,Raw follow-up score,Gaussian_GEE_fallback,135,94
NIHSS,T1,0.16874400767018216,4.81563407301695,4.153880484813673,5.477387661220227,Raw follow-up score,Gaussian_GEE_fallback,135,94
NIHSS,T1,0.1725790987535954,4.925871651032052,4.273816973792385,5.57792632827172,Raw follow-up score,Gaussian_GEE_fallback,135,94
NIHSS,T1,0.17641418983700863,5.036109229047154,4.393153801816867,5.679064656277442,Raw follow-up score,Gaussian_GEE_fallback,135,94
NIHSS,T1,0.18024928092042186,5.146346807062256,4.511865168727329,5.780828445397182,Raw follow-up score,Gaussian_GEE_fallback,135,94
NIHSS,T1,0.1840843720038351,5.256584385077358,4.629925701224654,5.883243068930061,Raw follow-up score,Gaussian_GEE_fallback,135,94
NIHSS,T1,0.1879194630872483,5.366821963092458,4.747310743342266,5.9863331828426505,Raw follow-up score,Gaussian_GEE_fallback,135,94
NIHSS,T1,0.19175455417066153,5.47705954110756,4.863996668777749,6.0901224134373715,Raw follow-up score,Gaussian_GEE_fallback,135,94
NIHSS,T1,0.19558964525407477,5.5872971191226615,4.979961208652415,6.194633029592908,Raw follow-up score,Gaussian_GEE_fallback,135,94
NIHSS,T1,0.199424736337488,5.697534697137764,5.095183786497872,6.2998856077776555,Raw follow-up score,Gaussian_GEE_fallback,135,94
NIHSS,T1,0.20325982742090123,5.807772275152866,5.2096458506946,6.405898699611131,Raw follow-up score,Gaussian_GEE_fallback,135,94
NIHSS,T1,0.20709491850431447,5.918009853167967,5.323331193380777,6.512688512955157,Raw follow-up score,Gaussian_GEE_fallback,135,94
NIHSS,T1,0.2109300095877277,6.028247431183069,5.436226244178847,6.620268618187291,Raw follow-up score,Gaussian_GEE_fallback,135,94
NIHSS,T1,0.21476510067114093,6.13848500919817,5.548320327094925,6.728649691301416,Raw follow-up score,Gaussian_GEE_fallback,135,94
NIHSS,T1,0.21860019175455417,6.248722587213273,5.659605869722841,6.837839304703704,Raw follow-up score,Gaussian_GEE_fallback,135,94
NIHSS,T1,0.2224352828379674,6.358960165228374,5.770078555449367,6.94784177500738,Raw follow-up score,Gaussian_GEE_fallback,135,94
NIHSS,T1,0.2262703739213806,6.469197743243475,5.8797374116437435,7.058658074843207,Raw follow-up score,Gaussian_GEE_fallback,135,94
NIHSS,T1,0.23010546500479384,6.579435321258577,5.988584829672122,7.170285812845033,Raw follow-up score,Gaussian_GEE_fallback,135,94
NIHSS,T1,0.23394055608820707,6.6896728992736785,6.096626515783496,7.282719282763861,Raw follow-up score,Gaussian_GEE_fallback,135,94
NIHSS,T1,0.2377756471716203,6.799910477288781,6.203871375200543,7.395949579377018,Raw follow-up score,Gaussian_GEE_fallback,135,94
NIHSS,T1,0.24161073825503354,6.910148055303882,6.310331334838323,7.509964775769441,Raw follow-up score,Gaussian_GEE_fallback,135,94
NIHSS,T1,0.24544582933844677,7.020385633318984,6.416021112713661,7.624750153924307,Raw follow-up score,Gaussian_GEE_fallback,135,94
NIHSS,T1,0.24928092042186,7.130623211334086,6.520957944103383,7.740288478564789,Raw follow-up score,Gaussian_GEE_fallback,135,94
NIHSS,T1,0.25311601150527324,7.240860789349187,6.625161275744536,7.856560302953839,Raw follow-up score,Gaussian_GEE_fallback,135,94
NIHSS,T1,0.2569511025886865,7.35109836736429,6.728652439814704,7.973544294913875,Raw follow-up score,Gaussian_GEE_fallback,135,94
NIHSS,T1,0.2607861936720997,7.461335945379391,6.831454319137078,8.091217571621703,Raw follow-up score,Gaussian_GEE_fallback,135,94
NIHSS,T1,0.26462128475551294,7.571573523394493,6.933591014138325,8.209556032650662,Raw follow-up score,Gaussian_GEE_fallback,135,94
NIHSS,T1,0.2684563758389262,7.681811101409595,7.035087520704152,8.32853468211504,Raw follow-up score,Gaussian_GEE_fallback,135,94
NIHSS,T1,0.2722914669223394,7.792048679424696,7.13596942640058,8.448127932448813,Raw follow-up score,Gaussian_GEE_fallback,135,94
NIHSS,T1,0.27612655800575264,7.902286257439798,7.236262630725674,8.568309884153921,Raw follow-up score,Gaussian_GEE_fallback,135,94
NIHSS,T1,0.2799616490891659,8.0125238354549,7.335993093271869,8.68905457763793,Raw follow-up score,Gaussian_GEE_fallback,135,94
NIHSS,T1,0.2837967401725791,8.122761413470002,7.435186612026151,8.810336214913853,Raw follow-up score,Gaussian_GEE_fallback,135,94
NIHSS,T1,0.2876318312559923,8.232998991485102,7.533868632591344,8.932129350378862,Raw follow-up score,Gaussian_GEE_fallback,135,94
NIHSS,T1,0.2914669223394055,8.343236569500203,7.6320640879193835,9.054409051081022,Raw follow-up score,Gaussian_GEE_fallback,135,94
NIHSS,T1,0.29530201342281875,8.453474147515305,7.729797267220471,9.177151027810138,Raw follow-up score,Gaussian_GEE_fallback,135,94
NIHSS,T1,0.299137104506232,8.563711725530407,7.827091712040925,9.300331739019889,Raw follow-up score,Gaussian_GEE_fallback,135,94
NIHSS,T1,0.3029721955896452,8.673949303545509,7.923970137063024,9.423928470027993,Raw follow-up score,Gaussian_GEE_fallback,135,94
NIHSS,T1,0.30680728667305845,8.784186881560611,8.02045437293811,9.547919390183113,Raw follow-up score,Gaussian_GEE_fallback,135,94
NIHSS,T1,0.3106423777564717,8.894424459575713,8.116565328382658,9.67228359076877,Raw follow-up score,Gaussian_GEE_fallback,135,94
NIHSS,T1,0.3144774688398849,9.004662037590814,8.212322968808673,9.797001106372955,Raw follow-up score,Gaussian_GEE_fallback,135,94
NIHSS,T1,0.31831255992329816,9.114899615605916,8.307746308890753,9.922052922321079,Raw follow-up score,Gaussian_GEE_fallback,135,94
NIHSS,T1,0.3221476510067114,9.225137193621018,8.402853416662944,10.047420970579092,Raw follow-up score,Gaussian_GEE_fallback,135,94
NIHSS,T1,0.3259827420901246,9.33537477163612,8.497661426964935,10.173088116307305,Raw follow-up score,Gaussian_GEE_fallback,135,94
NIHSS,T1,0.32981783317353786,9.44561234965122,8.592186562299753,10.299038137002688,Raw follow-up score,Gaussian_GEE_fallback,135,94
NIHSS,T1,0.3336529242569511,9.555849927666323,8.686444159410039,10.425255695922607,Raw follow-up score,Gaussian_GEE_fallback,135,94
NIHSS,T1,0.3374880153403643,9.666087505681425,8.78044870011639,10.55172631124646,Raw follow-up score,Gaussian_GEE_fallback,135,94
NIHSS,T1,0.34132310642377756,9.776325083696527,8.874213845182913,10.67843632221014,Raw follow-up score,Gaussian_GEE_fallback,135,94
NIHSS,T1,0.3451581975071908,9.88656266171163,8.967752470177487,10.805372853245771,Raw follow-up score,Gaussian_GEE_fallback,135,94
NIHSS,T1,0.348993288590604,9.996800239726731,9.061076702475484,10.932523776977979,Raw follow-up score,Gaussian_GEE_fallback,135,94
NIHSS,T1,0.35282837967401726,10.107037817741832,9.154197958715404,11.05987767676826,Raw follow-up score,Gaussian_GEE_fallback,135,94
NIHSS,T1,0.3566634707574305,10.217275395756934,9.247126982153345,11.187423809360522,Raw follow-up score,Gaussian_GEE_fallback,135,94
NIHSS,T1,0.3604985618408437,10.327512973772036,9.339873879481942,11.31515206806213,Raw follow-up score,Gaussian_GEE_fallback,135,94
NIHSS,T1,0.36433365292425696,10.437750551787136,9.432448156779898,11.443052946794374,Raw follow-up score,Gaussian_GEE_fallback,135,94
NIHSS,T1,0.3681687440076702,10.547988129802238,9.524858754342342,11.571117505262135,Raw follow-up score,Gaussian_GEE_fallback,135,94
NIHSS,T1,0.37200383509108337,10.658225707817339,9.617114080211937,11.69933733542274,Raw follow-up score,Gaussian_GEE_fallback,135,94
NIHSS,T1,0.3758389261744966,10.768463285832441,9.709222042287838,11.827704529377044,Raw follow-up score,Gaussian_GEE_fallback,135,94
NIHSS,T1,0.37967401725790983,10.878700863847543,9.801190078935761,11.956211648759325,Raw follow-up score,Gaussian_GEE_fallback,135,94
NIHSS,T1,0.38350910834132307,10.988938441862643,9.893025188059667,12.08485169566562,Raw follow-up score,Gaussian_GEE_fallback,135,94
NIHSS,T1,0.3873441994247363,11.099176019877746,9.984733954624737,12.213618085130754,Raw follow-up score,Gaussian_GEE_fallback,135,94
NIHSS,T1,0.39117929050814954,11.209413597892848,10.076322576644205,12.34250461914149,Raw follow-up score,Gaussian_GEE_fallback,135,94
NIHSS,T1,0.39501438159156277,11.31965117590795,10.167796889660018,12.471505462155882,Raw follow-up score,Gaussian_GEE_fallback,135,94
NIHSS,T1,0.398849472674976,11.429888753923052,10.259162389760311,12.600615118085793,Raw follow-up score,Gaussian_GEE_fallback,135,94
NIHSS,T1,0.40268456375838924,11.540126331938154,10.350424255186068,12.72982840869024,Raw follow-up score,Gaussian_GEE_fallback,135,94
NIHSS,T1,0.40651965484180247,11.650363909953255,10.441587366585837,12.859140453320672,Raw follow-up score,Gaussian_GEE_fallback,135,94
NIHSS,T1,0.4103547459252157,11.760601487968357,10.532656325981522,12.988546649955191,Raw follow-up score,Gaussian_GEE_fallback,135,94
NIHSS,T1,0.41418983700862894,11.870839065983459,10.623635474510516,13.118042657456401,Raw follow-up score,Gaussian_GEE_fallback,135,94
NIHSS,T1,0.41802492809204217,11.98107664399856,10.714528909010383,13.247624378986735,Raw follow-up score,Gaussian_GEE_fallback,135,94
NIHSS,T1,0.4218600191754554,12.091314222013661,10.805340497511917,13.377287946515406,Raw follow-up score,Gaussian_GEE_fallback,135,94
NIHSS,T1,0.42569511025886864,12.201551800028763,10.896073893705324,13.507029706352203,Raw follow-up score,Gaussian_GEE_fallback,135,94
NIHSS,T1,0.42953020134228187,12.311789378043866,10.986732550442529,13.636846205645202,Raw follow-up score,Gaussian_GEE_fallback,135,94
NIHSS,T1,0.4333652924256951,12.422026956058968,11.077319732336369,13.766734179781567,Raw follow-up score,Gaussian_GEE_fallback,135,94
NIHSS,T1,0.43720038350910834,12.53226453407407,11.167838527514864,13.896690540633276,Raw follow-up score,Gaussian_GEE_fallback,135,94
NIHSS,T1,0.44103547459252157,12.64250211208917,11.258291858586112,14.026712365592228,Raw follow-up score,Gaussian_GEE_fallback,135,94
NIHSS,T1,0.4448705656759348,12.752739690104274,11.348682492866413,14.156796887342136,Raw follow-up score,Gaussian_GEE_fallback,135,94
NIHSS,T1,0.44870565675934804,12.862977268119375,11.439013051921362,14.286941484317387,Raw follow-up score,Gaussian_GEE_fallback,135,94
NIHSS,T1,0.4525407478427612,12.973214846134475,11.529286020466834,14.417143671802116,Raw follow-up score,Gaussian_GEE_fallback,135,94
NIHSS,T1,0.45637583892617445,13.083452424149577,11.61950375467377,14.547401093625384,Raw follow-up score,Gaussian_GEE_fallback,135,94
NIHSS,T1,0.4602109300095877,13.193690002164677,11.709668489918114,14.677711514411241,Raw follow-up score,Gaussian_GEE_fallback,135,94
NIHSS,T1,0.4640460210930009,13.303927580179781,11.799782348014446,14.808072812345117,Raw follow-up score,Gaussian_GEE_fallback,135,94
NIHSS,T1,0.46788111217641415,13.414165158194882,11.889847343969326,14.938482972420438,Raw follow-up score,Gaussian_GEE_fallback,135,94
NIHSS,T1,0.4717162032598274,13.524402736209982,11.979865392287996,15.068940080131968,Raw follow-up score,Gaussian_GEE_fallback,135,94
NIHSS,T1,0.4755512943432406,13.634640314225084,12.069838312865702,15.199442315584466,Raw follow-up score,Gaussian_GEE_fallback,135,94
NIHSS,T1,0.47938638542665385,13.744877892240186,12.159767836492758,15.329987947987615,Raw follow-up score,Gaussian_GEE_fallback,135,94
NIHSS,T1,0.4832214765100671,13.855115470255289,12.249655610000465,15.460575330510112,Raw follow-up score,Gaussian_GEE_fallback,135,94
NIHSS,T1,0.4870565675934803,13.96535304827039,12.339503201072995,15.591202895467786,Raw follow-up score,Gaussian_GEE_fallback,135,94
NIHSS,T1,0.49089165867689355,14.075590626285493,12.429312102748636,15.72186914982235,Raw follow-up score,Gaussian_GEE_fallback,135,94
NIHSS,T1,0.4947267497603068,14.185828204300595,12.519083737632075,15.852572670969115,Raw follow-up score,Gaussian_GEE_fallback,135,94
NIHSS,T1,0.49856184084372,14.296065782315695,12.608819461837827,15.983312102793564,Raw follow-up score,Gaussian_GEE_fallback,135,94
NIHSS,T1,0.5023969319271332,14.406303360330796,12.698520568683502,16.11408615197809,Raw follow-up score,Gaussian_GEE_fallback,135,94
NIHSS,T1,0.5062320230105465,14.5165409383459,12.7881882921502,16.2448935845416,Raw follow-up score,Gaussian_GEE_fallback,135,94
NIHSS,T1,0.5100671140939597,14.626778516361,12.877823810126083,16.375733222595915,Raw follow-up score,Gaussian_GEE_fallback,135,94
NIHSS,T1,0.513902205177373,14.737016094376102,12.967428247448069,16.506603941304135,Raw follow-up score,Gaussian_GEE_fallback,135,94
NIHSS,T1,0.5177372962607861,14.847253672391203,13.057002678755378,16.637504666027027,Raw follow-up score,Gaussian_GEE_fallback,135,94
NIHSS,T1,0.5215723873441994,14.957491250406306,13.146548131167807,16.768434369644808,Raw follow-up score,Gaussian_GEE_fallback,135,94
NIHSS,T1,0.5254074784276126,15.067728828421407,13.236065586800555,16.89939207004226,Raw follow-up score,Gaussian_GEE_fallback,135,94
NIHSS,T1,0.5292425695110259,15.177966406436509,13.325555985126671,17.03037682774635,Raw follow-up score,Gaussian_GEE_fallback,135,94
NIHSS,T1,0.5330776605944391,15.288203984451611,13.4150202251973,17.161387743705923,Raw follow-up score,Gaussian_GEE_fallback,135,94
NIHSS,T1,0.5369127516778524,15.398441562466713,13.504459167729246,17.292423957204182,Raw follow-up score,Gaussian_GEE_fallback,135,94
NIHSS,T1,0.5407478427612655,15.508679140481814,13.593873637068642,17.423484643894984,Raw follow-up score,Gaussian_GEE_fallback,135,94
NIHSS,T1,0.5445829338446788,15.618916718496918,13.683264423038922,17.55456901395491,Raw follow-up score,Gaussian_GEE_fallback,135,94
NIHSS,T1,0.548418024928092,15.729154296512016,13.772632282680641,17.68567631034339,Raw follow-up score,Gaussian_GEE_fallback,135,94
NIHSS,T1,0.5522531160115053,15.83939187452712,13.86197794189028,17.81680580716396,Raw follow-up score,Gaussian_GEE_fallback,135,94
NIHSS,T1,0.5560882070949185,15.94962945254222,13.951302096964476,17.947956808119965,Raw follow-up score,Gaussian_GEE_fallback,135,94
NIHSS,T1,0.5599232981783318,16.059867030557324,14.040605416055891,18.07912864505876,Raw follow-up score,Gaussian_GEE_fallback,135,94
NIHSS,T1,0.5637583892617449,16.170104608572423,14.129888540546279,18.210320676598567,Raw follow-up score,Gaussian_GEE_fallback,135,94
NIHSS,T1,0.5675934803451582,16.280342186587525,14.219152086342104,18.341532286832944,Raw follow-up score,Gaussian_GEE_fallback,135,94
NIHSS,T1,0.5714285714285714,16.390579764602627,14.308396645097542,18.472762884107713,Raw follow-up score,Gaussian_GEE_fallback,135,94
NIHSS,T2,0.0,0.44534237611516314,-1.2004004840645686,2.091085236294895,Raw follow-up score,Gaussian_GEE_fallback,135,94
NIHSS,T2,0.003835091083413231,0.5070109088837622,-1.110817221924196,2.1248390396917207,Raw follow-up score,Gaussian_GEE_fallback,135,94
NIHSS,T2,0.007670182166826462,0.5686794416523608,-1.0214630722518854,2.158821955556607,Raw follow-up score,Gaussian_GEE_fallback,135,94
NIHSS,T2,0.011505273250239693,0.6303479744209599,-0.9323502123409617,2.1930461611828815,Raw follow-up score,Gaussian_GEE_fallback,135,94
NIHSS,T2,0.015340364333652923,0.6920165071895585,-0.8434915800517346,2.227524594430852,Raw follow-up score,Gaussian_GEE_fallback,135,94
NIHSS,T2,0.019175455417066153,0.753685039958158,-0.7549009217122296,2.2622710016285454,Raw follow-up score,Gaussian_GEE_fallback,135,94
NIHSS,T2,0.023010546500479387,0.8153535727267571,-0.6665928420283975,2.297299987481912,Raw follow-up score,Gaussian_GEE_fallback,135,94
NIHSS,T2,0.026845637583892617,0.8770221054953558,-0.5785828558020021,2.3326270667927136,Raw follow-up score,Gaussian_GEE_fallback,135,94
NIHSS,T2,0.030680728667305847,0.9386906382639548,-0.4908874411680306,2.3682687176959405,Raw follow-up score,Gaussian_GEE_fallback,135,94
NIHSS,T2,0.03451581975071908,1.0003591710325535,-0.40352409395871414,2.404242436023821,Raw follow-up score,Gaussian_GEE_fallback,135,94
NIHSS,T2,0.03835091083413231,1.0620277038011525,-0.31651138267546086,2.440566790277766,Raw follow-up score,Gaussian_GEE_fallback,135,94
NIHSS,T2,0.04218600191754554,1.1236962365697512,-0.2298690034006563,2.477261476540159,Raw follow-up score,Gaussian_GEE_fallback,135,94
NIHSS,T2,0.046021093000958774,1.1853647693383507,-0.14361783380574344,2.5143473724824448,Raw follow-up score,Gaussian_GEE_fallback,135,94
NIHSS,T2,0.049856184084372,1.2470333021069488,-0.057779985208249895,2.551846589422148,Raw follow-up score,Gaussian_GEE_fallback,135,94
NIHSS,T2,0.053691275167785234,1.3087018348755484,0.027621148603182988,2.5897825211479137,Raw follow-up score,Gaussian_GEE_fallback,135,94
NIHSS,T2,0.05752636625119846,1.370370367644146,0.1125608473204247,2.6281798879678675,Raw follow-up score,Gaussian_GEE_fallback,135,94
NIHSS,T2,0.061361457334611694,1.4320389004127456,0.1970130266817367,2.6670647741437543,Raw follow-up score,Gaussian_GEE_fallback,135,94
NIHSS,T2,0.06519654841802493,1.4937074331813447,0.2809502098079981,2.706464656554691,Raw follow-up score,Gaussian_GEE_fallback,135,94
NIHSS,T2,0.06903163950143816,1.5553759659499433,0.36434350980336405,2.746408422096523,Raw follow-up score,Gaussian_GEE_fallback,135,94
NIHSS,T2,0.07286673058485138,1.6170444987185424,0.44716262646134175,2.786926370975743,Raw follow-up score,Gaussian_GEE_fallback,135,94
NIHSS,T2,0.07670182166826461,1.6787130314871412,0.5293758602581717,2.8280502027161107,Raw follow-up score,Gaussian_GEE_fallback,135,94
NIHSS,T2,0.08053691275167785,1.7403815642557405,0.6109501471292547,2.8698129813822266,Raw follow-up score,Gaussian_GEE_fallback,135,94
NIHSS,T2,0.08437200383509108,1.8020500970243398,0.6918511177835867,2.912249076265093,Raw follow-up score,Gaussian_GEE_fallback,135,94
NIHSS,T2,0.08820709491850431,1.8637186297929382,0.7720431854812073,2.955394074104669,Raw follow-up score,Gaussian_GEE_fallback,135,94
NIHSS,T2,0.09204218600191755,1.9253871625615375,0.8514896662378166,2.9992846588852586,Raw follow-up score,Gaussian_GEE_fallback,135,94
NIHSS,T2,0.09587727708533077,1.9870556953301362,0.9301529352814013,3.043958455378871,Raw follow-up score,Gaussian_GEE_fallback,135,94
NIHSS,T2,0.099712368168744,2.048724228098735,1.0079946232166372,3.0894538329808325,Raw follow-up score,Gaussian_GEE_fallback,135,94
NIHSS,T2,0.10354745925215723,2.1103927608673345,1.0849758547025314,3.1358096670321376,Raw follow-up score,Gaussian_GEE_fallback,135,94
NIHSS,T2,0.10738255033557047,2.1720612936359327,1.1610575314716751,3.1830650558001903,Raw follow-up score,Gaussian_GEE_fallback,135,94
NIHSS,T2,0.1112176414189837,2.2337298264045318,1.2362006601827593,3.2312589926263042,Raw follow-up score,Gaussian_GEE_fallback,135,94
NIHSS,T2,0.11505273250239692,2.2953983591731304,1.3103667238907588,3.2804299944555018,Raw follow-up score,Gaussian_GEE_fallback,135,94
NIHSS,T2,0.11888782358581015,2.357066891941729,1.3835180938621683,3.3306156900212898,Raw follow-up score,Gaussian_GEE_fallback,135,94
NIHSS,T2,0.12272291466922339,2.4187354247103285,1.4556184761166553,3.381852373304002,Raw follow-up score,Gaussian_GEE_fallback,135,94
NIHSS,T2,0.12655800575263662,2.480403957478927,1.526633384549695,3.4341745304081592,Raw follow-up score,Gaussian_GEE_fallback,135,94
NIHSS,T2,0.13039309683604985,2.5420724902475262,1.596530629939767,3.4876143505552855,Raw follow-up score,Gaussian_GEE_fallback,135,94
NIHSS,T2,0.1342281879194631,2.6037410230161253,1.665280811769054,3.5422012342631968,Raw follow-up score,Gaussian_GEE_fallback,135,94
NIHSS,T2,0.13806327900287632,2.6654095557847244,1.7328577978191553,3.5979613137502935,Raw follow-up score,Gaussian_GEE_fallback,135,94
NIHSS,T2,0.14189837008628955,2.727078088553323,1.7992391751817265,3.6549170019249195,Raw follow-up score,Gaussian_GEE_fallback,135,94
NIHSS,T2,0.14573346116970276,2.7887466213219216,1.864406655865687,3.7130865867781564,Raw follow-up score,Gaussian_GEE_fallback,135,94
NIHSS,T2,0.149568552253116,2.8504151540905203,1.928346420750203,3.7724838874308375,Raw follow-up score,Gaussian_GEE_fallback,135,94
NIHSS,T2,0.15340364333652923,2.91208368685912,1.9910493873028345,3.833117986415405,Raw follow-up score,Gaussian_GEE_fallback,135,94
NIHSS,T2,0.15723873441994246,2.973752219627719,2.052511389222556,3.8949930500328818,Raw follow-up score,Gaussian_GEE_fallback,135,94
NIHSS,T2,0.1610738255033557,3.0354207523963184,2.1127332598273627,3.958108244965274,Raw follow-up score,Gaussian_GEE_fallback,135,94
NIHSS,T2,0.16490891658676893,3.097089285164917,2.1717208153260557,4.022457755003779,Raw follow-up score,Gaussian_GEE_fallback,135,94
NIHSS,T2,0.16874400767018216,3.158757817933515,2.2294847387518457,4.088030897115185,Raw follow-up score,Gaussian_GEE_fallback,135,94
NIHSS,T2,0.1725790987535954,3.2204263507021147,2.286040369908962,4.154812331495267,Raw follow-up score,Gaussian_GEE_fallback,135,94
NIHSS,T2,0.17641418983700863,3.2820948834707138,2.3414074108184413,4.222782356122986,Raw follow-up score,Gaussian_GEE_fallback,135,94
NIHSS,T2,0.18024928092042186,3.3437634162393124,2.395609559527126,4.291917272951499,Raw follow-up score,Gaussian_GEE_fallback,135,94
NIHSS,T2,0.1840843720038351,3.4054319490079115,2.448674087538979,4.362189810476844,Raw follow-up score,Gaussian_GEE_fallback,135,94
NIHSS,T2,0.1879194630872483,3.4671004817765096,2.500631377429066,4.433569586123953,Raw follow-up score,Gaussian_GEE_fallback,135,94
NIHSS,T2,0.19175455417066153,3.5287690145451087,2.551514437413422,4.5060235916767954,Raw follow-up score,Gaussian_GEE_fallback,135,94
NIHSS,T2,0.19558964525407477,3.5904375473137073,2.6013584088810684,4.579516685746346,Raw follow-up score,Gaussian_GEE_fallback,135,94
NIHSS,T2,0.199424736337488,3.652106080082307,2.6502000813321214,4.654012078832492,Raw follow-up score,Gaussian_GEE_fallback,135,94
NIHSS,T2,0.20325982742090123,3.713774612850906,2.6980774270363064,4.7294717986655055,Raw follow-up score,Gaussian_GEE_fallback,135,94
NIHSS,T2,0.20709491850431447,3.7754431456195046,2.74502916526844,4.805857125970569,Raw follow-up score,Gaussian_GEE_fallback,135,94
NIHSS,T2,0.2109300095877277,3.8371116783881036,2.7910943634141647,4.8831289933620425,Raw follow-up score,Gaussian_GEE_fallback,135,94
NIHSS,T2,0.21476510067114093,3.8987802111567023,2.8363120797575583,4.961248342555846,Raw follow-up score,Gaussian_GEE_fallback,135,94
NIHSS,T2,0.21860019175455417,3.9604487439253018,2.8807210505028245,5.040176437347779,Raw follow-up score,Gaussian_GEE_fallback,135,94
NIHSS,T2,0.2224352828379674,4.0221172766938995,2.924359421636968,5.119875131750831,Raw follow-up score,Gaussian_GEE_fallback,135,94
NIHSS,T2,0.2262703739213806,4.0837858094624995,2.967264524655934,5.200307094269065,Raw follow-up score,Gaussian_GEE_fallback,135,94
NIHSS,T2,0.23010546500479384,4.145454342231098,3.009472693962012,5.281435990500183,Raw follow-up score,Gaussian_GEE_fallback,135,94
NIHSS,T2,0.23394055608820707,4.207122874999697,3.051019122876502,5.363226627122891,Raw follow-up score,Gaussian_GEE_fallback,135,94
NIHSS,T2,0.2377756471716203,4.268791407768296,3.0919377546602953,5.445645060876297,Raw follow-up score,Gaussian_GEE_fallback,135,94
NIHSS,T2,0.24161073825503354,4.330459940536894,3.1322612046482687,5.528658676425519,Raw follow-up score,Gaussian_GEE_fallback,135,94
NIHSS,T2,0.24544582933844677,4.392128473305494,3.1720207095289954,5.6122362370819925,Raw follow-up score,Gaussian_GEE_fallback,135,94
NIHSS,T2,0.24928092042186,4.453797006074093,3.211246099888993,5.696347912259193,Raw follow-up score,Gaussian_GEE_fallback,135,94
NIHSS,T2,0.25311601150527324,4.515465538842692,3.2499657923447813,5.780965285340603,Raw follow-up score,Gaussian_GEE_fallback,135,94
NIHSS,T2,0.2569511025886865,4.57713407161129,3.2882067978668506,5.86606134535573,Raw follow-up score,Gaussian_GEE_fallback,135,94
NIHSS,T2,0.2607861936720997,4.638802604379889,3.3259947432252543,5.951610465534524,Raw follow-up score,Gaussian_GEE_fallback,135,94
NIHSS,T2,0.26462128475551294,4.700471137148488,3.363353902831438,6.037588371465539,Raw follow-up score,Gaussian_GEE_fallback,135,94
NIHSS,T2,0.2684563758389262,4.762139669917088,3.400307238596302,6.123972101237875,Raw follow-up score,Gaussian_GEE_fallback,135,94
NIHSS,T2,0.2722914669223394,4.8238082026856866,3.4368764457568792,6.210739959614494,Raw follow-up score,Gaussian_GEE_fallback,135,94
NIHSS,T2,0.27612655800575264,4.885476735454285,3.473082002934616,6.297871467973954,Raw follow-up score,Gaussian_GEE_fallback,135,94
NIHSS,T2,0.2799616490891659,4.947145268222885,3.508943224971617,6.385347311474153,Raw follow-up score,Gaussian_GEE_fallback,135,94
NIHSS,T2,0.2837967401725791,5.008813800991484,3.5444783173450367,6.47314928463793,Raw follow-up score,Gaussian_GEE_fallback,135,94
NIHSS,T2,0.2876318312559923,5.070482333760082,3.5797044311833233,6.561260236336841,Raw follow-up score,Gaussian_GEE_fallback,135,94
NIHSS,T2,0.2914669223394055,5.132150866528679,3.6146377181021547,6.649664014955204,Raw follow-up score,Gaussian_GEE_fallback,135,94
NIHSS,T2,0.29530201342281875,5.193819399297279,3.649293384244524,6.738345414350034,Raw follow-up score,Gaussian_GEE_fallback,135,94
NIHSS,T2,0.299137104506232,5.255487932065878,3.6836857430505936,6.8272901210811625,Raw follow-up score,Gaussian_GEE_fallback,135,94
NIHSS,T2,0.3029721955896452,5.317156464834477,3.7178282664015,6.916484663267455,Raw follow-up score,Gaussian_GEE_fallback,135,94
NIHSS,T2,0.30680728667305845,5.378824997603077,3.7517336338795637,7.005916361326591,Raw follow-up score,Gaussian_GEE_fallback,135,94
NIHSS,T2,0.3106423777564717,5.4404935303716755,3.7854137799682253,7.095573280775126,Raw follow-up score,Gaussian_GEE_fallback,135,94
NIHSS,T2,0.3144774688398849,5.502162063140274,3.818879939080677,7.18544418719987,Raw follow-up score,Gaussian_GEE_fallback,135,94
NIHSS,T2,0.31831255992329816,5.563830595908873,3.8521426883589114,7.275518503458834,Raw follow-up score,Gaussian_GEE_fallback,135,94
NIHSS,T2,0.3221476510067114,5.625499128677472,3.8852119882267706,7.365786269128173,Raw follow-up score,Gaussian_GEE_fallback,135,94
NIHSS,T2,0.3259827420901246,5.687167661446072,3.9180972207132756,7.456238102178868,Raw follow-up score,Gaussian_GEE_fallback,135,94
NIHSS,T2,0.32981783317353786,5.748836194214669,3.950807225587602,7.546865162841736,Raw follow-up score,Gaussian_GEE_fallback,135,94
NIHSS,T2,0.3336529242569511,5.810504726983268,3.9833503343659293,7.637659119600607,Raw follow-up score,Gaussian_GEE_fallback,135,94
NIHSS,T2,0.3374880153403643,5.872173259751868,4.015734402264044,7.728612117239692,Raw follow-up score,Gaussian_GEE_fallback,135,94
NIHSS,T2,0.34132310642377756,5.933841792520467,4.047966838179196,7.819716746861738,Raw follow-up score,Gaussian_GEE_fallback,135,94
NIHSS,T2,0.3451581975071908,5.995510325289066,4.08005463279085,7.910966017787283,Raw follow-up score,Gaussian_GEE_fallback,135,94
NIHSS,T2,0.348993288590604,6.057178858057666,4.112004384873554,8.002353331241778,Raw follow-up score,Gaussian_GEE_fallback,135,94
NIHSS,T2,0.35282837967401726,6.1188473908262635,4.143822325916583,8.093872455735944,Raw follow-up score,Gaussian_GEE_fallback,135,94
NIHSS,T2,0.3566634707574305,6.180515923594863,4.1755143431448545,8.18551750404487,Raw follow-up score,Gaussian_GEE_fallback,135,94
NIHSS,T2,0.3604985618408437,6.2421844563634625,4.2070860010341615,8.277282911692764,Raw follow-up score,Gaussian_GEE_fallback,135,94
NIHSS,T2,0.36433365292425696,6.30385298913206,4.2385425614114425,8.369163416852677,Raw follow-up score,Gaussian_GEE_fallback,135,94
NIHSS,T2,0.3681687440076702,6.365521521900659,4.269889002227789,8.46115404157353,Raw follow-up score,Gaussian_GEE_fallback,135,94
NIHSS,T2,0.37200383509108337,6.427190054669257,4.301130035088308,8.553250074250206,Raw follow-up score,Gaussian_GEE_fallback,135,94
NIHSS,T2,0.3758389261744966,6.488858587437857,4.33227012161927,8.645447053256444,Raw follow-up score,Gaussian_GEE_fallback,135,94
NIHSS,T2,0.37967401725790983,6.550527120206456,4.363313488748814,8.737740751664099,Raw follow-up score,Gaussian_GEE_fallback,135,94
NIHSS,T2,0.38350910834132307,6.612195652975053,4.394264142973535,8.830127162976572,Raw follow-up score,Gaussian_GEE_fallback,135,94
NIHSS,T2,0.3873441994247363,6.673864185743653,4.425125883679083,8.922602487808224,Raw follow-up score,Gaussian_GEE_fallback,135,94
NIHSS,T2,0.39117929050814954,6.7355327185122515,4.455902315578914,9.015163121445589,Raw follow-up score,Gaussian_GEE_fallback,135,94
NIHSS,T2,0.39501438159156277,6.7972012512808515,4.486596860331394,9.107805642230309,Raw follow-up score,Gaussian_GEE_fallback,135,94
NIHSS,T2,0.398849472674976,6.858869784049451,4.517212767391599,9.200526800707301,Raw follow-up score,Gaussian_GEE_fallback,135,94
NIHSS,T2,0.40268456375838924,6.92053831681805,4.547753124150553,9.293323509485546,Raw follow-up score,Gaussian_GEE_fallback,135,94
NIHSS,T2,0.40651965484180247,6.982206849586648,4.578220865411109,9.386192833762188,Raw follow-up score,Gaussian_GEE_fallback,135,94
NIHSS,T2,0.4103547459252157,7.043875382355247,4.608618782246364,9.47913198246413,Raw follow-up score,Gaussian_GEE_fallback,135,94
NIHSS,T2,0.41418983700862894,7.105543915123846,4.638949530283391,9.572138299964301,Raw follow-up score,Gaussian_GEE_fallback,135,94
NIHSS,T2,0.41802492809204217,7.167212447892444,4.66921563745209,9.665209258332798,Raw follow-up score,Gaussian_GEE_fallback,135,94
NIHSS,T2,0.4218600191754554,7.228880980661043,4.6994195112361705,9.758342450085916,Raw follow-up score,Gaussian_GEE_fallback,135,94
NIHSS,T2,0.42569511025886864,7.290549513429642,4.729563445460698,9.851535581398586,Raw follow-up score,Gaussian_GEE_fallback,135,94
NIHSS,T2,0.42953020134228187,7.352218046198242,4.7596496266482085,9.944786465748276,Raw follow-up score,Gaussian_GEE_fallback,135,94
NIHSS,T2,0.4333652924256951,7.413886578966841,4.789680139973061,10.038093017960621,Raw follow-up score,Gaussian_GEE_fallback,135,94
NIHSS,T2,0.43720038350910834,7.47555511173544,4.819656974841667,10.131453248629214,Raw follow-up score,Gaussian_GEE_fallback,135,94
NIHSS,T2,0.44103547459252157,7.537223644504039,4.849582030124183,10.224865258883895,Raw follow-up score,Gaussian_GEE_fallback,135,94
NIHSS,T2,0.4448705656759348,7.5988921772726385,4.8794571190614615,10.318327235483816,Raw follow-up score,Gaussian_GEE_fallback,135,94
NIHSS,T2,0.44870565675934804,7.660560710041237,4.909283973869313,10.41183744621316,Raw follow-up score,Gaussian_GEE_fallback,135,94
NIHSS,T2,0.4525407478427612,7.722229242809835,4.939064250060613,10.505394235559056,Raw follow-up score,Gaussian_GEE_fallback,135,94
NIHSS,T2,0.45637583892617445,7.783897775578435,4.968799530504231,10.598996020652638,Raw follow-up score,Gaussian_GEE_fallback,135,94
NIHSS,T2,0.4602109300095877,7.845566308347032,4.99849132923846,10.692641287455604,Raw follow-up score,Gaussian_GEE_fallback,135,94
NIHSS,T2,0.4640460210930009,7.907234841115633,5.02814109505535,10.786328587175916,Raw follow-up score,Gaussian_GEE_fallback,135,94
NIHSS,T2,0.46788111217641415,7.968903373884231,5.057750214871136,10.880056532897326,Raw follow-up score,Gaussian_GEE_fallback,135,94
NIHSS,T2,0.4717162032598274,8.030571906652828,5.08732001689695,10.973823796408706,Raw follow-up score,Gaussian_GEE_fallback,135,94
NIHSS,T2,0.4755512943432406,8.092240439421428,5.116851773622906,11.06762910521995,Raw follow-up score,Gaussian_GEE_fallback,135,94
NIHSS,T2,0.47938638542665385,8.153908972190028,5.146346704627774,11.16147123975228,Raw follow-up score,Gaussian_GEE_fallback,135,94
NIHSS,T2,0.4832214765100671,8.215577504958626,5.175805979225608,11.255349030691644,Raw follow-up score,Gaussian_GEE_fallback,135,94
NIHSS,T2,0.4870565675934803,8.277246037727226,5.205230718959852,11.3492613564946,Raw follow-up score,Gaussian_GEE_fallback,135,94
NIHSS,T2,0.49089165867689355,8.338914570495826,5.234621999954719,11.443207141036932,Raw follow-up score,Gaussian_GEE_fallback,135,94
NIHSS,T2,0.4947267497603068,8.400583103264424,5.26398085513299,11.537185351395857,Raw follow-up score,Gaussian_GEE_fallback,135,94
NIHSS,T2,0.49856184084372,8.462251636033022,5.293308276308721,11.631194995757323,Raw follow-up score,Gaussian_GEE_fallback,135,94
NIHSS,T2,0.5023969319271332,8.52392016880162,5.322605216162713,11.725235121440527,Raw follow-up score,Gaussian_GEE_fallback,135,94
NIHSS,T2,0.5062320230105465,8.58558870157022,5.35187259010816,11.81930481303228,Raw follow-up score,Gaussian_GEE_fallback,135,94
NIHSS,T2,0.5100671140939597,8.647257234338818,5.381111278053293,11.913403190624344,Raw follow-up score,Gaussian_GEE_fallback,135,94
NIHSS,T2,0.513902205177373,8.708925767107417,5.410322126067405,12.007529408147427,Raw follow-up score,Gaussian_GEE_fallback,135,94
NIHSS,T2,0.5177372962607861,8.770594299876016,5.439505947956231,12.101682651795802,Raw follow-up score,Gaussian_GEE_fallback,135,94
NIHSS,T2,0.5215723873441994,8.832262832644616,5.468663526752181,12.195862138537052,Raw follow-up score,Gaussian_GEE_fallback,135,94
NIHSS,T2,0.5254074784276126,8.893931365413215,5.497795616124679,12.290067114701749,Raw follow-up score,Gaussian_GEE_fallback,135,94
NIHSS,T2,0.5292425695110259,8.955599898181813,5.526902941715367,12.384296854648259,Raw follow-up score,Gaussian_GEE_fallback,135,94
NIHSS,T2,0.5330776605944391,9.017268430950413,5.555986202402721,12.478550659498104,Raw follow-up score,Gaussian_GEE_fallback,135,94
NIHSS,T2,0.5369127516778524,9.078936963719013,5.585046071500278,12.572827855937748,Raw follow-up score,Gaussian_GEE_fallback,135,94
NIHSS,T2,0.5407478427612655,9.14060549648761,5.614083197892421,12.667127795082799,Raw follow-up score,Gaussian_GEE_fallback,135,94
NIHSS,T2,0.5445829338446788,9.20227402925621,5.643098207111383,12.76144985140104,Raw follow-up score,Gaussian_GEE_fallback,135,94
NIHSS,T2,0.548418024928092,9.263942562024807,5.672091702358908,12.855793421690706,Raw follow-up score,Gaussian_GEE_fallback,135,94
NIHSS,T2,0.5522531160115053,9.325611094793407,5.701064265475823,12.950157924110991,Raw follow-up score,Gaussian_GEE_fallback,135,94
NIHSS,T2,0.5560882070949185,9.387279627562005,5.73001645786246,13.04454279726155,Raw follow-up score,Gaussian_GEE_fallback,135,94
NIHSS,T2,0.5599232981783318,9.448948160330605,5.758948821352815,13.138947499308395,Raw follow-up score,Gaussian_GEE_fallback,135,94
NIHSS,T2,0.5637583892617449,9.510616693099202,5.7878618790450425,13.233371507153361,Raw follow-up score,Gaussian_GEE_fallback,135,94
NIHSS,T2,0.5675934803451582,9.572285225867802,5.816756136090776,13.327814315644828,Raw follow-up score,Gaussian_GEE_fallback,135,94
NIHSS,T2,0.5714285714285714,9.633953758636402,5.845632080445567,13.422275436827237,Raw follow-up score,Gaussian_GEE_fallback,135,94
MRS,T1,0.5,0.9025799427435193,0.5848872392281523,0.983850445254493,Probability of favorable mRS (0-2),binary_logistic_GEE_mRS_0_2,152,98
MRS,T1,0.5022371364653244,0.89946978375045,0.580890634545137,0.9829810704713295,Probability of favorable mRS (0-2),binary_logistic_GEE_mRS_0_2,152,98
MRS,T1,0.5044742729306487,0.8962717432941644,0.5768780571858416,0.9820661325787907,Probability of favorable mRS (0-2),binary_logistic_GEE_mRS_0_2,152,98
MRS,T1,0.5067114093959731,0.8929840717444975,0.5728498071411354,0.9811033702838889,Probability of favorable mRS (0-2),binary_logistic_GEE_mRS_0_2,152,98
MRS,T1,0.5089485458612976,0.8896050321108602,0.5688061858134322,0.9800904232484733,Probability of favorable mRS (0-2),binary_logistic_GEE_mRS_0_2,152,98
MRS,T1,0.5111856823266219,0.8861329037476919,0.5647474956767571,0.9790248291602123,Probability of favorable mRS (0-2),binary_logistic_GEE_mRS_0_2,152,98
MRS,T1,0.5134228187919463,0.8825659862552256,0.5606740399231929,0.9779040208797021,Probability of favorable mRS (0-2),binary_logistic_GEE_mRS_0_2,152,98
MRS,T1,0.5156599552572707,0.8789026035756768,0.5565861220954031,0.9767253236881721,Probability of favorable mRS (0-2),binary_logistic_GEE_mRS_0_2,152,98
MRS,T1,0.5178970917225951,0.8751411082839908,0.5524840457049001,0.9754859526629909,Probability of favorable mRS (0-2),binary_logistic_GEE_mRS_0_2,152,98
MRS,T1,0.5201342281879194,0.8712798860712396,0.5483681138357255,0.974183010211115,Probability of favorable mRS (0-2),binary_logistic_GEE_mRS_0_2,152,98
MRS,T1,0.5223713646532439,0.8673173604176075,0.5442386287331897,0.9728134837937306,Probability of favorable mRS (0-2),binary_logistic_GEE_mRS_0_2,152,98
MRS,T1,0.5246085011185683,0.8632519974506848,0.5400958913773055,0.9713742438786501,Probability of favorable mRS (0-2),binary_logistic_GEE_mRS_0_2,152,98
MRS,T1,0.5268456375838926,0.8590823109834633,0.5359402010405333,0.9698620421605043,Probability of favorable mRS (0-2),binary_logistic_GEE_mRS_0_2,152,98
MRS,T1,0.529082774049217,0.8548068677250279,0.5317718548294418,0.9682735100924194,Probability of favorable mRS (0-2),binary_logistic_GEE_mRS_0_2,152,98
MRS,T1,0.5313199105145414,0.8504242926554616,0.5275911472098767,0.9666051577766873,Probability of favorable mRS (0-2),binary_logistic_GEE_mRS_0_2,152,98
MRS,T1,0.5335570469798658,0.8459332745549091,0.5233983695152093,0.9648533732658688,Probability of favorable mRS (0-2),binary_logistic_GEE_mRS_0_2,152,98
MRS,T1,0.5357941834451901,0.8413325716751193,0.5191938094372259,0.9630144223298297,Probability of favorable mRS (0-2),binary_logistic_GEE_mRS_0_2,152,98
MRS,T1,0.5380313199105146,0.836621017540087,0.5149777504992107,0.9610844487483392,Probability of favorable mRS (0-2),binary_logistic_GEE_mRS_0_2,152,98
MRS,T1,0.540268456375839,0.8317975268606598,0.5107504715107575,0.9590594751930259,Probability of favorable mRS (0-2),binary_logistic_GEE_mRS_0_2,152,98
MRS,T1,0.5425055928411633,0.8268611015461765,0.5065122460038413,0.956935404766645,Probability of favorable mRS (0-2),binary_logistic_GEE_mRS_0_2,152,98
MRS,T1,0.5447427293064877,0.821810836794367,0.5022633416496739,0.9547080232716938,Probability of favorable mRS (0-2),binary_logistic_GEE_mRS_0_2,152,98
MRS,T1,0.5469798657718121,0.8166459272388923,0.49800401965586927,0.9523730022843582,Probability of favorable mRS (0-2),binary_logistic_GEE_mRS_0_2,152,98
MRS,T1,0.5492170022371364,0.8113656731320347,0.49373453414344165,0.9499259031135059,Probability of favorable mRS (0-2),binary_logistic_GEE_mRS_0_2,152,98
MRS,T1,0.5514541387024608,0.805969486538198,0.4894551315031758,0.947362181727844,Probability of favorable mRS (0-2),binary_logistic_GEE_mRS_0_2,152,98
MRS,T1,0.5536912751677853,0.8004568975120605,0.48516604973092387,0.9446771947373723,Probability of favorable mRS (0-2),binary_logistic_GEE_mRS_0_2,152,98
MRS,T1,0.5559284116331096,0.7948275602334339,0.48086751774140507,0.9418662065177079,Probability of favorable mRS (0-2),binary_logistic_GEE_mRS_0_2,152,98
MRS,T1,0.558165548098434,0.7890812590691862,0.47655975466012995,0.9389243975676621,Probability of favorable mRS (0-2),binary_logistic_GEE_mRS_0_2,152,98
MRS,T1,0.5604026845637584,0.783217914530969,0.4722429690931179,0.9358468741914197,Probability of favorable mRS (0-2),binary_logistic_GEE_mRS_0_2,152,98
MRS,T1,0.5626398210290828,0.7772375890959802,0.46791735837414156,0.9326286795966721,Probability of favorable mRS (0-2),binary_logistic_GEE_mRS_0_2,152,98
MRS,T1,0.5648769574944071,0.7711404928566433,0.4635831077893235,0.9292648064989139,Probability of favorable mRS (0-2),binary_logistic_GEE_mRS_0_2,152,98
MRS,T1,0.5671140939597316,0.7649269889638757,0.459240389779016,0.9257502113196234,Probability of favorable mRS (0-2),binary_logistic_GEE_mRS_0_2,152,98
MRS,T1,0.569351230425056,0.7585975988276201,0.45488936311703443,0.9220798300620506,Probability of favorable mRS (0-2),binary_logistic_GEE_mRS_0_2,152,98
MRS,T1,0.5715883668903803,0.7521530070375066,0.4505301720674792,0.91824859594259,Probability of favorable mRS (0-2),binary_logistic_GEE_mRS_0_2,152,98
MRS,T1,0.5738255033557047,0.745594065965967,0.44616294551959074,0.9142514588480488,Probability of favorable mRS (0-2),binary_logistic_GEE_mRS_0_2,152,98
MRS,T1,0.5760626398210291,0.7389218000158306,0.4417877961013316,0.9100834066793159,Probability of favorable mRS (0-2),binary_logistic_GEE_mRS_0_2,152,98
MRS,T1,0.5782997762863535,0.7321374094744152,0.4374048192726886,0.9057394886297726,Probability of favorable mRS (0-2),binary_logistic_GEE_mRS_0_2,152,98
MRS,T1,0.5805369127516778,0.7252422739364403,0.4330140924000523,0.9012148404321252,Probability of favorable mRS (0-2),binary_logistic_GEE_mRS_0_2,152,98
MRS,T1,0.5827740492170023,0.7182379552587094,0.42861567381346005,0.8965047115899479,Probability of favorable mRS (0-2),binary_logistic_GEE_mRS_0_2,152,98
MRS,T1,0.5850111856823267,0.711126200010486,0.42420960184900486,0.8916044945900207,Probability of favorable mRS (0-2),binary_logistic_GEE_mRS_0_2,152,98
MRS,T1,0.587248322147651,0.7039089413848011,0.4197958938793112,0.8865097560683681,Probability of favorable mRS (0-2),binary_logistic_GEE_mRS_0_2,152,98
MRS,T1,0.5894854586129754,0.6965883005376416,0.4153745453356972,0.8812162698767446,Probability of favorable mRS (0-2),binary_logistic_GEE_mRS_0_2,152,98
MRS,T1,0.5917225950782998,0.6891665873240214,0.4109455287264841,0.8757200519671082,Probability of favorable mRS (0-2),binary_logistic_GEE_mRS_0_2,152,98
MRS,T1,0.5939597315436241,0.6816463004023777,0.4065087926568809,0.8700173969794933,Probability of favorable mRS (0-2),binary_logistic_GEE_mRS_0_2,152,98
MRS,T1,0.5961968680089486,0.674030126681549,0.4020642608570271,0.8641049163837253,Probability of favorable mRS (0-2),binary_logistic_GEE_mRS_0_2,152,98
MRS,T1,0.598434004474273,0.6663209400877637,0.3976118312261015,0.8579795779878923,Probability of favorable mRS (0-2),binary_logistic_GEE_mRS_0_2,152,98
MRS,T1,0.6006711409395973,0.6585217996325813,0.39315137490193175,0.8516387465866703,Probability of favorable mRS (0-2),binary_logistic_GEE_mRS_0_2,152,98
MRS,T1,0.6029082774049217,0.6506359467665928,0.3886827353673293,0.8450802254809949,Probability of favorable mRS (0-2),binary_logistic_GEE_mRS_0_2,152,98
MRS,T1,0.6051454138702461,0.6426668020078379,0.3842057276064019,0.8383022985576599,Probability of favorable mRS (0-2),binary_logistic_GEE_mRS_0_2,152,98
MRS,T1,0.6073825503355705,0.6346179608383349,0.3797201373264404,0.8313037725739028,Probability of favorable mRS (0-2),binary_logistic_GEE_mRS_0_2,152,98
MRS,T1,0.6096196868008948,0.626493188866794,0.3752257202636383,0.8240840192486982,Probability of favorable mRS (0-2),binary_logistic_GEE_mRS_0_2,152,98
MRS,T1,0.6118568232662193,0.6182964162604729,0.3707222015939365,0.8166430167201723,Probability of favorable mRS (0-2),binary_logistic_GEE_mRS_0_2,152,98
MRS,T1,0.6140939597315437,0.6100317314541687,0.36620927547371385,0.8089813898883171,Probability of favorable mRS (0-2),binary_logistic_GEE_mRS_0_2,152,98
MRS,T1,0.616331096196868,0.6017033741494833,0.3616866047388911,0.801100449125064,Probability of favorable mRS (0-2),binary_logistic_GEE_mRS_0_2,152,98
MRS,T1,0.6185682326621924,0.5933157276227162,0.35715382079533237,0.7930022268009601,Probability of favorable mRS (0-2),binary_logistic_GEE_mRS_0_2,152,98
MRS,T1,0.6208053691275168,0.5848733103649448,0.3526105237382156,0.7846895110503664,Probability of favorable mRS (0-2),binary_logistic_GEE_mRS_0_2,152,98
MRS,T1,0.6230425055928412,0.5763807670830006,0.348056282743316,0.7761658761764414,Probability of favorable mRS (0-2),binary_logistic_GEE_mRS_0_2,152,98
MRS,T1,0.6252796420581656,0.5678428590951007,0.3434906367789174,0.7674357090844504,Probability of favorable mRS (0-2),binary_logistic_GEE_mRS_0_2,152,98
MRS,T1,0.62751677852349,0.5592644541597593,0.338913095693295,0.7585042311282008,Probability of favorable mRS (0-2),binary_logistic_GEE_mRS_0_2,152,98
MRS,T1,0.6297539149888143,0.5506505157812482,0.33432314173937483,0.7493775147607364,Probability of favorable mRS (0-2),binary_logistic_GEE_mRS_0_2,152,98
MRS,T1,0.6319910514541387,0.5420060920392179,0.32972023160515723,0.7400624943976595,Probability of favorable mRS (0-2),binary_logistic_GEE_mRS_0_2,152,98
MRS,T1,0.6342281879194631,0.5333363039941212,0.3251037990257169,0.730566970930356,Probability of favorable mRS (0-2),binary_logistic_GEE_mRS_0_2,152,98
MRS,T1,0.6364653243847875,0.5246463337236782,0.32047325805982657,0.7208996093673726,Probability of favorable mRS (0-2),binary_logistic_GEE_mRS_0_2,152,98
MRS,T1,0.6387024608501118,0.5159414120488219,0.31582800712130177,0.7110699291355416,Probability of favorable mRS (0-2),binary_logistic_GEE_mRS_0_2,152,98
MRS,T1,0.6409395973154363,0.5072268060102445,0.3111674338616548,0.7010882866380715,Probability of favorable mRS (0-2),binary_logistic_GEE_mRS_0_2,152,98
MRS,T1,0.6431767337807607,0.49850780615886775,0.30649092100620307,0.6909658497444373,Probability of favorable mRS (0-2),binary_logistic_GEE_mRS_0_2,152,98
MRS,T1,0.645413870246085,0.48978971372517377,0.30179785324981895,0.6807145639758541,Probability of favorable mRS (0-2),binary_logistic_GEE_mRS_0_2,152,98
MRS,T1,0.6476510067114094,0.481077827733421,0.29708762532042726,0.6703471102496156,Probability of favorable mRS (0-2),binary_logistic_GEE_mRS_0_2,152,98
MRS,T1,0.6498881431767338,0.4723774321272549,0.29235965131734887,0.6598768541544522,Probability of favorable mRS (0-2),binary_logistic_GEE_mRS_0_2,152,98
MRS,T1,0.6521252796420582,0.46369378297310976,0.2876133754267341,0.649317786846026,Probability of favorable mRS (0-2),binary_logistic_GEE_mRS_0_2,152,98
MRS,T1,0.6543624161073825,0.45503209580712634,0.282848284106628,0.6386844577753437,Probability of favorable mRS (0-2),binary_logistic_GEE_mRS_0_2,152,98
MRS,T1,0.656599552572707,0.4463975331900309,0.2780639198184853,0.6279918995915877,Probability of favorable mRS (0-2),binary_logistic_GEE_mRS_0_2,152,98
MRS,T1,0.6588366890380314,0.43779519253260835,0.2732598963590525,0.6172555456931182,Probability of favorable mRS (0-2),binary_logistic_GEE_mRS_0_2,152,98
MRS,T1,0.6610738255033557,0.42923009425202246,0.2684359158152359,0.6064911410344668,Probability of favorable mRS (0-2),binary_logistic_GEE_mRS_0_2,152,98
MRS,T1,0.6633109619686801,0.4207071703163799,0.2635917871238187,0.5957146469314285,Probability of favorable mRS (0-2),binary_logistic_GEE_mRS_0_2,152,98
MRS,T1,0.6655480984340045,0.412231253231602,0.25872744616679216,0.5849421407391207,Probability of favorable mRS (0-2),binary_logistic_GEE_mRS_0_2,152,98
MRS,T1,0.667785234899329,0.4038070655208957,0.2538429772711257,0.5741897114072794,Probability of favorable mRS (0-2),binary_logistic_GEE_mRS_0_2,152,98
MRS,T1,0.6700223713646533,0.3954392097429922,0.24893863590910242,0.563473352041206,Probability of favorable mRS (0-2),binary_logistic_GEE_mRS_0_2,152,98
MRS,T1,0.6722595078299777,0.3871321590908615,0.24401487231268867,0.5528088507132384,Probability of favorable mRS (0-2),binary_logistic_GEE_mRS_0_2,152,98
MRS,T1,0.674496644295302,0.37889024860788545,0.23907235562457865,0.5422116808757483,Probability of favorable mRS (0-2),binary_logistic_GEE_mRS_0_2,152,98
MRS,T1,0.6767337807606264,0.3707176670535304,0.23411199811245906,0.5316968928190138,Probability of favorable mRS (0-2),binary_logistic_GEE_mRS_0_2,152,98
MRS,T1,0.6789709172259508,0.36261844944548743,0.22913497887588527,0.5212790076919482,Probability of favorable mRS (0-2),binary_logistic_GEE_mRS_0_2,152,98
MRS,T1,0.6812080536912752,0.3545964703000495,0.22414276638236205,0.5109719156556781,Probability of favorable mRS (0-2),binary_logistic_GEE_mRS_0_2,152,98
MRS,T1,0.6834451901565995,0.34665543758729644,0.21913713908750573,0.5007887797640351,Probability of favorable mRS (0-2),binary_logistic_GEE_mRS_0_2,152,98
MRS,T1,0.685682326621924,0.33879888741245495,0.21412020333102816,0.4907419471551982,Probability of favorable mRS (0-2),binary_logistic_GEE_mRS_0_2,152,98
MRS,T1,0.6879194630872484,0.33103017942969276,0.20909440766379414,0.48084286908914614,Probability of favorable mRS (0-2),binary_logistic_GEE_mRS_0_2,152,98
MRS,T1,0.6901565995525727,0.32335249298960433,0.20406255275910504,0.47110203127084593,Probability of favorable mRS (0-2),binary_logistic_GEE_mRS_0_2,152,98
MRS,T1,0.6923937360178971,0.3157688240168391,0.19902779610043103,0.4615288957551705,Probability of favorable mRS (0-2),binary_logistic_GEE_mRS_0_2,152,98
MRS,T1,0.6946308724832215,0.30828198260972356,0.19399365072283278,0.45213185553435725,Probability of favorable mRS (0-2),binary_logistic_GEE_mRS_0_2,152,98
MRS,T1,0.696868008948546,0.30089459134937363,0.18896397741820367,0.44291820266325327,Probability of favorable mRS (0-2),binary_logistic_GEE_mRS_0_2,152,98
MRS,T1,0.6991051454138703,0.29360908430174937,0.18394296999361376,0.43389411048607013,Probability of favorable mRS (0-2),binary_logistic_GEE_mRS_0_2,152,98
MRS,T1,0.7013422818791947,0.28642770669235285,0.17893513339171271,0.42506463019910595,Probability of favorable mRS (0-2),binary_logistic_GEE_mRS_0_2,152,98
MRS,T1,0.7035794183445191,0.2793525152298749,0.17394525473261313,0.4164337016290341,Probability of favorable mRS (0-2),binary_logistic_GEE_mRS_0_2,152,98
MRS,T1,0.7058165548098434,0.2723853790520364,0.16897836760452284,0.4080041777412977,Probability of favorable mRS (0-2),binary_logistic_GEE_mRS_0_2,152,98
MRS,T1,0.7080536912751678,0.26552798126419364,0.1640397101996233,0.3997778620356412,Probability of favorable mRS (0-2),binary_logistic_GEE_mRS_0_2,152,98
MRS,T1,0.7102908277404922,0.25878182103896813,0.15913467814498866,0.39175555765446657,Probability of favorable mRS (0-2),binary_logistic_GEE_mRS_0_2,152,98
MRS,T1,0.7125279642058167,0.25214821624321343,0.15426877309879844,0.3839371267423536,Probability of favorable mRS (0-2),binary_logistic_GEE_mRS_0_2,152,98
MRS,T1,0.714765100671141,0.2456283065570758,0.14944754835490417,0.3763215583671848,Probability of favorable mRS (0-2),binary_logistic_GEE_mRS_0_2,152,98
MRS,T1,0.7170022371364654,0.2392230570486927,0.14467655281268402,0.36890704315626904,Probability of favorable mRS (0-2),binary_logistic_GEE_mRS_0_2,152,98
MRS,T1,0.7192393736017897,0.23293326216723353,0.13996127471750505,0.3616910527211798,Probability of favorable mRS (0-2),binary_logistic_GEE_mRS_0_2,152,98
MRS,T1,0.7214765100671141,0.22675955011645432,0.13530708655860074,0.35467042194360804,Probability of favorable mRS (0-2),binary_logistic_GEE_mRS_0_2,152,98
MRS,T1,0.7237136465324385,0.22070238757076655,0.13071919242957525,0.3478414322670309,Probability of favorable mRS (0-2),binary_logistic_GEE_mRS_0_2,152,98
MRS,T1,0.725950782997763,0.21476208469590674,0.12620257902025792,0.3411998942761996,Probability of favorable mRS (0-2),binary_logistic_GEE_mRS_0_2,152,98
MRS,T1,0.7281879194630873,0.20893880043669225,0.12176197122896759,0.33474122803576845,Probability of favorable mRS (0-2),binary_logistic_GEE_mRS_0_2,152,98
MRS,T1,0.7304250559284117,0.20323254803497925,0.11740179317506472,0.32846053988592827,Probability of favorable mRS (0-2),binary_logistic_GEE_mRS_0_2,152,98
MRS,T1,0.7326621923937361,0.19764320074181943,0.1131261351673455,0.32235269464119704,Probability of favorable mRS (0-2),binary_logistic_GEE_mRS_0_2,152,98
MRS,T1,0.7348993288590604,0.192170497688876,0.10893872695802505,0.31641238239363395,Probability of favorable mRS (0-2),binary_logistic_GEE_mRS_0_2,152,98
MRS,T1,0.7371364653243848,0.18681404988542663,0.10484291739678255,0.31063417937055937,Probability of favorable mRS (0-2),binary_logistic_GEE_mRS_0_2,152,98
MRS,T1,0.7393736017897092,0.18157334630869232,0.10084166040417898,0.30501260252862256,Probability of favorable mRS (0-2),binary_logistic_GEE_mRS_0_2,152,98
MRS,T1,0.7416107382550337,0.17644776005676593,0.09693750701555433,0.29954215777286797,Probability of favorable mRS (0-2),binary_logistic_GEE_mRS_0_2,152,98
MRS,T1,0.743847874720358,0.17143655453507436,0.0931326031093589,0.29421738186629626,Probability of favorable mRS (0-2),binary_logistic_GEE_mRS_0_2,152,98
MRS,T1,0.7460850111856824,0.16653888964903252,0.08942869232927099,0.28903287823988644,Probability of favorable mRS (0-2),binary_logistic_GEE_mRS_0_2,152,98
MRS,T1,0.7483221476510067,0.1617538279773511,0.08582712363679618,0.2839833470250542,Probability of favorable mRS (0-2),binary_logistic_GEE_mRS_0_2,152,98
MRS,T1,0.7505592841163311,0.15708034090228332,0.08232886288802221,0.27906360971169114,Probability of favorable mRS (0-2),binary_logistic_GEE_mRS_0_2,152,98
MRS,T1,0.7527964205816555,0.1525173146749683,0.07893450781141782,0.27426862888822257,Probability of favorable mRS (0-2),binary_logistic_GEE_mRS_0_2,152,98
MRS,T1,0.7550335570469799,0.14806355639587762,0.07564430576888134,0.269593523549169,Probability of favorable mRS (0-2),binary_logistic_GEE_mRS_0_2,152,98
MRS,T1,0.7572706935123044,0.1437177998922301,0.07245817370534541,0.26503358046460473,Probability of favorable mRS (0-2),binary_logistic_GEE_mRS_0_2,152,98
MRS,T1,0.7595078299776287,0.13947871147606164,0.06937571972882259,0.2605842620987064,Probability of favorable mRS (0-2),binary_logistic_GEE_mRS_0_2,152,98
MRS,T1,0.7617449664429531,0.13534489556842072,0.06639626580886544,0.25624121154514296,Probability of favorable mRS (0-2),binary_logistic_GEE_mRS_0_2,152,98
MRS,T1,0.7639821029082774,0.13131490017690106,0.06351887113349222,0.2520002549188518,Probability of favorable mRS (0-2),binary_logistic_GEE_mRS_0_2,152,98
MRS,T1,0.7662192393736018,0.12738722221539064,0.06074235571969052,0.24785740160974992,Probability of favorable mRS (0-2),binary_logistic_GEE_mRS_0_2,152,98
MRS,T1,0.7684563758389262,0.12356031265653668,0.05806532392825382,0.24380884276667145,Probability of favorable mRS (0-2),binary_logistic_GEE_mRS_0_2,152,98
MRS,T1,0.7706935123042506,0.1198325815089501,0.05548618758799502,0.23985094834125814,Probability of favorable mRS (0-2),binary_logistic_GEE_mRS_0_2,152,98
MRS,T1,0.7729306487695751,0.1162024026126365,0.053003188485957024,0.23598026298323824,Probability of favorable mRS (0-2),binary_logistic_GEE_mRS_0_2,152,98
MRS,T1,0.7751677852348994,0.11266811824751176,0.05061442002810078,0.2321935010416043,Probability of favorable mRS (0-2),binary_logistic_GEE_mRS_0_2,152,98
MRS,T1,0.7774049217002237,0.10922804355114472,0.04831784791850694,0.22848754089144618,Probability of favorable mRS (0-2),binary_logistic_GEE_mRS_0_2,152,98
MRS,T1,0.7796420581655481,0.10588047074307518,0.046111329744062665,0.22485941877410992,Probability of favorable mRS (0-2),binary_logistic_GEE_mRS_0_2,152,98
MRS,T1,0.7818791946308725,0.10262367315416139,0.04399263338583371,0.22130632230918554,Probability of favorable mRS (0-2),binary_logistic_GEE_mRS_0_2,152,98
MRS,T1,0.7841163310961969,0.09945590906043866,0.0419594542079442,0.21782558381070974,Probability of favorable mRS (0-2),binary_logistic_GEE_mRS_0_2,152,98
MRS,T1,0.7863534675615214,0.09637542532190711,0.04000943100001616,0.2144146735168386,Probability of favorable mRS (0-2),binary_logistic_GEE_mRS_0_2,152,98
MRS,T1,0.7885906040268457,0.09338046082751852,0.038140160670356166,0.2110711928220006,Probability of favorable mRS (0-2),binary_logistic_GEE_mRS_0_2,152,98
MRS,T1,0.7908277404921701,0.09046924974839994,0.03634921170447353,0.20779286758298907,Probability of favorable mRS (0-2),binary_logistic_GEE_mRS_0_2,152,98
MRS,T1,0.7930648769574944,0.08764002460204334,0.034634136417548415,0.20457754155538166,Probability of favorable mRS (0-2),binary_logistic_GEE_mRS_0_2,152,98
MRS,T1,0.7953020134228188,0.08489101913079626,0.03299248204051574,0.20142317000384635,Probability of favorable mRS (0-2),binary_logistic_GEE_mRS_0_2,152,98
MRS,T1,0.7975391498881432,0.08222047099853308,0.03142180068787835,0.19832781351907053,Probability of favorable mRS (0-2),binary_logistic_GEE_mRS_0_2,152,98
MRS,T1,0.7997762863534676,0.07962662430984654,0.0299196582615476,0.19528963206499259,Probability of favorable mRS (0-2),binary_logistic_GEE_mRS_0_2,152,98
MRS,T1,0.8020134228187921,0.07710773195650573,0.02848364234928083,0.19230687927251125,Probability of favorable mRS (0-2),binary_logistic_GEE_mRS_0_2,152,98
MRS,T1,0.8042505592841164,0.07466205779626196,0.02711136917893037,0.1893778969896801,Probability of favorable mRS (0-2),binary_logistic_GEE_mRS_0_2,152,98
MRS,T1,0.8064876957494408,0.07228787866936533,0.02580048969101899,0.1865011100933841,Probability of favorable mRS (0-2),binary_logistic_GEE_mRS_0_2,152,98
MRS,T1,0.8087248322147651,0.06998348625838284,0.02454869479235166,0.18367502156346693,Probability of favorable mRS (0-2),binary_logistic_GEE_mRS_0_2,152,98
MRS,T1,0.8109619686800895,0.06774718879707962,0.023353719852672324,0.1808982078170787,Probability of favorable mRS (0-2),binary_logistic_GEE_mRS_0_2,152,98
MRS,T1,0.8131991051454139,0.06557731263426195,0.022213348504972363,0.17816931429852984,Probability of favorable mRS (0-2),binary_logistic_GEE_mRS_0_2,152,98
MRS,T1,0.8154362416107384,0.06347220365856115,0.021125415808099648,0.175487051318021,Probability of favorable mRS (0-2),binary_logistic_GEE_mRS_0_2,152,98
MRS,T1,0.8176733780760628,0.06143022859019167,0.020087810827954848,0.17285019013120545,Probability of favorable mRS (0-2),binary_logistic_GEE_mRS_0_2,152,98
MRS,T1,0.8199105145413871,0.059449776145728286,0.019098478690897768,0.17025755925052005,Probability of favorable mRS (0-2),binary_logistic_GEE_mRS_0_2,152,98
MRS,T1,0.8221476510067114,0.05752925808193066,0.01815542216012504,0.16770804097852834,Probability of favorable mRS (0-2),binary_logistic_GEE_mRS_0_2,152,98
MRS,T1,0.8243847874720358,0.055667110124599566,0.01725670278279748,0.16520056815310027,Probability of favorable mRS (0-2),binary_logistic_GEE_mRS_0_2,152,98
MRS,T1,0.8266219239373602,0.053861792788378555,0.01640044165265702,0.16273412109403707,Probability of favorable mRS (0-2),binary_logistic_GEE_mRS_0_2,152,98
MRS,T1,0.8288590604026846,0.052111792093321764,0.015584819829832149,0.16030772474071045,Probability of favorable mRS (0-2),binary_logistic_GEE_mRS_0_2,152,98
MRS,T1,0.8310961968680091,0.05041562018394187,0.014808078456529998,0.1579204459703828,Probability of favorable mRS (0-2),binary_logistic_GEE_mRS_0_2,152,98
MRS,T1,0.8333333333333334,0.048771815856321135,0.014068518604383837,0.15557139108706283,Probability of favorable mRS (0-2),binary_logistic_GEE_mRS_0_2,152,98
MRS,T2,0.5,0.9189951163568225,0.6983416843694041,0.9823312181633734,Probability of favorable mRS (0-2),binary_logistic_GEE_mRS_0_2,152,98
MRS,T2,0.5022371364653244,0.9170769282867718,0.6958773807469941,0.981635733592218,Probability of favorable mRS (0-2),binary_logistic_GEE_mRS_0_2,152,98
MRS,T2,0.5044742729306487,0.9151175131285391,0.6933982173326947,0.9809137191452287,Probability of favorable mRS (0-2),binary_logistic_GEE_mRS_0_2,152,98
MRS,T2,0.5067114093959731,0.9131161847621391,0.690904142042201,0.98016422632917,Probability of favorable mRS (0-2),binary_logistic_GEE_mRS_0_2,152,98
MRS,T2,0.5089485458612976,0.9110722552232026,0.6883951008675249,0.9793862776010203,Probability of favorable mRS (0-2),binary_logistic_GEE_mRS_0_2,152,98
MRS,T2,0.5111856823266219,0.9089850352234311,0.6858710377291889,0.978578865863465,Probability of favorable mRS (0-2),binary_logistic_GEE_mRS_0_2,152,98
MRS,T2,0.5134228187919463,0.9068538346979326,0.6833318943208394,0.9777409539856291,Probability of favorable mRS (0-2),binary_logistic_GEE_mRS_0_2,152,98
MRS,T2,0.5156599552572707,0.9046779633799408,0.680777609945933,0.976871474352876,Probability of favorable mRS (0-2),binary_logistic_GEE_mRS_0_2,152,98
MRS,T2,0.5178970917225951,0.9024567314033858,0.6782081213461106,0.9759693284497821,Probability of favorable mRS (0-2),binary_logistic_GEE_mRS_0_2,152,98
MRS,T2,0.5201342281879194,0.9001894499337492,0.6756233625208774,0.9750333864807079,Probability of favorable mRS (0-2),binary_logistic_GEE_mRS_0_2,152,98
MRS,T2,0.5223713646532439,0.8978754318275874,0.673023264538165,0.9740624870326974,Probability of favorable mRS (0-2),binary_logistic_GEE_mRS_0_2,152,98
MRS,T2,0.5246085011185683,0.8955139923210643,0.6704077553353578,0.9730554367857663,Probability of favorable mRS (0-2),binary_logistic_GEE_mRS_0_2,152,98
MRS,T2,0.5268456375838926,0.8931044497477792,0.6677767595103274,0.9720110102759928,Probability of favorable mRS (0-2),binary_logistic_GEE_mRS_0_2,152,98
MRS,T2,0.529082774049217,0.8906461262861189,0.6651301981020019,0.9709279497171617,Probability of favorable mRS (0-2),binary_logistic_GEE_mRS_0_2,152,98
MRS,T2,0.5313199105145414,0.888138348736307,0.662467988359987,0.9698049648871002,Probability of favorable mRS (0-2),binary_logistic_GEE_mRS_0_2,152,98
MRS,T2,0.5335570469798658,0.8855804493272464,0.6597900435027204,0.9686407330852009,Probability of favorable mRS (0-2),binary_logistic_GEE_mRS_0_2,152,98
MRS,T2,0.5357941834451901,0.8829717665531901,0.6570962724636248,0.9674338991680279,Probability of favorable mRS (0-2),binary_logistic_GEE_mRS_0_2,152,98
MRS,T2,0.5380313199105146,0.8803116460401937,0.6543865796247063,0.9661830756702877,Probability of favorable mRS (0-2),binary_logistic_GEE_mRS_0_2,152,98
MRS,T2,0.540268456375839,0.8775994414422201,0.6516608645370147,0.9648868430188529,Probability of favorable mRS (0-2),binary_logistic_GEE_mRS_0_2,152,98
MRS,T2,0.5425055928411633,0.8748345153666834,0.6489190216273669,0.9635437498479236,Probability of favorable mRS (0-2),binary_logistic_GEE_mRS_0_2,152,98
MRS,T2,0.5447427293064877,0.8720162403291231,0.6461609398907053,0.9621523134238262,Probability of favorable mRS (0-2),binary_logistic_GEE_mRS_0_2,152,98
MRS,T2,0.5469798657718121,0.8691439997366084,0.6433865025674487,0.9607110201883475,Probability of favorable mRS (0-2),binary_logistic_GEE_mRS_0_2,152,98
MRS,T2,0.5492170022371364,0.8662171888993598,0.640595586805161,0.9592183264299083,Probability of favorable mRS (0-2),binary_logistic_GEE_mRS_0_2,152,98
MRS,T2,0.5514541387024608,0.8632352160699764,0.637788063303852,0.9576726590922686,Probability of favorable mRS (0-2),binary_logistic_GEE_mRS_0_2,152,98
MRS,T2,0.5536912751677853,0.8601975035095426,0.6349637959441994,0.956072416730847,Probability of favorable mRS (0-2),binary_logistic_GEE_mRS_0_2,152,98
MRS,T2,0.5559284116331096,0.8571034885797626,0.6321226413979618,0.9544159706270925,Probability of favorable mRS (0-2),binary_logistic_GEE_mRS_0_2,152,98
MRS,T2,0.558165548098434,0.8539526248601601,0.6292644487198399,0.952701666071699,Probability of favorable mRS (0-2),binary_logistic_GEE_mRS_0_2,152,98
MRS,T2,0.5604026845637584,0.8507443832892444,0.6263890589200279,0.9509278238277693,Probability of favorable mRS (0-2),binary_logistic_GEE_mRS_0_2,152,98
MRS,T2,0.5626398210290828,0.8474782533284154,0.6234963045166828,0.9490927417853157,Probability of favorable mRS (0-2),binary_logistic_GEE_mRS_0_2,152,98
MRS,T2,0.5648769574944071,0.8441537441472463,0.6205860090675395,0.9471946968187352,Probability of favorable mRS (0-2),binary_logistic_GEE_mRS_0_2,152,98
MRS,T2,0.5671140939597316,0.8407703858286377,0.6176579866798935,0.9452319468590917,Probability of favorable mRS (0-2),binary_logistic_GEE_mRS_0_2,152,98
MRS,T2,0.569351230425056,0.8373277305922038,0.6147120414981796,0.9432027331931795,Probability of favorable mRS (0-2),binary_logistic_GEE_mRS_0_2,152,98
MRS,T2,0.5715883668903803,0.8338253540340941,0.6117479671683821,0.9411052830014219,Probability of favorable mRS (0-2),binary_logistic_GEE_mRS_0_2,152,98
MRS,T2,0.5738255033557047,0.8302628563813135,0.6087655462785405,0.9389378121466627,Probability of favorable mRS (0-2),binary_logistic_GEE_mRS_0_2,152,98
MRS,T2,0.5760626398210291,0.8266398637584558,0.6057645497746381,0.9366985282258286,Probability of favorable mRS (0-2),binary_logistic_GEE_mRS_0_2,152,98
MRS,T2,0.5782997762863535,0.822956029464605,0.6027447363512043,0.9343856338962648,Probability of favorable mRS (0-2),binary_logistic_GEE_mRS_0_2,152,98
MRS,T2,0.5805369127516778,0.8192110352580151,0.5997058518160214,0.9319973304882707,Probability of favorable mRS (0-2),binary_logistic_GEE_mRS_0_2,152,98
MRS,T2,0.5827740492170023,0.8154045926460256,0.5966476284283967,0.9295318219149524,Probability of favorable mRS (0-2),binary_logistic_GEE_mRS_0_2,152,98
MRS,T2,0.5850111856823267,0.8115364441775175,0.593569784210554,0.9269873188899959,Probability of favorable mRS (0-2),binary_logistic_GEE_mRS_0_2,152,98
MRS,T2,0.587248322147651,0.8076063647350633,0.5904720222318112,0.9243620434632692,Probability of favorable mRS (0-2),binary_logistic_GEE_mRS_0_2,152,98
MRS,T2,0.5894854586129754,0.8036141628237826,0.587354029865359,0.921654233883346,Probability of favorable mRS (0-2),binary_logistic_GEE_mRS_0_2,152,98
MRS,T2,0.5917225950782998,0.7995596818537678,0.5842154780176163,0.9188621497950236,Probability of favorable mRS (0-2),binary_logistic_GEE_mRS_0_2,152,98
MRS,T2,0.5939597315436241,0.7954428014128035,0.5810560203303518,0.9159840777787233,Probability of favorable mRS (0-2),binary_logistic_GEE_mRS_0_2,152,98
MRS,T2,0.5961968680089486,0.791263438525971,0.5778752923560018,0.9130183372372566,Probability of favorable mRS (0-2),binary_logistic_GEE_mRS_0_2,152,98
MRS,T2,0.598434004474273,0.7870215488986039,0.5746729107069106,0.9099632866338357,Probability of favorable mRS (0-2),binary_logistic_GEE_mRS_0_2,152,98
MRS,T2,0.6006711409395973,0.7827171281389314,0.5714484721795566,0.9068173300833481,Probability of favorable mRS (0-2),binary_logistic_GEE_mRS_0_2,152,98
MRS,T2,0.6029082774049217,0.7783502129566415,0.5682015528552333,0.9035789242968365,Probability of favorable mRS (0-2),binary_logistic_GEE_mRS_0_2,152,98
MRS,T2,0.6051454138702461,0.7739208823334939,0.5649317071791299,0.9002465858767592,Probability of favorable mRS (0-2),binary_logistic_GEE_mRS_0_2,152,98
MRS,T2,0.6073825503355705,0.7694292586620067,0.5616384670202892,0.8968188989579828,Probability of favorable mRS (0-2),binary_logistic_GEE_mRS_0_2,152,98
MRS,T2,0.6096196868008948,0.7648755088481798,0.5583213407155682,0.8932945231865413,Probability of favorable mRS (0-2),binary_logistic_GEE_mRS_0_2,152,98
MRS,T2,0.6118568232662193,0.7602598453741285,0.5549798121014451,0.8896722020249813,Probability of favorable mRS (0-2),binary_logistic_GEE_mRS_0_2,152,98
MRS,T2,0.6140939597315437,0.7555825273164679,0.551613339538364,0.8859507713695914,Probability of favorable mRS (0-2),binary_logistic_GEE_mRS_0_2,152,98
MRS,T2,0.616331096196868,0.7508438613162268,0.5482213549332561,0.8821291684609712,Probability of favorable mRS (0-2),binary_logistic_GEE_mRS_0_2,152,98
MRS,T2,0.6185682326621924,0.7460442024960624,0.544803262766982,0.8782064410652335,Probability of favorable mRS (0-2),binary_logistic_GEE_mRS_0_2,152,98
MRS,T2,0.6208053691275168,0.7411839553205345,0.5413584391346762,0.8741817568986516,Probability of favorable mRS (0-2),binary_logistic_GEE_mRS_0_2,152,98
MRS,T2,0.6230425055928412,0.7362635743952066,0.5378862308083773,0.870054413263743,Probability of favorable mRS (0-2),binary_logistic_GEE_mRS_0_2,152,98
MRS,T2,0.6252796420581656,0.7312835652003725,0.5343859543329204,0.8658238468596506,Probability of favorable mRS (0-2),binary_logistic_GEE_mRS_0_2,152,98
MRS,T2,0.62751677852349,0.7262444847552577,0.5308568951678344,0.861489643724232,Probability of favorable mRS (0-2),binary_logistic_GEE_mRS_0_2,152,98
MRS,T2,0.6297539149888143,0.7211469422086141,0.5272983068899856,0.8570515492595233,Probability of favorable mRS (0-2),binary_logistic_GEE_mRS_0_2,152,98
MRS,T2,0.6319910514541387,0.7159915993517111,0.5237094104738972,0.8525094782861993,Probability of favorable mRS (0-2),binary_logistic_GEE_mRS_0_2,152,98
MRS,T2,0.6342281879194631,0.7107791710498474,0.5200893936691366,0.8478635250663735,Probability of favorable mRS (0-2),binary_logistic_GEE_mRS_0_2,152,98
MRS,T2,0.6364653243847875,0.7055104255886331,0.5164374104968178,0.8431139732275554,Probability of favorable mRS (0-2),binary_logistic_GEE_mRS_0_2,152,98
MRS,T2,0.6387024608501118,0.700186184931451,0.512752580890216,0.838261305513885,Probability of favorable mRS (0-2),binary_logistic_GEE_mRS_0_2,152,98
MRS,T2,0.6409395973154363,0.694807324884682,0.509033990507646,0.8333062132839223,Probability of favorable mRS (0-2),binary_logistic_GEE_mRS_0_2,152,98
MRS,T2,0.6431767337807607,0.6893747751674875,0.5052806907491753,0.8282496056673723,Probability of favorable mRS (0-2),binary_logistic_GEE_mRS_0_2,152,98
MRS,T2,0.645413870246085,0.6838895193831475,0.5014916990123642,0.8230926182861968,Probability of favorable mRS (0-2),binary_logistic_GEE_mRS_0_2,152,98
MRS,T2,0.6476510067114094,0.6783525948892151,0.4976659992260422,0.8178366214387733,Probability of favorable mRS (0-2),binary_logistic_GEE_mRS_0_2,152,98
MRS,T2,0.6498881431767338,0.6727650925640055,0.49380254270509355,0.8124832276391308,Probability of favorable mRS (0-2),binary_logistic_GEE_mRS_0_2,152,98
MRS,T2,0.6521252796420582,0.6671281564672198,0.4899002493732594,0.8070342983970028,Probability of favorable mRS (0-2),binary_logistic_GEE_mRS_0_2,152,98
MRS,T2,0.6543624161073825,0.6614429833928204,0.48595800940501194,0.8014919501186262,Probability of favorable mRS (0-2),binary_logistic_GEE_mRS_0_2,152,98
MRS,T2,0.656599552572707,0.6557108223125914,0.48197468534147264,0.7958585590030364,Probability of favorable mRS (0-2),binary_logistic_GEE_mRS_0_2,152,98
MRS,T2,0.6588366890380314,0.6499329737091664,0.47794911473903473,0.7901367648042902,Probability of favorable mRS (0-2),binary_logistic_GEE_mRS_0_2,152,98
MRS,T2,0.6610738255033557,0.6441107887976596,0.4738801134126023,0.7843294733267805,Probability of favorable mRS (0-2),binary_logistic_GEE_mRS_0_2,152,98
MRS,T2,0.6633109619686801,0.6382456686354177,0.4697664793379951,0.7784398575188941,Probability of favorable mRS (0-2),binary_logistic_GEE_mRS_0_2,152,98
MRS,T2,0.6655480984340045,0.6323390631197927,0.46560699727984,0.7724713570299553,Probability of favorable mRS (0-2),binary_logistic_GEE_mRS_0_2,152,98
MRS,T2,0.667785234899329,0.6263924698742382,0.4614004442118924,0.7664276760970296,Probability of favorable mRS (0-2),binary_logistic_GEE_mRS_0_2,152,98
MRS,T2,0.6700223713646533,0.6204074330234378,0.45714559559588835,0.7603127796320878,Probability of favorable mRS (0-2),binary_logistic_GEE_mRS_0_2,152,98
MRS,T2,0.6722595078299777,0.6143855418585943,0.45284123258238906,0.7541308873866086,Probability of favorable mRS (0-2),binary_logistic_GEE_mRS_0_2,152,98
MRS,T2,0.674496644295302,0.6083284293944305,0.44848615019223126,0.7478864660803222,Probability of favorable mRS (0-2),binary_logistic_GEE_mRS_0_2,152,98
MRS,T2,0.6767337807606264,0.602237770819871,0.4440791665297886,0.7415842193938349,Probability of favorable mRS (0-2),binary_logistic_GEE_mRS_0_2,152,98
MRS,T2,0.6789709172259508,0.5961152818448099,0.4396191330688699,0.7352290757417399,Probability of favorable mRS (0-2),binary_logistic_GEE_mRS_0_2,152,98
MRS,T2,0.6812080536912752,0.589962716945783,0.43510494603836547,0.7288261737637765,Probability of favorable mRS (0-2),binary_logistic_GEE_mRS_0_2,152,98
MRS,T2,0.6834451901565995,0.5837818675137901,0.4305355589174013,0.7223808454969971,Probability of favorable mRS (0-2),binary_logistic_GEE_mRS_0_2,152,98
MRS,T2,0.685682326621924,0.5775745599079187,0.4259099960285225,0.7158985972218325,Probability of favorable mRS (0-2),binary_logistic_GEE_mRS_0_2,152,98
MRS,T2,0.6879194630872484,0.5713426534188324,0.4212273671922073,0.7093850880095094,Probability of favorable mRS (0-2),binary_logistic_GEE_mRS_0_2,152,98
MRS,T2,0.6901565995525727,0.5650880381465643,0.41648688337684503,0.7028461060372717,Probability of favorable mRS (0-2),binary_logistic_GEE_mRS_0_2,152,98
MRS,T2,0.6923937360178971,0.558812632797444,0.4116878732454679,0.6962875427809776,Probability of favorable mRS (0-2),binary_logistic_GEE_mRS_0_2,152,98
MRS,T2,0.6946308724832215,0.5525183824053423,0.40682980046449,0.6897153652412434,Probability of favorable mRS (0-2),binary_logistic_GEE_mRS_0_2,152,98
MRS,T2,0.696868008948546,0.546207255982752,0.4019122816012515,0.6831355864084818,Probability of favorable mRS (0-2),binary_logistic_GEE_mRS_0_2,152,98
MRS,T2,0.6991051454138703,0.5398812441075461,0.39693510439736845,0.6765542342227556,Probability of favorable mRS (0-2),binary_logistic_GEE_mRS_0_2,152,98
MRS,T2,0.7013422818791947,0.5335423564515474,0.39189824616511465,0.6699773193347897,Probability of favorable mRS (0-2),binary_logistic_GEE_mRS_0_2,152,98
MRS,T2,0.7035794183445191,0.5271926192573128,0.3868018920159561,0.663410802022991,Probability of favorable mRS (0-2),binary_logistic_GEE_mRS_0_2,152,98
MRS,T2,0.7058165548098434,0.5208340727697689,0.3816464525958097,0.6568605586658507,Probability of favorable mRS (0-2),binary_logistic_GEE_mRS_0_2,152,98
MRS,T2,0.7080536912751678,0.5144687686295513,0.3764325809726582,0.6503323482074846,Probability of favorable mRS (0-2),binary_logistic_GEE_mRS_0_2,152,98
MRS,T2,0.7102908277404922,0.5080987672350833,0.3711611883009019,0.6438317790840573,Probability of favorable mRS (0-2),binary_logistic_GEE_mRS_0_2,152,98
MRS,T2,0.7125279642058167,0.5017261350805622,0.36583345787529226,0.6373642770982593,Probability of favorable mRS (0-2),binary_logistic_GEE_mRS_0_2,152,98
MRS,T2,0.714765100671141,0.49535294207715347,0.36045085718726255,0.6309350547360041,Probability of favorable mRS (0-2),binary_logistic_GEE_mRS_0_2,152,98
MRS,T2,0.7170022371364654,0.48898125886475435,0.3550151476093302,0.6245490824125174,Probability of favorable mRS (0-2),binary_logistic_GEE_mRS_0_2,152,98
MRS,T2,0.7192393736017897,0.48261315412175143,0.34952839135986474,0.6182110621131136,Probability of favorable mRS (0-2),binary_logistic_GEE_mRS_0_2,152,98
MRS,T2,0.7214765100671141,0.4762506918801853,0.34399295544105657,0.6119254038568718,Probability of favorable mRS (0-2),binary_logistic_GEE_mRS_0_2,152,98
MRS,T2,0.7237136465324385,0.4698959288537326,0.3384115122968394,0.6056962053597242,Probability of favorable mRS (0-2),binary_logistic_GEE_mRS_0_2,152,98
MRS,T2,0.725950782997763,0.46355091178583413,0.3327870370033987,0.5995272352084248,Probability of favorable mRS (0-2),binary_logistic_GEE_mRS_0_2,152,98
MRS,T2,0.7281879194630873,0.45721767482521825,0.32712280088064344,0.5934219197806535,Probability of favorable mRS (0-2),binary_logistic_GEE_mRS_0_2,152,98
MRS,T2,0.7304250559284117,0.4508982369359291,0.3214223614957688,0.5873833340619329,Probability of favorable mRS (0-2),binary_logistic_GEE_mRS_0_2,152,98
MRS,T2,0.7326621923937361,0.4445945993488186,0.3156895491165111,0.5814141964204375,Probability of favorable mRS (0-2),binary_logistic_GEE_mRS_0_2,152,98
MRS,T2,0.7348993288590604,0.4383087430612523,0.3099284497581993,0.5755168673098823,Probability of favorable mRS (0-2),binary_logistic_GEE_mRS_0_2,152,98
MRS,T2,0.7371364653243848,0.43204262639156904,0.30414338505160016,0.5696933517822296,Probability of favorable mRS (0-2),binary_logistic_GEE_mRS_0_2,152,98
MRS,T2,0.7393736017897092,0.42579818259457786,0.2983388892342715,0.5639453056095826,Probability of favorable mRS (0-2),binary_logistic_GEE_mRS_0_2,152,98
MRS,T2,0.7416107382550337,0.4195773175440886,0.29251968363358305,0.5582740447415254,Probability of favorable mRS (0-2),binary_logistic_GEE_mRS_0_2,152,98
MRS,T2,0.743847874720358,0.41338190748817844,0.2866906490622841,0.5526805577629668,Probability of favorable mRS (0-2),binary_logistic_GEE_mRS_0_2,152,98
MRS,T2,0.7460850111856824,0.40721379688255854,0.2808567965857157,0.5471655209700592,Probability of favorable mRS (0-2),binary_logistic_GEE_mRS_0_2,152,98
MRS,T2,0.7483221476510067,0.40107479630707,0.2750232371426181,0.5417293156491038,Probability of favorable mRS (0-2),binary_logistic_GEE_mRS_0_2,152,98
MRS,T2,0.7505592841163311,0.39496668046995076,0.2691951505088725,0.5363720471256425,Probability of favorable mRS (0-2),binary_logistic_GEE_mRS_0_2,152,98
MRS,T2,0.7527964205816555,0.3888911863041562,0.26337775408619557,0.5310935651477179,Probability of favorable mRS (0-2),binary_logistic_GEE_mRS_0_2,152,98
MRS,T2,0.7550335570469799,0.3828500111595983,0.25757627197709726,0.5258934851772207,Probability of favorable mRS (0-2),binary_logistic_GEE_mRS_0_2,152,98
MRS,T2,0.7572706935123044,0.37684481109477463,0.2517959047752562,0.5207712101846815,Probability of favorable mRS (0-2),binary_logistic_GEE_mRS_0_2,152,98
MRS,T2,0.7595078299776287,0.3708771992708383,0.2460418004590727,0.5157259525736471,Probability of favorable mRS (0-2),binary_logistic_GEE_mRS_0_2,152,98
MRS,T2,0.7617449664429531,0.3649487444507343,0.24031902672793318,0.5107567558986554,Probability of favorable mRS (0-2),binary_logistic_GEE_mRS_0_2,152,98
MRS,T2,0.7639821029082774,0.3590609696056145,0.23463254506810938,0.5058625160834931,Probability of favorable mRS (0-2),binary_logistic_GEE_mRS_0_2,152,98
MRS,T2,0.7662192393736018,0.3532153506302994,0.22898718678047986,0.5010420018916637,Probability of favorable mRS (0-2),binary_logistic_GEE_mRS_0_2,152,98
MRS,T2,0.7684563758389262,0.34741331516915397,0.22338763114752314,0.4962938744468894,Probability of favorable mRS (0-2),binary_logistic_GEE_mRS_0_2,152,98
MRS,T2,0.7706935123042506,0.34165624155330243,0.21783838586399593,0.49161670564626203,Probability of favorable mRS (0-2),binary_logistic_GEE_mRS_0_2,152,98
MRS,T2,0.7729306487695751,0.3359454578497114,0.21234376980586392,0.48700899535106457,Probability of favorable mRS (0-2),binary_logistic_GEE_mRS_0_2,152,98
MRS,T2,0.7751677852348994,0.330282241022255,0.20690789816641933,0.48246918727921545,Probability of favorable mRS (0-2),binary_logistic_GEE_mRS_0_2,152,98
MRS,T2,0.7774049217002237,0.32466781620448365,0.20153466994785926,0.477995683558092,Probability of favorable mRS (0-2),binary_logistic_GEE_mRS_0_2,152,98
MRS,T2,0.7796420581655481,0.3191033560834417,0.19622775776131626,0.4735868579267663,Probability of favorable mRS (0-2),binary_logistic_GEE_mRS_0_2,152,98
MRS,T2,0.7818791946308725,0.31358998039350167,0.19099059985857963,0.46924106760225864,Probability of favorable mRS (0-2),binary_logistic_GEE_mRS_0_2,152,98
MRS,T2,0.7841163310961969,0.30812875551883734,0.18582639429445286,0.4649566638454065,Probability of favorable mRS (0-2),binary_logistic_GEE_mRS_0_2,152,98
MRS,T2,0.7863534675615214,0.3027206942028219,0.18073809509961372,0.460732001278532,Probability of favorable mRS (0-2),binary_logistic_GEE_mRS_0_2,152,98
MRS,T2,0.7885906040268457,0.29736675536231844,0.1757284103295987,0.4565654460196512,Probability of favorable mRS (0-2),binary_logistic_GEE_mRS_0_2,152,98
MRS,T2,0.7908277404921701,0.2920678440045347,0.1707998018456796,0.45245538270690006,Probability of favorable mRS (0-2),binary_logistic_GEE_mRS_0_2,152,98
MRS,T2,0.7930648769574944,0.28682481124383746,0.1659544866774282,0.44840022049262496,Probability of favorable mRS (0-2),binary_logistic_GEE_mRS_0_2,152,98
MRS,T2,0.7953020134228188,0.2816384544156611,0.1611944398141485,0.44439839808965315,Probability of favorable mRS (0-2),binary_logistic_GEE_mRS_0_2,152,98
MRS,T2,0.7975391498881432,0.2765095172844217,0.15652139827260586,0.4404483879531043,Probability of favorable mRS (0-2),binary_logistic_GEE_mRS_0_2,152,98
MRS,T2,0.7997762863534676,0.2714386903421203,0.15193686629106828,0.4365486996801127,Probability of favorable mRS (0-2),binary_logistic_GEE_mRS_0_2,152,98
MRS,T2,0.8020134228187921,0.2664266111941442,0.14744212150419034,0.4326978827074485,Probability of favorable mRS (0-2),binary_logistic_GEE_mRS_0_2,152,98
MRS,T2,0.8042505592841164,0.26147386502859576,0.1430382219592569,0.4288945283835601,Probability of favorable mRS (0-2),binary_logistic_GEE_mRS_0_2,152,98
MRS,T2,0.8064876957494408,0.25658098516534006,0.1387260138414281,0.42513727148732805,Probability of favorable mRS (0-2),binary_logistic_GEE_mRS_0_2,152,98
MRS,T2,0.8087248322147651,0.2517484536808378,0.13450613978355583,0.4214247912610949,Probability of favorable mRS (0-2),binary_logistic_GEE_mRS_0_2,152,98
MRS,T2,0.8109619686800895,0.24697670210472136,0.13037904764459035,0.41775581202048884,Probability of favorable mRS (0-2),binary_logistic_GEE_mRS_0_2,152,98
MRS,T2,0.8131991051454139,0.2422661121840051,0.12634499964937,0.4141291033984253,Probability of favorable mRS (0-2),binary_logistic_GEE_mRS_0_2,152,98
MRS,T2,0.8154362416107384,0.23761701671074603,0.12240408179143993,0.41054348027551524,Probability of favorable mRS (0-2),binary_logistic_GEE_mRS_0_2,152,98
MRS,T2,0.8176733780760628,0.2330297004089411,0.11855621340937894,0.40699780244410594,Probability of favorable mRS (0-2),binary_logistic_GEE_mRS_0_2,152,98
MRS,T2,0.8199105145413871,0.22850440087642307,0.11480115685576119,0.40349097404835577,Probability of favorable mRS (0-2),binary_logistic_GEE_mRS_0_2,152,98
MRS,T2,0.8221476510067114,0.2240413095775126,0.11113852718626041,0.40002194283818077,Probability of favorable mRS (0-2),binary_logistic_GEE_mRS_0_2,152,98
MRS,T2,0.8243847874720358,0.2196405728822039,0.10756780180445373,0.39658969927064175,Probability of favorable mRS (0-2),binary_logistic_GEE_mRS_0_2,152,98
MRS,T2,0.8266219239373602,0.21530229314768876,0.10408833000552048,0.3931932754883755,Probability of favorable mRS (0-2),binary_logistic_GEE_mRS_0_2,152,98
MRS,T2,0.8288590604026846,0.21102652983806805,0.10069934236924959,0.3898317442010266,Probability of favorable mRS (0-2),binary_logistic_GEE_mRS_0_2,152,98
MRS,T2,0.8310961968680091,0.20681330067817053,0.09739995995952805,0.3865042174923281,Probability of favorable mRS (0-2),binary_logistic_GEE_mRS_0_2,152,98
MRS,T2,0.8333333333333334,0.20266258283746125,0.09418920329376805,0.3832098455724518,Probability of favorable mRS (0-2),binary_logistic_GEE_mRS_0_2,152,98
