animal_id,day,group,stroke_type,study_group,Strain,outcome,value,floor,ceiling,valid_value,at_floor,at_ceiling
GV_T3_10_1,0,Stroke,MOp/MOs (large),GV-1 ,C57BL/6J,C_PawDragPercent,16.66666667,0.0,100.0,True,False,False
GV_T3_10_1,3,Stroke,MOp/MOs (large),GV-1 ,C57BL/6J,C_PawDragPercent,16.66666667,0.0,100.0,True,False,False
GV_T3_10_1,7,Stroke,MOp/MOs (large),GV-1 ,C57BL/6J,C_PawDragPercent,0.0,0.0,100.0,True,True,False
GV_T3_10_1,14,Stroke,MOp/MOs (large),GV-1 ,C57BL/6J,C_PawDragPercent,11.11111111,0.0,100.0,True,False,False
GV_T3_10_1,28,Stroke,MOp/MOs (large),GV-1 ,C57BL/6J,C_PawDragPercent,0.0,0.0,100.0,True,True,False
GV_T3_10_2,0,Stroke,MOp/MOs (large),GV-1 ,C57BL/6J,C_PawDragPercent,16.66666667,0.0,100.0,True,False,False
GV_T3_10_2,3,Stroke,MOp/MOs (large),GV-1 ,C57BL/6J,C_PawDragPercent,33.33333333,0.0,100.0,True,False,False
GV_T3_10_2,14,Stroke,MOp/MOs (large),GV-1 ,C57BL/6J,C_PawDragPercent,20.0,0.0,100.0,True,False,False
GV_T3_10_2,21,Stroke,MOp/MOs (large),GV-1 ,C57BL/6J,C_PawDragPercent,33.33333333,0.0,100.0,True,False,False
GV_T3_10_2,28,Stroke,MOp/MOs (large),GV-1 ,C57BL/6J,C_PawDragPercent,20.0,0.0,100.0,True,False,False
GV_T3_10_4,0,Stroke,MOp/MOs (large),GV-1 ,C57BL/6J,C_PawDragPercent,5.0,0.0,100.0,True,False,False
GV_T3_10_4,3,Stroke,MOp/MOs (large),GV-1 ,C57BL/6J,C_PawDragPercent,0.0,0.0,100.0,True,True,False
GV_T3_10_4,28,Stroke,MOp/MOs (large),GV-1 ,C57BL/6J,C_PawDragPercent,16.66666667,0.0,100.0,True,False,False
GV_T3_11_2,0,Sham,MOp/MOs Sham,GV-1 ,C57BL/6J,C_PawDragPercent,10.0,0.0,100.0,True,False,False
GV_T3_11_2,3,Sham,MOp/MOs Sham,GV-1 ,C57BL/6J,C_PawDragPercent,0.0,0.0,100.0,True,True,False
GV_T3_11_2,28,Sham,MOp/MOs Sham,GV-1 ,C57BL/6J,C_PawDragPercent,0.0,0.0,100.0,True,True,False
GV_T3_11_3,0,Sham,MOp/MOs Sham,GV-1 ,C57BL/6J,C_PawDragPercent,15.0,0.0,100.0,True,False,False
GV_T3_11_3,3,Sham,MOp/MOs Sham,GV-1 ,C57BL/6J,C_PawDragPercent,13.33333333,0.0,100.0,True,False,False
GV_T3_11_3,7,Sham,MOp/MOs Sham,GV-1 ,C57BL/6J,C_PawDragPercent,5.0,0.0,100.0,True,False,False
GV_T3_11_3,14,Sham,MOp/MOs Sham,GV-1 ,C57BL/6J,C_PawDragPercent,18.18181818,0.0,100.0,True,False,False
GV_T3_11_3,21,Sham,MOp/MOs Sham,GV-1 ,C57BL/6J,C_PawDragPercent,20.0,0.0,100.0,True,False,False
GV_T3_11_3,28,Sham,MOp/MOs Sham,GV-1 ,C57BL/6J,C_PawDragPercent,5.555555556,0.0,100.0,True,False,False
GV_T3_11_4,0,Sham,MOp/MOs Sham,GV-1 ,C57BL/6J,C_PawDragPercent,10.0,0.0,100.0,True,False,False
GV_T3_11_4,3,Sham,MOp/MOs Sham,GV-1 ,C57BL/6J,C_PawDragPercent,0.0,0.0,100.0,True,True,False
GV_T3_11_4,7,Sham,MOp/MOs Sham,GV-1 ,C57BL/6J,C_PawDragPercent,7.692307692,0.0,100.0,True,False,False
GV_T3_11_4,14,Sham,MOp/MOs Sham,GV-1 ,C57BL/6J,C_PawDragPercent,11.76470588,0.0,100.0,True,False,False
GV_T3_11_4,21,Sham,MOp/MOs Sham,GV-1 ,C57BL/6J,C_PawDragPercent,0.0,0.0,100.0,True,True,False
GV_T3_11_4,28,Sham,MOp/MOs Sham,GV-1 ,C57BL/6J,C_PawDragPercent,10.0,0.0,100.0,True,False,False
GV_T3_12_1,0,Stroke,MOp/MOs (large),"GV-1.4 (WT-PT, C3a-8wks)",C57BL/6J,C_PawDragPercent,5.882352941,0.0,100.0,True,False,False
GV_T3_12_1,3,Stroke,MOp/MOs (large),"GV-1.4 (WT-PT, C3a-8wks)",C57BL/6J,C_PawDragPercent,40.0,0.0,100.0,True,False,False
GV_T3_12_2,0,Stroke,MOp/MOs (large),"GV-1.4 (WT-PT, C3a-8wks)",C57BL/6J,C_PawDragPercent,0.0,0.0,100.0,True,True,False
GV_T3_12_2,3,Stroke,MOp/MOs (large),"GV-1.4 (WT-PT, C3a-8wks)",C57BL/6J,C_PawDragPercent,31.57894737,0.0,100.0,True,False,False
GV_T3_12_2,7,Stroke,MOp/MOs (large),"GV-1.4 (WT-PT, C3a-8wks)",C57BL/6J,C_PawDragPercent,29.41176471,0.0,100.0,True,False,False
GV_T3_12_2,14,Stroke,MOp/MOs (large),"GV-1.4 (WT-PT, C3a-8wks)",C57BL/6J,C_PawDragPercent,30.0,0.0,100.0,True,False,False
GV_T3_12_2,28,Stroke,MOp/MOs (large),"GV-1.4 (WT-PT, C3a-8wks)",C57BL/6J,C_PawDragPercent,18.18181818,0.0,100.0,True,False,False
GV_T3_12_2,42,Stroke,MOp/MOs (large),"GV-1.4 (WT-PT, C3a-8wks)",C57BL/6J,C_PawDragPercent,12.5,0.0,100.0,True,False,False
GV_T3_12_2,56,Stroke,MOp/MOs (large),"GV-1.4 (WT-PT, C3a-8wks)",C57BL/6J,C_PawDragPercent,0.0,0.0,100.0,True,True,False
GV_T3_12_3,0,Stroke,MOp/MOs (large),"GV-1.4 (WT-PT, C3a-8wks)",C57BL/6J,C_PawDragPercent,6.666666667,0.0,100.0,True,False,False
GV_T3_12_3,3,Stroke,MOp/MOs (large),"GV-1.4 (WT-PT, C3a-8wks)",C57BL/6J,C_PawDragPercent,35.0,0.0,100.0,True,False,False
GV_T3_12_3,7,Stroke,MOp/MOs (large),"GV-1.4 (WT-PT, C3a-8wks)",C57BL/6J,C_PawDragPercent,33.33333333,0.0,100.0,True,False,False
GV_T3_12_3,14,Stroke,MOp/MOs (large),"GV-1.4 (WT-PT, C3a-8wks)",C57BL/6J,C_PawDragPercent,25.0,0.0,100.0,True,False,False
GV_T3_12_3,28,Stroke,MOp/MOs (large),"GV-1.4 (WT-PT, C3a-8wks)",C57BL/6J,C_PawDragPercent,16.66666667,0.0,100.0,True,False,False
GV_T3_12_3,42,Stroke,MOp/MOs (large),"GV-1.4 (WT-PT, C3a-8wks)",C57BL/6J,C_PawDragPercent,18.18181818,0.0,100.0,True,False,False
GV_T3_12_3,56,Stroke,MOp/MOs (large),"GV-1.4 (WT-PT, C3a-8wks)",C57BL/6J,C_PawDragPercent,0.0,0.0,100.0,True,True,False
GV_T3_13_1,0,Stroke,MOp/MOs (large),"GV-1.4 (WT-PT, C3a-8wks)",C57BL/6J,C_PawDragPercent,0.0,0.0,100.0,True,True,False
GV_T3_13_1,3,Stroke,MOp/MOs (large),"GV-1.4 (WT-PT, C3a-8wks)",C57BL/6J,C_PawDragPercent,35.0,0.0,100.0,True,False,False
GV_T3_13_1,7,Stroke,MOp/MOs (large),"GV-1.4 (WT-PT, C3a-8wks)",C57BL/6J,C_PawDragPercent,27.27272727,0.0,100.0,True,False,False
GV_T3_13_1,14,Stroke,MOp/MOs (large),"GV-1.4 (WT-PT, C3a-8wks)",C57BL/6J,C_PawDragPercent,20.0,0.0,100.0,True,False,False
GV_T3_13_1,28,Stroke,MOp/MOs (large),"GV-1.4 (WT-PT, C3a-8wks)",C57BL/6J,C_PawDragPercent,18.18181818,0.0,100.0,True,False,False
GV_T3_13_1,42,Stroke,MOp/MOs (large),"GV-1.4 (WT-PT, C3a-8wks)",C57BL/6J,C_PawDragPercent,8.333333333,0.0,100.0,True,False,False
GV_T3_13_1,56,Stroke,MOp/MOs (large),"GV-1.4 (WT-PT, C3a-8wks)",C57BL/6J,C_PawDragPercent,0.0,0.0,100.0,True,True,False
GV_T3_13_2,3,Stroke,MOp/MOs (large),"GV-1.4 (WT-PT, C3a-8wks)",C57BL/6J,C_PawDragPercent,30.0,0.0,100.0,True,False,False
GV_T3_13_2,7,Stroke,MOp/MOs (large),"GV-1.4 (WT-PT, C3a-8wks)",C57BL/6J,C_PawDragPercent,33.33333333,0.0,100.0,True,False,False
GV_T3_13_2,14,Stroke,MOp/MOs (large),"GV-1.4 (WT-PT, C3a-8wks)",C57BL/6J,C_PawDragPercent,28.57142857,0.0,100.0,True,False,False
GV_T3_13_2,42,Stroke,MOp/MOs (large),"GV-1.4 (WT-PT, C3a-8wks)",C57BL/6J,C_PawDragPercent,0.0,0.0,100.0,True,True,False
GV_T3_13_3,0,Stroke,MOp/MOs (large),"GV-1.4 (WT-PT, C3a-8wks)",C57BL/6J,C_PawDragPercent,0.0,0.0,100.0,True,True,False
GV_T3_13_3,3,Stroke,MOp/MOs (large),"GV-1.4 (WT-PT, C3a-8wks)",C57BL/6J,C_PawDragPercent,30.0,0.0,100.0,True,False,False
GV_T3_13_3,7,Stroke,MOp/MOs (large),"GV-1.4 (WT-PT, C3a-8wks)",C57BL/6J,C_PawDragPercent,29.41176471,0.0,100.0,True,False,False
GV_T3_13_3,14,Stroke,MOp/MOs (large),"GV-1.4 (WT-PT, C3a-8wks)",C57BL/6J,C_PawDragPercent,20.0,0.0,100.0,True,False,False
GV_T3_13_3,28,Stroke,MOp/MOs (large),"GV-1.4 (WT-PT, C3a-8wks)",C57BL/6J,C_PawDragPercent,15.38461538,0.0,100.0,True,False,False
GV_T3_13_3,42,Stroke,MOp/MOs (large),"GV-1.4 (WT-PT, C3a-8wks)",C57BL/6J,C_PawDragPercent,8.333333333,0.0,100.0,True,False,False
GV_T3_13_3,56,Stroke,MOp/MOs (large),"GV-1.4 (WT-PT, C3a-8wks)",C57BL/6J,C_PawDragPercent,10.0,0.0,100.0,True,False,False
GV_T3_13_4,0,Stroke,MOp/MOs (large),"GV-1.4 (WT-PT, C3a-8wks)",C57BL/6J,C_PawDragPercent,11.76470588,0.0,100.0,True,False,False
GV_T3_13_4,3,Stroke,MOp/MOs (large),"GV-1.4 (WT-PT, C3a-8wks)",C57BL/6J,C_PawDragPercent,27.27272727,0.0,100.0,True,False,False
GV_T3_13_4,7,Stroke,MOp/MOs (large),"GV-1.4 (WT-PT, C3a-8wks)",C57BL/6J,C_PawDragPercent,25.0,0.0,100.0,True,False,False
GV_T3_13_4,14,Stroke,MOp/MOs (large),"GV-1.4 (WT-PT, C3a-8wks)",C57BL/6J,C_PawDragPercent,25.0,0.0,100.0,True,False,False
GV_T3_13_4,28,Stroke,MOp/MOs (large),"GV-1.4 (WT-PT, C3a-8wks)",C57BL/6J,C_PawDragPercent,16.66666667,0.0,100.0,True,False,False
GV_T3_13_4,56,Stroke,MOp/MOs (large),"GV-1.4 (WT-PT, C3a-8wks)",C57BL/6J,C_PawDragPercent,16.66666667,0.0,100.0,True,False,False
GV_T3_13_5,0,Stroke,MOp/MOs (large),"GV-1.3 (WT-PT, C3a control-8wks)",C57BL/6J,C_PawDragPercent,5.555555556,0.0,100.0,True,False,False
GV_T3_13_5,3,Stroke,MOp/MOs (large),"GV-1.3 (WT-PT, C3a control-8wks)",C57BL/6J,C_PawDragPercent,0.0,0.0,100.0,True,True,False
GV_T3_13_5,7,Stroke,MOp/MOs (large),"GV-1.3 (WT-PT, C3a control-8wks)",C57BL/6J,C_PawDragPercent,6.666666667,0.0,100.0,True,False,False
GV_T3_14_1,0,Stroke,MOp/MOs (large),"GV-1.3 (WT-PT, C3a control-8wks)",C57BL/6J,C_PawDragPercent,0.0,0.0,100.0,True,True,False
GV_T3_14_1,3,Stroke,MOp/MOs (large),"GV-1.3 (WT-PT, C3a control-8wks)",C57BL/6J,C_PawDragPercent,53.33333333,0.0,100.0,True,False,False
GV_T3_14_1,7,Stroke,MOp/MOs (large),"GV-1.3 (WT-PT, C3a control-8wks)",C57BL/6J,C_PawDragPercent,37.5,0.0,100.0,True,False,False
GV_T3_14_1,14,Stroke,MOp/MOs (large),"GV-1.3 (WT-PT, C3a control-8wks)",C57BL/6J,C_PawDragPercent,33.33333333,0.0,100.0,True,False,False
GV_T3_14_1,28,Stroke,MOp/MOs (large),"GV-1.3 (WT-PT, C3a control-8wks)",C57BL/6J,C_PawDragPercent,33.33333333,0.0,100.0,True,False,False
GV_T3_14_1,42,Stroke,MOp/MOs (large),"GV-1.3 (WT-PT, C3a control-8wks)",C57BL/6J,C_PawDragPercent,33.33333333,0.0,100.0,True,False,False
GV_T3_14_1,56,Stroke,MOp/MOs (large),"GV-1.3 (WT-PT, C3a control-8wks)",C57BL/6J,C_PawDragPercent,28.57142857,0.0,100.0,True,False,False
GV_T3_14_2,0,Stroke,MOp/MOs (large),"GV-1.3 (WT-PT, C3a control-8wks)",C57BL/6J,C_PawDragPercent,5.882352941,0.0,100.0,True,False,False
GV_T3_14_2,3,Stroke,MOp/MOs (large),"GV-1.3 (WT-PT, C3a control-8wks)",C57BL/6J,C_PawDragPercent,41.17647059,0.0,100.0,True,False,False
GV_T3_14_2,7,Stroke,MOp/MOs (large),"GV-1.3 (WT-PT, C3a control-8wks)",C57BL/6J,C_PawDragPercent,36.84210526,0.0,100.0,True,False,False
GV_T3_14_2,56,Stroke,MOp/MOs (large),"GV-1.3 (WT-PT, C3a control-8wks)",C57BL/6J,C_PawDragPercent,33.33333333,0.0,100.0,True,False,False
GV_T3_14_3,0,Stroke,MOp/MOs (large),"GV-1.3 (WT-PT, C3a control-8wks)",C57BL/6J,C_PawDragPercent,5.263157895,0.0,100.0,True,False,False
GV_T3_14_3,3,Stroke,MOp/MOs (large),"GV-1.3 (WT-PT, C3a control-8wks)",C57BL/6J,C_PawDragPercent,42.85714286,0.0,100.0,True,False,False
GV_T3_14_3,7,Stroke,MOp/MOs (large),"GV-1.3 (WT-PT, C3a control-8wks)",C57BL/6J,C_PawDragPercent,33.33333333,0.0,100.0,True,False,False
GV_T3_14_3,14,Stroke,MOp/MOs (large),"GV-1.3 (WT-PT, C3a control-8wks)",C57BL/6J,C_PawDragPercent,50.0,0.0,100.0,True,False,False
GV_T3_14_3,28,Stroke,MOp/MOs (large),"GV-1.3 (WT-PT, C3a control-8wks)",C57BL/6J,C_PawDragPercent,30.0,0.0,100.0,True,False,False
GV_T3_14_3,42,Stroke,MOp/MOs (large),"GV-1.3 (WT-PT, C3a control-8wks)",C57BL/6J,C_PawDragPercent,25.0,0.0,100.0,True,False,False
GV_T3_14_4,0,Stroke,MOp/MOs (large),"GV-1.3 (WT-PT, C3a control-8wks)",C57BL/6J,C_PawDragPercent,5.263157895,0.0,100.0,True,False,False
GV_T3_14_4,7,Stroke,MOp/MOs (large),"GV-1.3 (WT-PT, C3a control-8wks)",C57BL/6J,C_PawDragPercent,33.33333333,0.0,100.0,True,False,False
GV_T3_14_5,0,Stroke,MOp/MOs (large),"GV-1.3 (WT-PT, C3a control-8wks)",C57BL/6J,C_PawDragPercent,5.0,0.0,100.0,True,False,False
GV_T3_14_5,3,Stroke,MOp/MOs (large),"GV-1.3 (WT-PT, C3a control-8wks)",C57BL/6J,C_PawDragPercent,20.0,0.0,100.0,True,False,False
GV_T3_14_5,7,Stroke,MOp/MOs (large),"GV-1.3 (WT-PT, C3a control-8wks)",C57BL/6J,C_PawDragPercent,11.76470588,0.0,100.0,True,False,False
GV_T3_14_5,14,Stroke,MOp/MOs (large),"GV-1.3 (WT-PT, C3a control-8wks)",C57BL/6J,C_PawDragPercent,0.0,0.0,100.0,True,True,False
GV_T3_16_1,0,Stroke,MOp/MOs (large),"GV-1.4 (WT-PT, C3a-8wks)",C57BL/6J,C_PawDragPercent,5.0,0.0,100.0,True,False,False
GV_T3_16_1,7,Stroke,MOp/MOs (large),"GV-1.4 (WT-PT, C3a-8wks)",C57BL/6J,C_PawDragPercent,0.0,0.0,100.0,True,True,False
GV_T3_16_1,42,Stroke,MOp/MOs (large),"GV-1.4 (WT-PT, C3a-8wks)",C57BL/6J,C_PawDragPercent,16.66666667,0.0,100.0,True,False,False
GV_T3_16_1,56,Stroke,MOp/MOs (large),"GV-1.4 (WT-PT, C3a-8wks)",C57BL/6J,C_PawDragPercent,12.5,0.0,100.0,True,False,False
GV_T3_16_2,0,Stroke,MOp/MOs (large),"GV-1.4 (WT-PT, C3a-8wks)",C57BL/6J,C_PawDragPercent,5.0,0.0,100.0,True,False,False
GV_T3_16_2,3,Stroke,MOp/MOs (large),"GV-1.4 (WT-PT, C3a-8wks)",C57BL/6J,C_PawDragPercent,35.0,0.0,100.0,True,False,False
GV_T3_16_2,14,Stroke,MOp/MOs (large),"GV-1.4 (WT-PT, C3a-8wks)",C57BL/6J,C_PawDragPercent,25.0,0.0,100.0,True,False,False
GV_T3_16_2,28,Stroke,MOp/MOs (large),"GV-1.4 (WT-PT, C3a-8wks)",C57BL/6J,C_PawDragPercent,27.27272727,0.0,100.0,True,False,False
GV_T3_16_2,42,Stroke,MOp/MOs (large),"GV-1.4 (WT-PT, C3a-8wks)",C57BL/6J,C_PawDragPercent,11.11111111,0.0,100.0,True,False,False
GV_T3_16_2,56,Stroke,MOp/MOs (large),"GV-1.4 (WT-PT, C3a-8wks)",C57BL/6J,C_PawDragPercent,6.25,0.0,100.0,True,False,False
GV_T3_16_3,0,Stroke,MOp/MOs (large),"GV-1.4 (WT-PT, C3a-8wks)",C57BL/6J,C_PawDragPercent,0.0,0.0,100.0,True,True,False
GV_T3_16_3,3,Stroke,MOp/MOs (large),"GV-1.4 (WT-PT, C3a-8wks)",C57BL/6J,C_PawDragPercent,40.0,0.0,100.0,True,False,False
GV_T3_16_3,7,Stroke,MOp/MOs (large),"GV-1.4 (WT-PT, C3a-8wks)",C57BL/6J,C_PawDragPercent,45.0,0.0,100.0,True,False,False
GV_T3_16_3,14,Stroke,MOp/MOs (large),"GV-1.4 (WT-PT, C3a-8wks)",C57BL/6J,C_PawDragPercent,16.66666667,0.0,100.0,True,False,False
GV_T3_16_3,28,Stroke,MOp/MOs (large),"GV-1.4 (WT-PT, C3a-8wks)",C57BL/6J,C_PawDragPercent,28.57142857,0.0,100.0,True,False,False
GV_T3_16_3,42,Stroke,MOp/MOs (large),"GV-1.4 (WT-PT, C3a-8wks)",C57BL/6J,C_PawDragPercent,12.5,0.0,100.0,True,False,False
GV_T3_16_3,56,Stroke,MOp/MOs (large),"GV-1.4 (WT-PT, C3a-8wks)",C57BL/6J,C_PawDragPercent,10.0,0.0,100.0,True,False,False
GV_T3_16_4,0,Stroke,MOp/MOs (large),"GV-1.3 (WT-PT, C3a control-8wks)",C57BL/6J,C_PawDragPercent,5.555555556,0.0,100.0,True,False,False
GV_T3_16_4,3,Stroke,MOp/MOs (large),"GV-1.3 (WT-PT, C3a control-8wks)",C57BL/6J,C_PawDragPercent,33.33333333,0.0,100.0,True,False,False
GV_T3_16_4,7,Stroke,MOp/MOs (large),"GV-1.3 (WT-PT, C3a control-8wks)",C57BL/6J,C_PawDragPercent,23.52941176,0.0,100.0,True,False,False
GV_T3_16_4,14,Stroke,MOp/MOs (large),"GV-1.3 (WT-PT, C3a control-8wks)",C57BL/6J,C_PawDragPercent,40.0,0.0,100.0,True,False,False
GV_T3_16_4,42,Stroke,MOp/MOs (large),"GV-1.3 (WT-PT, C3a control-8wks)",C57BL/6J,C_PawDragPercent,33.33333333,0.0,100.0,True,False,False
GV_T3_17_2,0,Stroke,MOp/MOs (large),"GV-1.3 (WT-PT, C3a control-8wks)",C57BL/6J,C_PawDragPercent,0.0,0.0,100.0,True,True,False
GV_T3_17_2,3,Stroke,MOp/MOs (large),"GV-1.3 (WT-PT, C3a control-8wks)",C57BL/6J,C_PawDragPercent,0.0,0.0,100.0,True,True,False
GV_T3_17_2,7,Stroke,MOp/MOs (large),"GV-1.3 (WT-PT, C3a control-8wks)",C57BL/6J,C_PawDragPercent,5.0,0.0,100.0,True,False,False
GV_T3_17_2,14,Stroke,MOp/MOs (large),"GV-1.3 (WT-PT, C3a control-8wks)",C57BL/6J,C_PawDragPercent,0.0,0.0,100.0,True,True,False
GV_T3_17_3,0,Stroke,MOp/MOs (large),"GV-1.3 (WT-PT, C3a control-8wks)",C57BL/6J,C_PawDragPercent,8.333333333,0.0,100.0,True,False,False
GV_T3_17_3,3,Stroke,MOp/MOs (large),"GV-1.3 (WT-PT, C3a control-8wks)",C57BL/6J,C_PawDragPercent,33.33333333,0.0,100.0,True,False,False
GV_T3_17_3,7,Stroke,MOp/MOs (large),"GV-1.3 (WT-PT, C3a control-8wks)",C57BL/6J,C_PawDragPercent,28.57142857,0.0,100.0,True,False,False
GV_T3_17_3,14,Stroke,MOp/MOs (large),"GV-1.3 (WT-PT, C3a control-8wks)",C57BL/6J,C_PawDragPercent,28.57142857,0.0,100.0,True,False,False
GV_T3_17_3,28,Stroke,MOp/MOs (large),"GV-1.3 (WT-PT, C3a control-8wks)",C57BL/6J,C_PawDragPercent,28.57142857,0.0,100.0,True,False,False
GV_T3_17_3,56,Stroke,MOp/MOs (large),"GV-1.3 (WT-PT, C3a control-8wks)",C57BL/6J,C_PawDragPercent,20.0,0.0,100.0,True,False,False
GV_T3_17_4,0,Stroke,MOp/MOs (large),"GV-1.3 (WT-PT, C3a control-8wks)",C57BL/6J,C_PawDragPercent,0.0,0.0,100.0,True,True,False
GV_T3_17_4,3,Stroke,MOp/MOs (large),"GV-1.3 (WT-PT, C3a control-8wks)",C57BL/6J,C_PawDragPercent,33.33333333,0.0,100.0,True,False,False
GV_T3_17_4,7,Stroke,MOp/MOs (large),"GV-1.3 (WT-PT, C3a control-8wks)",C57BL/6J,C_PawDragPercent,5.0,0.0,100.0,True,False,False
GV_T3_17_4,14,Stroke,MOp/MOs (large),"GV-1.3 (WT-PT, C3a control-8wks)",C57BL/6J,C_PawDragPercent,13.33333333,0.0,100.0,True,False,False
GV_T3_17_4,28,Stroke,MOp/MOs (large),"GV-1.3 (WT-PT, C3a control-8wks)",C57BL/6J,C_PawDragPercent,23.07692308,0.0,100.0,True,False,False
GV_T3_17_4,42,Stroke,MOp/MOs (large),"GV-1.3 (WT-PT, C3a control-8wks)",C57BL/6J,C_PawDragPercent,20.0,0.0,100.0,True,False,False
GV_T3_17_4,56,Stroke,MOp/MOs (large),"GV-1.3 (WT-PT, C3a control-8wks)",C57BL/6J,C_PawDragPercent,20.0,0.0,100.0,True,False,False
GV_T3_17_5,0,Stroke,MOp/MOs (large),"GV-1.3 (WT-PT, C3a control-8wks)",C57BL/6J,C_PawDragPercent,10.0,0.0,100.0,True,False,False
GV_T3_17_5,3,Stroke,MOp/MOs (large),"GV-1.3 (WT-PT, C3a control-8wks)",C57BL/6J,C_PawDragPercent,0.0,0.0,100.0,True,True,False
GV_T3_17_5,7,Stroke,MOp/MOs (large),"GV-1.3 (WT-PT, C3a control-8wks)",C57BL/6J,C_PawDragPercent,0.0,0.0,100.0,True,True,False
GV_T3_3_1,3,Stroke,MOp/MOs (large),GV-1 ,C57BL/6J,C_PawDragPercent,52.94117647,0.0,100.0,True,False,False
GV_T3_3_1,7,Stroke,MOp/MOs (large),GV-1 ,C57BL/6J,C_PawDragPercent,33.33333333,0.0,100.0,True,False,False
GV_T3_3_1,14,Stroke,MOp/MOs (large),GV-1 ,C57BL/6J,C_PawDragPercent,23.07692308,0.0,100.0,True,False,False
GV_T3_3_1,21,Stroke,MOp/MOs (large),GV-1 ,C57BL/6J,C_PawDragPercent,0.0,0.0,100.0,True,True,False
GV_T3_3_1,28,Stroke,MOp/MOs (large),GV-1 ,C57BL/6J,C_PawDragPercent,6.25,0.0,100.0,True,False,False
GV_T3_3_2,0,Stroke,MOp/MOs (large),GV-1 ,C57BL/6J,C_PawDragPercent,0.0,0.0,100.0,True,True,False
GV_T3_3_2,21,Stroke,MOp/MOs (large),GV-1 ,C57BL/6J,C_PawDragPercent,16.66666667,0.0,100.0,True,False,False
GV_T3_3_2,28,Stroke,MOp/MOs (large),GV-1 ,C57BL/6J,C_PawDragPercent,9.090909091,0.0,100.0,True,False,False
GV_T3_3_3,0,Stroke,MOp/MOs (large),GV-1 ,C57BL/6J,C_PawDragPercent,10.0,0.0,100.0,True,False,False
GV_T3_3_3,3,Stroke,MOp/MOs (large),GV-1 ,C57BL/6J,C_PawDragPercent,40.0,0.0,100.0,True,False,False
GV_T3_3_3,7,Stroke,MOp/MOs (large),GV-1 ,C57BL/6J,C_PawDragPercent,9.090909091,0.0,100.0,True,False,False
GV_T3_3_3,14,Stroke,MOp/MOs (large),GV-1 ,C57BL/6J,C_PawDragPercent,14.28571429,0.0,100.0,True,False,False
GV_T3_3_3,28,Stroke,MOp/MOs (large),GV-1 ,C57BL/6J,C_PawDragPercent,0.0,0.0,100.0,True,True,False
GV_T3_4_1,0,Stroke,MOp/MOs (large),GV-1 ,C57BL/6J,C_PawDragPercent,0.0,0.0,100.0,True,True,False
GV_T3_4_1,14,Stroke,MOp/MOs (large),GV-1 ,C57BL/6J,C_PawDragPercent,21.42857143,0.0,100.0,True,False,False
GV_T3_4_1,21,Stroke,MOp/MOs (large),GV-1 ,C57BL/6J,C_PawDragPercent,10.0,0.0,100.0,True,False,False
GV_T3_4_1,28,Stroke,MOp/MOs (large),GV-1 ,C57BL/6J,C_PawDragPercent,11.11111111,0.0,100.0,True,False,False
GV_T3_4_2,7,Stroke,MOp/MOs (large),GV-1 ,C57BL/6J,C_PawDragPercent,25.0,0.0,100.0,True,False,False
GV_T3_4_2,14,Stroke,MOp/MOs (large),GV-1 ,C57BL/6J,C_PawDragPercent,20.0,0.0,100.0,True,False,False
GV_T3_4_2,21,Stroke,MOp/MOs (large),GV-1 ,C57BL/6J,C_PawDragPercent,12.5,0.0,100.0,True,False,False
GV_T3_4_3,0,Stroke,MOp/MOs (large),GV-1 ,C57BL/6J,C_PawDragPercent,5.0,0.0,100.0,True,False,False
GV_T3_4_3,3,Stroke,MOp/MOs (large),GV-1 ,C57BL/6J,C_PawDragPercent,41.66666667,0.0,100.0,True,False,False
GV_T3_4_3,7,Stroke,MOp/MOs (large),GV-1 ,C57BL/6J,C_PawDragPercent,11.11111111,0.0,100.0,True,False,False
GV_T3_4_3,14,Stroke,MOp/MOs (large),GV-1 ,C57BL/6J,C_PawDragPercent,7.692307692,0.0,100.0,True,False,False
GV_T3_4_3,21,Stroke,MOp/MOs (large),GV-1 ,C57BL/6J,C_PawDragPercent,18.18181818,0.0,100.0,True,False,False
GV_T3_4_3,28,Stroke,MOp/MOs (large),GV-1 ,C57BL/6J,C_PawDragPercent,5.0,0.0,100.0,True,False,False
GV_T3_8_2,0,Stroke,MOp/MOs (large),GV-1 ,C57BL/6J,C_PawDragPercent,0.0,0.0,100.0,True,True,False
GV_T3_8_2,3,Stroke,MOp/MOs (large),GV-1 ,C57BL/6J,C_PawDragPercent,44.44444444,0.0,100.0,True,False,False
GV_T3_8_2,7,Stroke,MOp/MOs (large),GV-1 ,C57BL/6J,C_PawDragPercent,30.76923077,0.0,100.0,True,False,False
GV_T3_8_2,14,Stroke,MOp/MOs (large),GV-1 ,C57BL/6J,C_PawDragPercent,15.38461538,0.0,100.0,True,False,False
GV_T3_8_2,21,Stroke,MOp/MOs (large),GV-1 ,C57BL/6J,C_PawDragPercent,0.0,0.0,100.0,True,True,False
GV_T3_8_2,28,Stroke,MOp/MOs (large),GV-1 ,C57BL/6J,C_PawDragPercent,0.0,0.0,100.0,True,True,False
GV_T3_8_4,3,Stroke,MOp/MOs (large),GV-1 ,C57BL/6J,C_PawDragPercent,0.0,0.0,100.0,True,True,False
GV_T3_8_4,7,Stroke,MOp/MOs (large),GV-1 ,C57BL/6J,C_PawDragPercent,16.66666667,0.0,100.0,True,False,False
GV_T3_8_4,14,Stroke,MOp/MOs (large),GV-1 ,C57BL/6J,C_PawDragPercent,16.66666667,0.0,100.0,True,False,False
GV_T3_9_1,3,Stroke,MOp/MOs (large),GV-1 ,C57BL/6J,C_PawDragPercent,62.5,0.0,100.0,True,False,False
GV_T3_9_1,7,Stroke,MOp/MOs (large),GV-1 ,C57BL/6J,C_PawDragPercent,22.22222222,0.0,100.0,True,False,False
GV_T3_9_1,14,Stroke,MOp/MOs (large),GV-1 ,C57BL/6J,C_PawDragPercent,10.0,0.0,100.0,True,False,False
GV_T3_9_1,21,Stroke,MOp/MOs (large),GV-1 ,C57BL/6J,C_PawDragPercent,16.66666667,0.0,100.0,True,False,False
GV_T3_9_1,28,Stroke,MOp/MOs (large),GV-1 ,C57BL/6J,C_PawDragPercent,9.090909091,0.0,100.0,True,False,False
GV_T3_9_3,7,Stroke,MOp/MOs (large),GV-1 ,C57BL/6J,C_PawDragPercent,0.0,0.0,100.0,True,True,False
GV_T3_9_3,21,Stroke,MOp/MOs (large),GV-1 ,C57BL/6J,C_PawDragPercent,0.0,0.0,100.0,True,True,False
PB_T3_10_1,0,Sham,MOp/MOs Sham,PB-T3.4 (WT-PT-Sham-2wks),C57BL/6J,C_PawDragPercent,0.0,0.0,100.0,True,True,False
PB_T3_10_1,3,Sham,MOp/MOs Sham,PB-T3.4 (WT-PT-Sham-2wks),C57BL/6J,C_PawDragPercent,10.0,0.0,100.0,True,False,False
PB_T3_10_1,7,Sham,MOp/MOs Sham,PB-T3.4 (WT-PT-Sham-2wks),C57BL/6J,C_PawDragPercent,0.0,0.0,100.0,True,True,False
PB_T3_10_1,14,Sham,MOp/MOs Sham,PB-T3.4 (WT-PT-Sham-2wks),C57BL/6J,C_PawDragPercent,0.0,0.0,100.0,True,True,False
PB_T3_10_2,0,Stroke,MOp/MOs (large),PB-T3.3 (WT-PT-2wks),C57BL/6J,C_PawDragPercent,0.0,0.0,100.0,True,True,False
PB_T3_10_2,3,Stroke,MOp/MOs (large),PB-T3.3 (WT-PT-2wks),C57BL/6J,C_PawDragPercent,47.36842105,0.0,100.0,True,False,False
PB_T3_10_2,14,Stroke,MOp/MOs (large),PB-T3.3 (WT-PT-2wks),C57BL/6J,C_PawDragPercent,20.0,0.0,100.0,True,False,False
PB_T3_10_3,0,Stroke,MOp/MOs (large),PB-T3.3 (WT-PT-2wks),C57BL/6J,C_PawDragPercent,5.0,0.0,100.0,True,False,False
PB_T3_10_3,3,Stroke,MOp/MOs (large),PB-T3.3 (WT-PT-2wks),C57BL/6J,C_PawDragPercent,30.0,0.0,100.0,True,False,False
PB_T3_10_3,7,Stroke,MOp/MOs (large),PB-T3.3 (WT-PT-2wks),C57BL/6J,C_PawDragPercent,40.0,0.0,100.0,True,False,False
PB_T3_10_3,14,Stroke,MOp/MOs (large),PB-T3.3 (WT-PT-2wks),C57BL/6J,C_PawDragPercent,25.0,0.0,100.0,True,False,False
PB_T3_11_1,0,Sham,MOp/MOs Sham,PB-T3.4 (WT-PT-Sham-2wks),C57BL/6J,C_PawDragPercent,0.0,0.0,100.0,True,True,False
PB_T3_11_1,3,Sham,MOp/MOs Sham,PB-T3.4 (WT-PT-Sham-2wks),C57BL/6J,C_PawDragPercent,15.0,0.0,100.0,True,False,False
PB_T3_11_1,7,Sham,MOp/MOs Sham,PB-T3.4 (WT-PT-Sham-2wks),C57BL/6J,C_PawDragPercent,6.25,0.0,100.0,True,False,False
PB_T3_12_1,0,Stroke,MOp/MOs (large),PB-T3.9 (WT-PT-8wks),C57BL/6J,C_PawDragPercent,0.0,0.0,100.0,True,True,False
PB_T3_12_1,7,Stroke,MOp/MOs (large),PB-T3.9 (WT-PT-8wks),C57BL/6J,C_PawDragPercent,45.0,0.0,100.0,True,False,False
PB_T3_12_1,42,Stroke,MOp/MOs (large),PB-T3.9 (WT-PT-8wks),C57BL/6J,C_PawDragPercent,0.0,0.0,100.0,True,True,False
PB_T3_12_1,56,Stroke,MOp/MOs (large),PB-T3.9 (WT-PT-8wks),C57BL/6J,C_PawDragPercent,0.0,0.0,100.0,True,True,False
PB_T3_12_2,0,Stroke,MOp/MOs (large),PB-T3.9 (WT-PT-8wks),C57BL/6J,C_PawDragPercent,0.0,0.0,100.0,True,True,False
PB_T3_12_2,3,Stroke,MOp/MOs (large),PB-T3.9 (WT-PT-8wks),C57BL/6J,C_PawDragPercent,27.27272727,0.0,100.0,True,False,False
PB_T3_12_2,7,Stroke,MOp/MOs (large),PB-T3.9 (WT-PT-8wks),C57BL/6J,C_PawDragPercent,37.5,0.0,100.0,True,False,False
PB_T3_12_2,14,Stroke,MOp/MOs (large),PB-T3.9 (WT-PT-8wks),C57BL/6J,C_PawDragPercent,22.22222222,0.0,100.0,True,False,False
PB_T3_12_2,28,Stroke,MOp/MOs (large),PB-T3.9 (WT-PT-8wks),C57BL/6J,C_PawDragPercent,33.33333333,0.0,100.0,True,False,False
PB_T3_12_2,42,Stroke,MOp/MOs (large),PB-T3.9 (WT-PT-8wks),C57BL/6J,C_PawDragPercent,11.76470588,0.0,100.0,True,False,False
PB_T3_12_3,0,Sham,MOp/MOs Sham,PB-T3.10 (WT-PT-Sham-8wks),C57BL/6J,C_PawDragPercent,0.0,0.0,100.0,True,True,False
PB_T3_12_3,7,Sham,MOp/MOs Sham,PB-T3.10 (WT-PT-Sham-8wks),C57BL/6J,C_PawDragPercent,12.5,0.0,100.0,True,False,False
PB_T3_12_3,14,Sham,MOp/MOs Sham,PB-T3.10 (WT-PT-Sham-8wks),C57BL/6J,C_PawDragPercent,0.0,0.0,100.0,True,True,False
PB_T3_12_3,21,Sham,MOp/MOs Sham,PB-T3.10 (WT-PT-Sham-8wks),C57BL/6J,C_PawDragPercent,0.0,0.0,100.0,True,True,False
PB_T3_12_3,28,Sham,MOp/MOs Sham,PB-T3.10 (WT-PT-Sham-8wks),C57BL/6J,C_PawDragPercent,0.0,0.0,100.0,True,True,False
PB_T3_12_3,42,Sham,MOp/MOs Sham,PB-T3.10 (WT-PT-Sham-8wks),C57BL/6J,C_PawDragPercent,5.555555555,0.0,100.0,True,False,False
PB_T3_12_4,0,Stroke,MOp/MOs (large),PB-T3.9 (WT-PT-8wks),C57BL/6J,C_PawDragPercent,0.0,0.0,100.0,True,True,False
PB_T3_12_4,3,Stroke,MOp/MOs (large),PB-T3.9 (WT-PT-8wks),C57BL/6J,C_PawDragPercent,37.5,0.0,100.0,True,False,False
PB_T3_12_4,7,Stroke,MOp/MOs (large),PB-T3.9 (WT-PT-8wks),C57BL/6J,C_PawDragPercent,30.0,0.0,100.0,True,False,False
PB_T3_12_4,14,Stroke,MOp/MOs (large),PB-T3.9 (WT-PT-8wks),C57BL/6J,C_PawDragPercent,10.52631579,0.0,100.0,True,False,False
PB_T3_13_2,0,Stroke,MOp/MOs (large),PB-T3.10 (WT-PT-Sham-8wks),C57BL/6J,C_PawDragPercent,9.090909091,0.0,100.0,True,False,False
PB_T3_13_2,3,Stroke,MOp/MOs (large),PB-T3.10 (WT-PT-Sham-8wks),C57BL/6J,C_PawDragPercent,0.0,0.0,100.0,True,True,False
PB_T3_13_2,7,Stroke,MOp/MOs (large),PB-T3.10 (WT-PT-Sham-8wks),C57BL/6J,C_PawDragPercent,5.0,0.0,100.0,True,False,False
PB_T3_13_2,14,Stroke,MOp/MOs (large),PB-T3.10 (WT-PT-Sham-8wks),C57BL/6J,C_PawDragPercent,0.0,0.0,100.0,True,True,False
PB_T3_13_2,28,Stroke,MOp/MOs (large),PB-T3.10 (WT-PT-Sham-8wks),C57BL/6J,C_PawDragPercent,10.0,0.0,100.0,True,False,False
PB_T3_13_2,42,Stroke,MOp/MOs (large),PB-T3.10 (WT-PT-Sham-8wks),C57BL/6J,C_PawDragPercent,0.0,0.0,100.0,True,True,False
PB_T3_13_3,0,Stroke,MOp/MOs (large),PB-T3.10 (WT-PT-Sham-8wks),C57BL/6J,C_PawDragPercent,0.0,0.0,100.0,True,True,False
PB_T3_13_3,3,Stroke,MOp/MOs (large),PB-T3.10 (WT-PT-Sham-8wks),C57BL/6J,C_PawDragPercent,0.0,0.0,100.0,True,True,False
PB_T3_13_3,7,Stroke,MOp/MOs (large),PB-T3.10 (WT-PT-Sham-8wks),C57BL/6J,C_PawDragPercent,0.0,0.0,100.0,True,True,False
PB_T3_13_3,14,Stroke,MOp/MOs (large),PB-T3.10 (WT-PT-Sham-8wks),C57BL/6J,C_PawDragPercent,0.0,0.0,100.0,True,True,False
PB_T3_13_3,21,Stroke,MOp/MOs (large),PB-T3.10 (WT-PT-Sham-8wks),C57BL/6J,C_PawDragPercent,0.0,0.0,100.0,True,True,False
PB_T3_13_3,28,Stroke,MOp/MOs (large),PB-T3.10 (WT-PT-Sham-8wks),C57BL/6J,C_PawDragPercent,5.0,0.0,100.0,True,False,False
PB_T3_13_3,42,Stroke,MOp/MOs (large),PB-T3.10 (WT-PT-Sham-8wks),C57BL/6J,C_PawDragPercent,4.5454545455,0.0,100.0,True,False,False
PB_T3_13_3,56,Stroke,MOp/MOs (large),PB-T3.10 (WT-PT-Sham-8wks),C57BL/6J,C_PawDragPercent,0.0,0.0,100.0,True,True,False
PB_T3_13_4,0,Stroke,MOp/MOs (large),PB-T3.9 (WT-PT-8wks),C57BL/6J,C_PawDragPercent,0.0,0.0,100.0,True,True,False
PB_T3_13_4,3,Stroke,MOp/MOs (large),PB-T3.9 (WT-PT-8wks),C57BL/6J,C_PawDragPercent,45.0,0.0,100.0,True,False,False
PB_T3_13_4,7,Stroke,MOp/MOs (large),PB-T3.9 (WT-PT-8wks),C57BL/6J,C_PawDragPercent,31.57894737,0.0,100.0,True,False,False
PB_T3_13_4,14,Stroke,MOp/MOs (large),PB-T3.9 (WT-PT-8wks),C57BL/6J,C_PawDragPercent,20.0,0.0,100.0,True,False,False
PB_T3_13_4,21,Stroke,MOp/MOs (large),PB-T3.9 (WT-PT-8wks),C57BL/6J,C_PawDragPercent,21.05263158,0.0,100.0,True,False,False
PB_T3_13_4,28,Stroke,MOp/MOs (large),PB-T3.9 (WT-PT-8wks),C57BL/6J,C_PawDragPercent,15.0,0.0,100.0,True,False,False
PB_T3_13_4,42,Stroke,MOp/MOs (large),PB-T3.9 (WT-PT-8wks),C57BL/6J,C_PawDragPercent,14.67171717,0.0,100.0,True,False,False
PB_T3_13_4,56,Stroke,MOp/MOs (large),PB-T3.9 (WT-PT-8wks),C57BL/6J,C_PawDragPercent,15.38461538,0.0,100.0,True,False,False
PB_T3_14_1,0,Stroke,MOp/MOs (large),PB-T3.9 (WT-PT-8wks),C57BL/6J,C_PawDragPercent,0.0,0.0,100.0,True,True,False
PB_T3_14_1,3,Stroke,MOp/MOs (large),PB-T3.9 (WT-PT-8wks),C57BL/6J,C_PawDragPercent,45.0,0.0,100.0,True,False,False
PB_T3_14_1,7,Stroke,MOp/MOs (large),PB-T3.9 (WT-PT-8wks),C57BL/6J,C_PawDragPercent,50.0,0.0,100.0,True,False,False
PB_T3_14_1,14,Stroke,MOp/MOs (large),PB-T3.9 (WT-PT-8wks),C57BL/6J,C_PawDragPercent,31.25,0.0,100.0,True,False,False
PB_T3_14_1,28,Stroke,MOp/MOs (large),PB-T3.9 (WT-PT-8wks),C57BL/6J,C_PawDragPercent,20.0,0.0,100.0,True,False,False
PB_T3_14_1,42,Stroke,MOp/MOs (large),PB-T3.9 (WT-PT-8wks),C57BL/6J,C_PawDragPercent,22.037037036666664,0.0,100.0,True,False,False
PB_T3_14_1,56,Stroke,MOp/MOs (large),PB-T3.9 (WT-PT-8wks),C57BL/6J,C_PawDragPercent,10.0,0.0,100.0,True,False,False
PB_T3_14_2,0,Stroke,MOp/MOs (large),PB-T3.10 (WT-PT-Sham-8wks),C57BL/6J,C_PawDragPercent,0.0,0.0,100.0,True,True,False
PB_T3_14_2,3,Stroke,MOp/MOs (large),PB-T3.10 (WT-PT-Sham-8wks),C57BL/6J,C_PawDragPercent,17.64705882,0.0,100.0,True,False,False
PB_T3_14_2,7,Stroke,MOp/MOs (large),PB-T3.10 (WT-PT-Sham-8wks),C57BL/6J,C_PawDragPercent,0.0,0.0,100.0,True,True,False
PB_T3_14_2,14,Stroke,MOp/MOs (large),PB-T3.10 (WT-PT-Sham-8wks),C57BL/6J,C_PawDragPercent,0.0,0.0,100.0,True,True,False
PB_T3_14_2,28,Stroke,MOp/MOs (large),PB-T3.10 (WT-PT-Sham-8wks),C57BL/6J,C_PawDragPercent,0.0,0.0,100.0,True,True,False
PB_T3_14_2,42,Stroke,MOp/MOs (large),PB-T3.10 (WT-PT-Sham-8wks),C57BL/6J,C_PawDragPercent,0.0,0.0,100.0,True,True,False
PB_T3_14_3,0,Stroke,MOp/MOs (large),PB-T3.9 (WT-PT-8wks),C57BL/6J,C_PawDragPercent,10.0,0.0,100.0,True,False,False
PB_T3_14_3,3,Stroke,MOp/MOs (large),PB-T3.9 (WT-PT-8wks),C57BL/6J,C_PawDragPercent,20.0,0.0,100.0,True,False,False
PB_T3_14_3,7,Stroke,MOp/MOs (large),PB-T3.9 (WT-PT-8wks),C57BL/6J,C_PawDragPercent,25.0,0.0,100.0,True,False,False
PB_T3_14_3,14,Stroke,MOp/MOs (large),PB-T3.9 (WT-PT-8wks),C57BL/6J,C_PawDragPercent,30.76923077,0.0,100.0,True,False,False
PB_T3_14_3,21,Stroke,MOp/MOs (large),PB-T3.9 (WT-PT-8wks),C57BL/6J,C_PawDragPercent,20.0,0.0,100.0,True,False,False
PB_T3_14_3,42,Stroke,MOp/MOs (large),PB-T3.9 (WT-PT-8wks),C57BL/6J,C_PawDragPercent,12.5,0.0,100.0,True,False,False
PB_T3_14_3,56,Stroke,MOp/MOs (large),PB-T3.9 (WT-PT-8wks),C57BL/6J,C_PawDragPercent,0.0,0.0,100.0,True,True,False
PB_T3_14_4,0,Stroke,MOp/MOs (large),PB-T3.10 (WT-PT-Sham-8wks),C57BL/6J,C_PawDragPercent,5.0,0.0,100.0,True,False,False
PB_T3_14_4,3,Stroke,MOp/MOs (large),PB-T3.10 (WT-PT-Sham-8wks),C57BL/6J,C_PawDragPercent,6.666666667,0.0,100.0,True,False,False
PB_T3_14_4,14,Stroke,MOp/MOs (large),PB-T3.10 (WT-PT-Sham-8wks),C57BL/6J,C_PawDragPercent,0.0,0.0,100.0,True,True,False
PB_T3_14_5,0,Stroke,MOp/MOs (large),PB-T3.9 (WT-PT-8wks),C57BL/6J,C_PawDragPercent,5.0,0.0,100.0,True,False,False
PB_T3_14_5,3,Stroke,MOp/MOs (large),PB-T3.9 (WT-PT-8wks),C57BL/6J,C_PawDragPercent,38.46153846,0.0,100.0,True,False,False
PB_T3_14_5,7,Stroke,MOp/MOs (large),PB-T3.9 (WT-PT-8wks),C57BL/6J,C_PawDragPercent,50.0,0.0,100.0,True,False,False
PB_T3_14_5,14,Stroke,MOp/MOs (large),PB-T3.9 (WT-PT-8wks),C57BL/6J,C_PawDragPercent,42.85714286,0.0,100.0,True,False,False
PB_T3_14_5,42,Stroke,MOp/MOs (large),PB-T3.9 (WT-PT-8wks),C57BL/6J,C_PawDragPercent,25.0,0.0,100.0,True,False,False
PB_T3_14_5,56,Stroke,MOp/MOs (large),PB-T3.9 (WT-PT-8wks),C57BL/6J,C_PawDragPercent,16.66666667,0.0,100.0,True,False,False
PB_T3_15_2,0,Sham,MOp/MOs Sham,PB-T3.10 (WT-PT-Sham-8wks),C57BL/6J,C_PawDragPercent,0.0,0.0,100.0,True,True,False
PB_T3_15_2,7,Sham,MOp/MOs Sham,PB-T3.10 (WT-PT-Sham-8wks),C57BL/6J,C_PawDragPercent,13.33333333,0.0,100.0,True,False,False
PB_T3_15_2,21,Sham,MOp/MOs Sham,PB-T3.10 (WT-PT-Sham-8wks),C57BL/6J,C_PawDragPercent,0.0,0.0,100.0,True,True,False
PB_T3_15_2,28,Sham,MOp/MOs Sham,PB-T3.10 (WT-PT-Sham-8wks),C57BL/6J,C_PawDragPercent,5.555555556,0.0,100.0,True,False,False
PB_T3_15_2,42,Sham,MOp/MOs Sham,PB-T3.10 (WT-PT-Sham-8wks),C57BL/6J,C_PawDragPercent,11.111111110000001,0.0,100.0,True,False,False
PB_T3_15_2,56,Sham,MOp/MOs Sham,PB-T3.10 (WT-PT-Sham-8wks),C57BL/6J,C_PawDragPercent,0.0,0.0,100.0,True,True,False
PB_T3_16_1,0,Sham,MOp/MOs Sham,PB-T3.10 (WT-PT-Sham-8wks),C57BL/6J,C_PawDragPercent,0.0,0.0,100.0,True,True,False
PB_T3_16_1,3,Sham,MOp/MOs Sham,PB-T3.10 (WT-PT-Sham-8wks),C57BL/6J,C_PawDragPercent,18.18181818,0.0,100.0,True,False,False
PB_T3_16_1,7,Sham,MOp/MOs Sham,PB-T3.10 (WT-PT-Sham-8wks),C57BL/6J,C_PawDragPercent,10.0,0.0,100.0,True,False,False
PB_T3_16_1,14,Sham,MOp/MOs Sham,PB-T3.10 (WT-PT-Sham-8wks),C57BL/6J,C_PawDragPercent,12.5,0.0,100.0,True,False,False
PB_T3_16_1,21,Sham,MOp/MOs Sham,PB-T3.10 (WT-PT-Sham-8wks),C57BL/6J,C_PawDragPercent,0.0,0.0,100.0,True,True,False
PB_T3_16_1,28,Sham,MOp/MOs Sham,PB-T3.10 (WT-PT-Sham-8wks),C57BL/6J,C_PawDragPercent,0.0,0.0,100.0,True,True,False
PB_T3_16_1,42,Sham,MOp/MOs Sham,PB-T3.10 (WT-PT-Sham-8wks),C57BL/6J,C_PawDragPercent,14.28571429,0.0,100.0,True,False,False
PB_T3_16_2,0,Stroke,MOp/MOs (large),PB-T3.9 (WT-PT-8wks),C57BL/6J,C_PawDragPercent,15.0,0.0,100.0,True,False,False
PB_T3_16_2,3,Stroke,MOp/MOs (large),PB-T3.9 (WT-PT-8wks),C57BL/6J,C_PawDragPercent,11.76470588,0.0,100.0,True,False,False
PB_T3_16_2,42,Stroke,MOp/MOs (large),PB-T3.9 (WT-PT-8wks),C57BL/6J,C_PawDragPercent,29.41176471,0.0,100.0,True,False,False
PB_T3_16_2,56,Stroke,MOp/MOs (large),PB-T3.9 (WT-PT-8wks),C57BL/6J,C_PawDragPercent,40.0,0.0,100.0,True,False,False
PB_T3_16_3,0,Stroke,MOp/MOs (large),PB-T3.9 (WT-PT-8wks),C57BL/6J,C_PawDragPercent,20.0,0.0,100.0,True,False,False
PB_T3_16_3,3,Stroke,MOp/MOs (large),PB-T3.9 (WT-PT-8wks),C57BL/6J,C_PawDragPercent,75.0,0.0,100.0,True,False,False
PB_T3_16_3,7,Stroke,MOp/MOs (large),PB-T3.9 (WT-PT-8wks),C57BL/6J,C_PawDragPercent,45.0,0.0,100.0,True,False,False
PB_T3_16_3,21,Stroke,MOp/MOs (large),PB-T3.9 (WT-PT-8wks),C57BL/6J,C_PawDragPercent,25.0,0.0,100.0,True,False,False
PB_T3_16_3,28,Stroke,MOp/MOs (large),PB-T3.9 (WT-PT-8wks),C57BL/6J,C_PawDragPercent,33.33333333,0.0,100.0,True,False,False
PB_T3_16_3,42,Stroke,MOp/MOs (large),PB-T3.9 (WT-PT-8wks),C57BL/6J,C_PawDragPercent,29.285714284999997,0.0,100.0,True,False,False
PB_T3_17_1,0,Stroke,MOp/MOs (large),PB-T3.9 (WT-PT-8wks),C57BL/6J,C_PawDragPercent,5.0,0.0,100.0,True,False,False
PB_T3_17_1,3,Stroke,MOp/MOs (large),PB-T3.9 (WT-PT-8wks),C57BL/6J,C_PawDragPercent,42.85714286,0.0,100.0,True,False,False
PB_T3_17_1,7,Stroke,MOp/MOs (large),PB-T3.9 (WT-PT-8wks),C57BL/6J,C_PawDragPercent,30.0,0.0,100.0,True,False,False
PB_T3_17_1,21,Stroke,MOp/MOs (large),PB-T3.9 (WT-PT-8wks),C57BL/6J,C_PawDragPercent,20.0,0.0,100.0,True,False,False
PB_T3_17_1,42,Stroke,MOp/MOs (large),PB-T3.9 (WT-PT-8wks),C57BL/6J,C_PawDragPercent,12.5,0.0,100.0,True,False,False
PB_T3_17_1,56,Stroke,MOp/MOs (large),PB-T3.9 (WT-PT-8wks),C57BL/6J,C_PawDragPercent,28.57142857,0.0,100.0,True,False,False
PB_T3_17_2,0,Stroke,MOp/MOs (large),PB-T3.10 (WT-PT-Sham-8wks),C57BL/6J,C_PawDragPercent,0.0,0.0,100.0,True,True,False
PB_T3_17_2,7,Stroke,MOp/MOs (large),PB-T3.10 (WT-PT-Sham-8wks),C57BL/6J,C_PawDragPercent,0.0,0.0,100.0,True,True,False
PB_T3_17_2,21,Stroke,MOp/MOs (large),PB-T3.10 (WT-PT-Sham-8wks),C57BL/6J,C_PawDragPercent,0.0,0.0,100.0,True,True,False
PB_T3_17_2,28,Stroke,MOp/MOs (large),PB-T3.10 (WT-PT-Sham-8wks),C57BL/6J,C_PawDragPercent,0.0,0.0,100.0,True,True,False
PB_T3_17_2,42,Stroke,MOp/MOs (large),PB-T3.10 (WT-PT-Sham-8wks),C57BL/6J,C_PawDragPercent,9.5454545455,0.0,100.0,True,False,False
PB_T3_17_3,56,Stroke,MOp/MOs (large),PB-T3.9 (WT-PT-8wks),C57BL/6J,C_PawDragPercent,25.0,0.0,100.0,True,False,False
PB_T3_25_1,0,Stroke,MOp/MOs (small),PB-T3.5 (WT-PT-4wks),C57BL/6J,C_PawDragPercent,10.0,0.0,100.0,True,False,False
PB_T3_25_1,3,Stroke,MOp/MOs (small),PB-T3.5 (WT-PT-4wks),C57BL/6J,C_PawDragPercent,40.0,0.0,100.0,True,False,False
PB_T3_25_1,7,Stroke,MOp/MOs (small),PB-T3.5 (WT-PT-4wks),C57BL/6J,C_PawDragPercent,25.0,0.0,100.0,True,False,False
PB_T3_25_1,14,Stroke,MOp/MOs (small),PB-T3.5 (WT-PT-4wks),C57BL/6J,C_PawDragPercent,7.692307692,0.0,100.0,True,False,False
PB_T3_25_1,21,Stroke,MOp/MOs (small),PB-T3.5 (WT-PT-4wks),C57BL/6J,C_PawDragPercent,0.0,0.0,100.0,True,True,False
PB_T3_25_2,0,Stroke,MOp/MOs (small),PB-T3.5 (WT-PT-4wks),C57BL/6J,C_PawDragPercent,5.0,0.0,100.0,True,False,False
PB_T3_25_2,3,Stroke,MOp/MOs (small),PB-T3.5 (WT-PT-4wks),C57BL/6J,C_PawDragPercent,14.28571429,0.0,100.0,True,False,False
PB_T3_25_2,7,Stroke,MOp/MOs (small),PB-T3.5 (WT-PT-4wks),C57BL/6J,C_PawDragPercent,17.64705882,0.0,100.0,True,False,False
PB_T3_25_2,14,Stroke,MOp/MOs (small),PB-T3.5 (WT-PT-4wks),C57BL/6J,C_PawDragPercent,25.0,0.0,100.0,True,False,False
PB_T3_25_2,21,Stroke,MOp/MOs (small),PB-T3.5 (WT-PT-4wks),C57BL/6J,C_PawDragPercent,7.142857143,0.0,100.0,True,False,False
PB_T3_25_2,28,Stroke,MOp/MOs (small),PB-T3.5 (WT-PT-4wks),C57BL/6J,C_PawDragPercent,0.0,0.0,100.0,True,True,False
PB_T3_25_3,0,Stroke,MOp/MOs (small),PB-T3.5 (WT-PT-4wks),C57BL/6J,C_PawDragPercent,10.0,0.0,100.0,True,False,False
PB_T3_25_3,3,Stroke,MOp/MOs (small),PB-T3.5 (WT-PT-4wks),C57BL/6J,C_PawDragPercent,40.0,0.0,100.0,True,False,False
PB_T3_25_3,7,Stroke,MOp/MOs (small),PB-T3.5 (WT-PT-4wks),C57BL/6J,C_PawDragPercent,50.0,0.0,100.0,True,False,False
PB_T3_25_3,14,Stroke,MOp/MOs (small),PB-T3.5 (WT-PT-4wks),C57BL/6J,C_PawDragPercent,45.45454545,0.0,100.0,True,False,False
PB_T3_25_3,21,Stroke,MOp/MOs (small),PB-T3.5 (WT-PT-4wks),C57BL/6J,C_PawDragPercent,41.66666667,0.0,100.0,True,False,False
PB_T3_25_3,28,Stroke,MOp/MOs (small),PB-T3.5 (WT-PT-4wks),C57BL/6J,C_PawDragPercent,12.5,0.0,100.0,True,False,False
PB_T3_25_4,0,Stroke,MOp/MOs (small),PB-T3.5 (WT-PT-4wks),C57BL/6J,C_PawDragPercent,9.090909091,0.0,100.0,True,False,False
PB_T3_25_4,3,Stroke,MOp/MOs (small),PB-T3.5 (WT-PT-4wks),C57BL/6J,C_PawDragPercent,33.33333333,0.0,100.0,True,False,False
PB_T3_25_4,7,Stroke,MOp/MOs (small),PB-T3.5 (WT-PT-4wks),C57BL/6J,C_PawDragPercent,16.66666667,0.0,100.0,True,False,False
PB_T3_25_4,14,Stroke,MOp/MOs (small),PB-T3.5 (WT-PT-4wks),C57BL/6J,C_PawDragPercent,27.27272727,0.0,100.0,True,False,False
PB_T3_25_4,21,Stroke,MOp/MOs (small),PB-T3.5 (WT-PT-4wks),C57BL/6J,C_PawDragPercent,0.0,0.0,100.0,True,True,False
PB_T3_25_4,28,Stroke,MOp/MOs (small),PB-T3.5 (WT-PT-4wks),C57BL/6J,C_PawDragPercent,30.76923077,0.0,100.0,True,False,False
PB_T3_6_1,0,Stroke,MOp/MOs (large),PB-T3.3 (WT-PT-2wks),C57BL/6J,C_PawDragPercent,0.0,0.0,100.0,True,True,False
PB_T3_6_1,14,Stroke,MOp/MOs (large),PB-T3.3 (WT-PT-2wks),C57BL/6J,C_PawDragPercent,29.41176471,0.0,100.0,True,False,False
PB_T3_7_2,0,Stroke,MOp/MOs (large),PB-T3.3 (WT-PT-2wks),C57BL/6J,C_PawDragPercent,0.0,0.0,100.0,True,True,False
PB_T3_7_2,14,Stroke,MOp/MOs (large),PB-T3.3 (WT-PT-2wks),C57BL/6J,C_PawDragPercent,28.57142857,0.0,100.0,True,False,False
PB_T3_7_4,14,Sham,MOp/MOs Sham,PB-T3.4 (WT-PT-Sham-2wks),C57BL/6J,C_PawDragPercent,0.0,0.0,100.0,True,True,False
PB_T3_8_1,0,Stroke,MOp/MOs (large),PB-T3.3 (WT-PT-2wks),C57BL/6J,C_PawDragPercent,0.0,0.0,100.0,True,True,False
PB_T3_8_1,3,Stroke,MOp/MOs (large),PB-T3.3 (WT-PT-2wks),C57BL/6J,C_PawDragPercent,25.0,0.0,100.0,True,False,False
PB_T3_8_1,14,Stroke,MOp/MOs (large),PB-T3.3 (WT-PT-2wks),C57BL/6J,C_PawDragPercent,40.0,0.0,100.0,True,False,False
PB_T3_8_2,0,Stroke,MOp/MOs (large),PB-T3.4 (WT-PT-Sham-2wks),C57BL/6J,C_PawDragPercent,0.0,0.0,100.0,True,True,False
PB_T3_8_2,3,Stroke,MOp/MOs (large),PB-T3.4 (WT-PT-Sham-2wks),C57BL/6J,C_PawDragPercent,0.0,0.0,100.0,True,True,False
PB_T3_8_2,14,Stroke,MOp/MOs (large),PB-T3.4 (WT-PT-Sham-2wks),C57BL/6J,C_PawDragPercent,5.0,0.0,100.0,True,False,False
PB_T3_8_3,0,Stroke,MOp/MOs (large),PB-T3.3 (WT-PT-2wks),C57BL/6J,C_PawDragPercent,0.0,0.0,100.0,True,True,False
PB_T3_8_3,3,Stroke,MOp/MOs (large),PB-T3.3 (WT-PT-2wks),C57BL/6J,C_PawDragPercent,50.0,0.0,100.0,True,False,False
PB_T3_8_3,14,Stroke,MOp/MOs (large),PB-T3.3 (WT-PT-2wks),C57BL/6J,C_PawDragPercent,30.0,0.0,100.0,True,False,False
PB_T3_8_4,0,Stroke,MOp/MOs (large),PB-T3.3 (WT-PT-2wks),C57BL/6J,C_PawDragPercent,5.0,0.0,100.0,True,False,False
PB_T3_8_4,14,Stroke,MOp/MOs (large),PB-T3.3 (WT-PT-2wks),C57BL/6J,C_PawDragPercent,10.0,0.0,100.0,True,False,False
PB_T3_8_5,0,Stroke,MOp/MOs (large),PB-T3.3 (WT-PT-2wks),C57BL/6J,C_PawDragPercent,0.0,0.0,100.0,True,True,False
PB_T3_8_5,3,Stroke,MOp/MOs (large),PB-T3.3 (WT-PT-2wks),C57BL/6J,C_PawDragPercent,25.0,0.0,100.0,True,False,False
PB_T3_8_5,14,Stroke,MOp/MOs (large),PB-T3.3 (WT-PT-2wks),C57BL/6J,C_PawDragPercent,25.0,0.0,100.0,True,False,False
PB_T3_9_1,0,Stroke,MOp/MOs (large),PB-T3.3 (WT-PT-2wks),C57BL/6J,C_PawDragPercent,0.0,0.0,100.0,True,True,False
PB_T3_9_1,3,Stroke,MOp/MOs (large),PB-T3.3 (WT-PT-2wks),C57BL/6J,C_PawDragPercent,5.0,0.0,100.0,True,False,False
PB_T3_9_1,7,Stroke,MOp/MOs (large),PB-T3.3 (WT-PT-2wks),C57BL/6J,C_PawDragPercent,35.0,0.0,100.0,True,False,False
PB_T3_9_1,14,Stroke,MOp/MOs (large),PB-T3.3 (WT-PT-2wks),C57BL/6J,C_PawDragPercent,0.0,0.0,100.0,True,True,False
PB_T3_9_2,0,Sham,MOp/MOs Sham,PB-T3.4 (WT-PT-Sham-2wks),C57BL/6J,C_PawDragPercent,0.0,0.0,100.0,True,True,False
PB_T3_9_2,3,Sham,MOp/MOs Sham,PB-T3.4 (WT-PT-Sham-2wks),C57BL/6J,C_PawDragPercent,0.0,0.0,100.0,True,True,False
PB_T3_9_2,14,Sham,MOp/MOs Sham,PB-T3.4 (WT-PT-Sham-2wks),C57BL/6J,C_PawDragPercent,14.28571429,0.0,100.0,True,False,False
PB_T3_9_3,0,Stroke,MOp/MOs (large),PB-T3.3 (WT-PT-2wks),C57BL/6J,C_PawDragPercent,0.0,0.0,100.0,True,True,False
PB_T3_9_3,3,Stroke,MOp/MOs (large),PB-T3.3 (WT-PT-2wks),C57BL/6J,C_PawDragPercent,55.0,0.0,100.0,True,False,False
PB_T3_9_4,0,Stroke,MOp/MOs (large),PB-T3.3 (WT-PT-2wks),C57BL/6J,C_PawDragPercent,0.0,0.0,100.0,True,True,False
PB_T3_9_4,3,Stroke,MOp/MOs (large),PB-T3.3 (WT-PT-2wks),C57BL/6J,C_PawDragPercent,50.0,0.0,100.0,True,False,False
PB_T3_9_4,7,Stroke,MOp/MOs (large),PB-T3.3 (WT-PT-2wks),C57BL/6J,C_PawDragPercent,46.15384615,0.0,100.0,True,False,False
SP_T1.2.2_1_1,7,Stroke,MOs,"SP-T1.2.2 (WT-PT, BDA, MRI-4wks)",C57BL/6J,C_PawDragPercent,20.0,0.0,100.0,True,False,False
SP_T1.2.2_1_1,21,Stroke,MOs,"SP-T1.2.2 (WT-PT, BDA, MRI-4wks)",C57BL/6J,C_PawDragPercent,13.33333333,0.0,100.0,True,False,False
SP_T1.2.2_1_1,28,Stroke,MOs,"SP-T1.2.2 (WT-PT, BDA, MRI-4wks)",C57BL/6J,C_PawDragPercent,20.0,0.0,100.0,True,False,False
SP_T1.2.2_1_2,0,Stroke,MOs,"SP-T1.2.2 (WT-PT, BDA, MRI-4wks)",C57BL/6J,C_PawDragPercent,7.142857143,0.0,100.0,True,False,False
SP_T1.2.2_1_2,7,Stroke,MOs,"SP-T1.2.2 (WT-PT, BDA, MRI-4wks)",C57BL/6J,C_PawDragPercent,20.0,0.0,100.0,True,False,False
SP_T1.2.2_1_2,14,Stroke,MOs,"SP-T1.2.2 (WT-PT, BDA, MRI-4wks)",C57BL/6J,C_PawDragPercent,20.0,0.0,100.0,True,False,False
SP_T1.2.2_1_2,21,Stroke,MOs,"SP-T1.2.2 (WT-PT, BDA, MRI-4wks)",C57BL/6J,C_PawDragPercent,25.0,0.0,100.0,True,False,False
SP_T1_11_1,0,Stroke,MOp/MOs (small),"SP-T1.2.2 (WT-PT, CTB 488, CTB 568, MRI-4wks)",C57BL/6J,C_PawDragPercent,15.0,0.0,100.0,True,False,False
SP_T1_11_1,3,Stroke,MOp/MOs (small),"SP-T1.2.2 (WT-PT, CTB 488, CTB 568, MRI-4wks)",C57BL/6J,C_PawDragPercent,55.0,0.0,100.0,True,False,False
SP_T1_11_1,7,Stroke,MOp/MOs (small),"SP-T1.2.2 (WT-PT, CTB 488, CTB 568, MRI-4wks)",C57BL/6J,C_PawDragPercent,25.0,0.0,100.0,True,False,False
SP_T1_11_1,14,Stroke,MOp/MOs (small),"SP-T1.2.2 (WT-PT, CTB 488, CTB 568, MRI-4wks)",C57BL/6J,C_PawDragPercent,45.0,0.0,100.0,True,False,False
SP_T1_11_1,21,Stroke,MOp/MOs (small),"SP-T1.2.2 (WT-PT, CTB 488, CTB 568, MRI-4wks)",C57BL/6J,C_PawDragPercent,30.0,0.0,100.0,True,False,False
SP_T1_11_1,28,Stroke,MOp/MOs (small),"SP-T1.2.2 (WT-PT, CTB 488, CTB 568, MRI-4wks)",C57BL/6J,C_PawDragPercent,11.76470588,0.0,100.0,True,False,False
SP_T1_11_2,0,Stroke,MOp/MOs (small),"SP-T1.2.2 (WT-PT, CTB 488, CTB 568, MRI-4wks)",C57BL/6J,C_PawDragPercent,10.0,0.0,100.0,True,False,False
SP_T1_11_2,3,Stroke,MOp/MOs (small),"SP-T1.2.2 (WT-PT, CTB 488, CTB 568, MRI-4wks)",C57BL/6J,C_PawDragPercent,15.0,0.0,100.0,True,False,False
SP_T1_11_2,7,Stroke,MOp/MOs (small),"SP-T1.2.2 (WT-PT, CTB 488, CTB 568, MRI-4wks)",C57BL/6J,C_PawDragPercent,10.0,0.0,100.0,True,False,False
SP_T1_11_2,14,Stroke,MOp/MOs (small),"SP-T1.2.2 (WT-PT, CTB 488, CTB 568, MRI-4wks)",C57BL/6J,C_PawDragPercent,15.78947368,0.0,100.0,True,False,False
SP_T1_11_2,21,Stroke,MOp/MOs (small),"SP-T1.2.2 (WT-PT, CTB 488, CTB 568, MRI-4wks)",C57BL/6J,C_PawDragPercent,0.0,0.0,100.0,True,True,False
SP_T1_11_2,28,Stroke,MOp/MOs (small),"SP-T1.2.2 (WT-PT, CTB 488, CTB 568, MRI-4wks)",C57BL/6J,C_PawDragPercent,15.0,0.0,100.0,True,False,False
SP_T1_11_3,0,Stroke,MOp/MOs (small),"SP-T1.2.2 (WT-PT, CTB 488, CTB 568, MRI-4wks)",C57BL/6J,C_PawDragPercent,0.0,0.0,100.0,True,True,False
SP_T1_11_3,3,Stroke,MOp/MOs (small),"SP-T1.2.2 (WT-PT, CTB 488, CTB 568, MRI-4wks)",C57BL/6J,C_PawDragPercent,16.0,0.0,100.0,True,False,False
SP_T1_11_3,7,Stroke,MOp/MOs (small),"SP-T1.2.2 (WT-PT, CTB 488, CTB 568, MRI-4wks)",C57BL/6J,C_PawDragPercent,20.0,0.0,100.0,True,False,False
SP_T1_11_3,14,Stroke,MOp/MOs (small),"SP-T1.2.2 (WT-PT, CTB 488, CTB 568, MRI-4wks)",C57BL/6J,C_PawDragPercent,25.0,0.0,100.0,True,False,False
SP_T1_11_3,21,Stroke,MOp/MOs (small),"SP-T1.2.2 (WT-PT, CTB 488, CTB 568, MRI-4wks)",C57BL/6J,C_PawDragPercent,25.0,0.0,100.0,True,False,False
SP_T1_11_3,28,Stroke,MOp/MOs (small),"SP-T1.2.2 (WT-PT, CTB 488, CTB 568, MRI-4wks)",C57BL/6J,C_PawDragPercent,0.0,0.0,100.0,True,True,False
SP_T1_12_2,0,Sham,MOp/MOs Sham,"SP-T1.2.4 (WT-PT-Sham, CTB 488, CTB 568, MRI-4wks)",C57BL/6J,C_PawDragPercent,5.882352941,0.0,100.0,True,False,False
SP_T1_12_2,3,Sham,MOp/MOs Sham,"SP-T1.2.4 (WT-PT-Sham, CTB 488, CTB 568, MRI-4wks)",C57BL/6J,C_PawDragPercent,5.0,0.0,100.0,True,False,False
SP_T1_12_2,7,Sham,MOp/MOs Sham,"SP-T1.2.4 (WT-PT-Sham, CTB 488, CTB 568, MRI-4wks)",C57BL/6J,C_PawDragPercent,20.0,0.0,100.0,True,False,False
SP_T1_12_2,14,Sham,MOp/MOs Sham,"SP-T1.2.4 (WT-PT-Sham, CTB 488, CTB 568, MRI-4wks)",C57BL/6J,C_PawDragPercent,15.0,0.0,100.0,True,False,False
SP_T1_12_2,21,Sham,MOp/MOs Sham,"SP-T1.2.4 (WT-PT-Sham, CTB 488, CTB 568, MRI-4wks)",C57BL/6J,C_PawDragPercent,15.38461538,0.0,100.0,True,False,False
SP_T1_12_2,28,Sham,MOp/MOs Sham,"SP-T1.2.4 (WT-PT-Sham, CTB 488, CTB 568, MRI-4wks)",C57BL/6J,C_PawDragPercent,10.0,0.0,100.0,True,False,False
SP_T1_13_1,0,Stroke,MOp/MOs (small),"SP-T1.2.2 (WT-PT, CTB 488, CTB 568, MRI-4wks)",C57BL/6J,C_PawDragPercent,14.28571429,0.0,100.0,True,False,False
SP_T1_13_1,3,Stroke,MOp/MOs (small),"SP-T1.2.2 (WT-PT, CTB 488, CTB 568, MRI-4wks)",C57BL/6J,C_PawDragPercent,13.33333333,0.0,100.0,True,False,False
SP_T1_13_1,7,Stroke,MOp/MOs (small),"SP-T1.2.2 (WT-PT, CTB 488, CTB 568, MRI-4wks)",C57BL/6J,C_PawDragPercent,28.57142857,0.0,100.0,True,False,False
SP_T1_13_1,14,Stroke,MOp/MOs (small),"SP-T1.2.2 (WT-PT, CTB 488, CTB 568, MRI-4wks)",C57BL/6J,C_PawDragPercent,15.0,0.0,100.0,True,False,False
SP_T1_13_1,21,Stroke,MOp/MOs (small),"SP-T1.2.2 (WT-PT, CTB 488, CTB 568, MRI-4wks)",C57BL/6J,C_PawDragPercent,0.0,0.0,100.0,True,True,False
SP_T1_13_1,28,Stroke,MOp/MOs (small),"SP-T1.2.2 (WT-PT, CTB 488, CTB 568, MRI-4wks)",C57BL/6J,C_PawDragPercent,0.0,0.0,100.0,True,True,False
SP_T1_13_4,0,Sham,MOp/MOs Sham,"SP-T1.2.4 (WT-PT-Sham, CTB 488, CTB 568, MRI-4wks)",C57BL/6J,C_PawDragPercent,0.0,0.0,100.0,True,True,False
SP_T1_13_4,3,Sham,MOp/MOs Sham,"SP-T1.2.4 (WT-PT-Sham, CTB 488, CTB 568, MRI-4wks)",C57BL/6J,C_PawDragPercent,15.0,0.0,100.0,True,False,False
SP_T1_13_4,7,Sham,MOp/MOs Sham,"SP-T1.2.4 (WT-PT-Sham, CTB 488, CTB 568, MRI-4wks)",C57BL/6J,C_PawDragPercent,10.52631579,0.0,100.0,True,False,False
SP_T1_13_4,14,Sham,MOp/MOs Sham,"SP-T1.2.4 (WT-PT-Sham, CTB 488, CTB 568, MRI-4wks)",C57BL/6J,C_PawDragPercent,0.0,0.0,100.0,True,True,False
SP_T1_13_4,21,Sham,MOp/MOs Sham,"SP-T1.2.4 (WT-PT-Sham, CTB 488, CTB 568, MRI-4wks)",C57BL/6J,C_PawDragPercent,11.76470588,0.0,100.0,True,False,False
SP_T1_13_4,28,Sham,MOp/MOs Sham,"SP-T1.2.4 (WT-PT-Sham, CTB 488, CTB 568, MRI-4wks)",C57BL/6J,C_PawDragPercent,7.692307692,0.0,100.0,True,False,False
SP_T1_14_1,0,Sham,MOp/MOs Sham,"SP-T1.2.3 (WT-PT-Sham, CTB 488, MRI-1wks)",C57BL/6J,C_PawDragPercent,9.090909091,0.0,100.0,True,False,False
SP_T1_14_1,3,Sham,MOp/MOs Sham,"SP-T1.2.3 (WT-PT-Sham, CTB 488, MRI-1wks)",C57BL/6J,C_PawDragPercent,10.0,0.0,100.0,True,False,False
SP_T1_14_1,7,Sham,MOp/MOs Sham,"SP-T1.2.3 (WT-PT-Sham, CTB 488, MRI-1wks)",C57BL/6J,C_PawDragPercent,22.22222222,0.0,100.0,True,False,False
SP_T1_14_2,3,Sham,MOp/MOs Sham,"SP-T1.2.3 (WT-PT-Sham, CTB 488, MRI-1wks)",C57BL/6J,C_PawDragPercent,0.0,0.0,100.0,True,True,False
SP_T1_14_2,7,Sham,MOp/MOs Sham,"SP-T1.2.3 (WT-PT-Sham, CTB 488, MRI-1wks)",C57BL/6J,C_PawDragPercent,25.0,0.0,100.0,True,False,False
SP_T1_15_1,0,Sham,MOp/MOs Sham,"SP-T1.2.3 (WT-PT-Sham, CTB 488, MRI-1wks)",C57BL/6J,C_PawDragPercent,5.0,0.0,100.0,True,False,False
SP_T1_15_1,3,Sham,MOp/MOs Sham,"SP-T1.2.3 (WT-PT-Sham, CTB 488, MRI-1wks)",C57BL/6J,C_PawDragPercent,20.0,0.0,100.0,True,False,False
SP_T1_15_1,7,Sham,MOp/MOs Sham,"SP-T1.2.3 (WT-PT-Sham, CTB 488, MRI-1wks)",C57BL/6J,C_PawDragPercent,5.0,0.0,100.0,True,False,False
SP_T1_15_2,0,Sham,MOp/MOs Sham,"SP-T1.2.3 (WT-PT-Sham, CTB 488, MRI-1wks)",C57BL/6J,C_PawDragPercent,10.0,0.0,100.0,True,False,False
SP_T1_15_2,3,Sham,MOp/MOs Sham,"SP-T1.2.3 (WT-PT-Sham, CTB 488, MRI-1wks)",C57BL/6J,C_PawDragPercent,15.0,0.0,100.0,True,False,False
SP_T1_15_2,7,Sham,MOp/MOs Sham,"SP-T1.2.3 (WT-PT-Sham, CTB 488, MRI-1wks)",C57BL/6J,C_PawDragPercent,10.0,0.0,100.0,True,False,False
SP_T1_1_1,0,Stroke,MOp/MOs (small),"SP-T1.2.2 (WT-PT, CTB 488, CTB 568, MRI-4wks)",C57BL/6J,C_PawDragPercent,5.0,0.0,100.0,True,False,False
SP_T1_1_1,3,Stroke,MOp/MOs (small),"SP-T1.2.2 (WT-PT, CTB 488, CTB 568, MRI-4wks)",C57BL/6J,C_PawDragPercent,40.0,0.0,100.0,True,False,False
SP_T1_1_1,7,Stroke,MOp/MOs (small),"SP-T1.2.2 (WT-PT, CTB 488, CTB 568, MRI-4wks)",C57BL/6J,C_PawDragPercent,29.62962963,0.0,100.0,True,False,False
SP_T1_1_1,14,Stroke,MOp/MOs (small),"SP-T1.2.2 (WT-PT, CTB 488, CTB 568, MRI-4wks)",C57BL/6J,C_PawDragPercent,40.0,0.0,100.0,True,False,False
SP_T1_1_1,21,Stroke,MOp/MOs (small),"SP-T1.2.2 (WT-PT, CTB 488, CTB 568, MRI-4wks)",C57BL/6J,C_PawDragPercent,23.52941176,0.0,100.0,True,False,False
SP_T1_1_1,28,Stroke,MOp/MOs (small),"SP-T1.2.2 (WT-PT, CTB 488, CTB 568, MRI-4wks)",C57BL/6J,C_PawDragPercent,15.0,0.0,100.0,True,False,False
SP_T1_1_2,0,Stroke,MOp/MOs (small),"SP-T1.2.2 (WT-PT, CTB 488, CTB 568, MRI-4wks)",C57BL/6J,C_PawDragPercent,0.0,0.0,100.0,True,True,False
SP_T1_1_2,3,Stroke,MOp/MOs (small),"SP-T1.2.2 (WT-PT, CTB 488, CTB 568, MRI-4wks)",C57BL/6J,C_PawDragPercent,33.33333333,0.0,100.0,True,False,False
SP_T1_1_2,7,Stroke,MOp/MOs (small),"SP-T1.2.2 (WT-PT, CTB 488, CTB 568, MRI-4wks)",C57BL/6J,C_PawDragPercent,30.0,0.0,100.0,True,False,False
SP_T1_1_2,14,Stroke,MOp/MOs (small),"SP-T1.2.2 (WT-PT, CTB 488, CTB 568, MRI-4wks)",C57BL/6J,C_PawDragPercent,17.64705882,0.0,100.0,True,False,False
SP_T1_1_2,21,Stroke,MOp/MOs (small),"SP-T1.2.2 (WT-PT, CTB 488, CTB 568, MRI-4wks)",C57BL/6J,C_PawDragPercent,25.0,0.0,100.0,True,False,False
SP_T1_1_2,28,Stroke,MOp/MOs (small),"SP-T1.2.2 (WT-PT, CTB 488, CTB 568, MRI-4wks)",C57BL/6J,C_PawDragPercent,5.0,0.0,100.0,True,False,False
SP_T1_1_3,0,Stroke,MOp/MOs (small),"SP-T1.2.2 (WT-PT, CTB 488, CTB 568, MRI-4wks)",C57BL/6J,C_PawDragPercent,5.0,0.0,100.0,True,False,False
SP_T1_1_3,3,Stroke,MOp/MOs (small),"SP-T1.2.2 (WT-PT, CTB 488, CTB 568, MRI-4wks)",C57BL/6J,C_PawDragPercent,26.66666667,0.0,100.0,True,False,False
SP_T1_1_3,7,Stroke,MOp/MOs (small),"SP-T1.2.2 (WT-PT, CTB 488, CTB 568, MRI-4wks)",C57BL/6J,C_PawDragPercent,35.0,0.0,100.0,True,False,False
SP_T1_1_3,14,Stroke,MOp/MOs (small),"SP-T1.2.2 (WT-PT, CTB 488, CTB 568, MRI-4wks)",C57BL/6J,C_PawDragPercent,30.0,0.0,100.0,True,False,False
SP_T1_1_3,21,Stroke,MOp/MOs (small),"SP-T1.2.2 (WT-PT, CTB 488, CTB 568, MRI-4wks)",C57BL/6J,C_PawDragPercent,18.75,0.0,100.0,True,False,False
SP_T1_1_3,28,Stroke,MOp/MOs (small),"SP-T1.2.2 (WT-PT, CTB 488, CTB 568, MRI-4wks)",C57BL/6J,C_PawDragPercent,22.22222222,0.0,100.0,True,False,False
SP_T1_22_1,0,Stroke,MOp/MOs (small),"SP-T1.2.4 (WT-PT-Sham, CTB 488, CTB 568, MRI-4wks)",C57BL/6J,C_PawDragPercent,6.25,0.0,100.0,True,False,False
SP_T1_22_1,3,Stroke,MOp/MOs (small),"SP-T1.2.4 (WT-PT-Sham, CTB 488, CTB 568, MRI-4wks)",C57BL/6J,C_PawDragPercent,14.28571429,0.0,100.0,True,False,False
SP_T1_22_1,14,Stroke,MOp/MOs (small),"SP-T1.2.4 (WT-PT-Sham, CTB 488, CTB 568, MRI-4wks)",C57BL/6J,C_PawDragPercent,25.0,0.0,100.0,True,False,False
SP_T1_22_1,21,Stroke,MOp/MOs (small),"SP-T1.2.4 (WT-PT-Sham, CTB 488, CTB 568, MRI-4wks)",C57BL/6J,C_PawDragPercent,7.692307692,0.0,100.0,True,False,False
SP_T1_22_1,28,Stroke,MOp/MOs (small),"SP-T1.2.4 (WT-PT-Sham, CTB 488, CTB 568, MRI-4wks)",C57BL/6J,C_PawDragPercent,5.263157895,0.0,100.0,True,False,False
SP_T1_22_3,0,Stroke,MOp/MOs (small),"SP-T1.2.4 (WT-PT-Sham, CTB 488, CTB 568, MRI-4wks)",C57BL/6J,C_PawDragPercent,10.0,0.0,100.0,True,False,False
SP_T1_22_3,3,Stroke,MOp/MOs (small),"SP-T1.2.4 (WT-PT-Sham, CTB 488, CTB 568, MRI-4wks)",C57BL/6J,C_PawDragPercent,15.0,0.0,100.0,True,False,False
SP_T1_22_3,7,Stroke,MOp/MOs (small),"SP-T1.2.4 (WT-PT-Sham, CTB 488, CTB 568, MRI-4wks)",C57BL/6J,C_PawDragPercent,11.11111111,0.0,100.0,True,False,False
SP_T1_22_3,14,Stroke,MOp/MOs (small),"SP-T1.2.4 (WT-PT-Sham, CTB 488, CTB 568, MRI-4wks)",C57BL/6J,C_PawDragPercent,0.0,0.0,100.0,True,True,False
SP_T1_22_3,28,Stroke,MOp/MOs (small),"SP-T1.2.4 (WT-PT-Sham, CTB 488, CTB 568, MRI-4wks)",C57BL/6J,C_PawDragPercent,7.692307692,0.0,100.0,True,False,False
SP_T1_23_1,0,Sham,MOp/MOs Sham,"SP-T1.2.4 (WT-PT-Sham, CTB 488, CTB 568, MRI-4wks)",C57BL/6J,C_PawDragPercent,18.18181818,0.0,100.0,True,False,False
SP_T1_23_1,28,Sham,MOp/MOs Sham,"SP-T1.2.4 (WT-PT-Sham, CTB 488, CTB 568, MRI-4wks)",C57BL/6J,C_PawDragPercent,18.18181818,0.0,100.0,True,False,False
SP_T1_23_2,0,Sham,MOp/MOs Sham,"SP-T1.2.4 (WT-PT-Sham, CTB 488, CTB 568, MRI-4wks)",C57BL/6J,C_PawDragPercent,5.555555556,0.0,100.0,True,False,False
SP_T1_23_2,14,Sham,MOp/MOs Sham,"SP-T1.2.4 (WT-PT-Sham, CTB 488, CTB 568, MRI-4wks)",C57BL/6J,C_PawDragPercent,22.22222222,0.0,100.0,True,False,False
SP_T1_2_1,0,Stroke,MOp/MOs (small),"SP-T1.2.2 (WT-PT, CTB 488, CTB 568, MRI-4wks)",C57BL/6J,C_PawDragPercent,0.0,0.0,100.0,True,True,False
SP_T1_2_1,3,Stroke,MOp/MOs (small),"SP-T1.2.2 (WT-PT, CTB 488, CTB 568, MRI-4wks)",C57BL/6J,C_PawDragPercent,50.0,0.0,100.0,True,False,False
SP_T1_2_1,7,Stroke,MOp/MOs (small),"SP-T1.2.2 (WT-PT, CTB 488, CTB 568, MRI-4wks)",C57BL/6J,C_PawDragPercent,30.0,0.0,100.0,True,False,False
SP_T1_2_1,14,Stroke,MOp/MOs (small),"SP-T1.2.2 (WT-PT, CTB 488, CTB 568, MRI-4wks)",C57BL/6J,C_PawDragPercent,35.0,0.0,100.0,True,False,False
SP_T1_2_1,21,Stroke,MOp/MOs (small),"SP-T1.2.2 (WT-PT, CTB 488, CTB 568, MRI-4wks)",C57BL/6J,C_PawDragPercent,20.0,0.0,100.0,True,False,False
SP_T1_2_1,28,Stroke,MOp/MOs (small),"SP-T1.2.2 (WT-PT, CTB 488, CTB 568, MRI-4wks)",C57BL/6J,C_PawDragPercent,14.28571429,0.0,100.0,True,False,False
SP_T1_2_2,0,Sham,MOp/MOs Sham,"SP-T1.2.4 (WT-PT-Sham, CTB 488, CTB 568, MRI-4wks)",C57BL/6J,C_PawDragPercent,0.0,0.0,100.0,True,True,False
SP_T1_2_2,3,Sham,MOp/MOs Sham,"SP-T1.2.4 (WT-PT-Sham, CTB 488, CTB 568, MRI-4wks)",C57BL/6J,C_PawDragPercent,9.090909091,0.0,100.0,True,False,False
SP_T1_2_2,7,Sham,MOp/MOs Sham,"SP-T1.2.4 (WT-PT-Sham, CTB 488, CTB 568, MRI-4wks)",C57BL/6J,C_PawDragPercent,6.666666667,0.0,100.0,True,False,False
SP_T1_2_2,14,Sham,MOp/MOs Sham,"SP-T1.2.4 (WT-PT-Sham, CTB 488, CTB 568, MRI-4wks)",C57BL/6J,C_PawDragPercent,5.555555556,0.0,100.0,True,False,False
SP_T1_2_2,21,Sham,MOp/MOs Sham,"SP-T1.2.4 (WT-PT-Sham, CTB 488, CTB 568, MRI-4wks)",C57BL/6J,C_PawDragPercent,0.0,0.0,100.0,True,True,False
SP_T1_2_2,28,Sham,MOp/MOs Sham,"SP-T1.2.4 (WT-PT-Sham, CTB 488, CTB 568, MRI-4wks)",C57BL/6J,C_PawDragPercent,0.0,0.0,100.0,True,True,False
SP_T1_2_3,0,Sham,MOp/MOs Sham,"SP-T1.2.4 (WT-PT-Sham, CTB 488, CTB 568, MRI-4wks)",C57BL/6J,C_PawDragPercent,5.0,0.0,100.0,True,False,False
SP_T1_2_3,3,Sham,MOp/MOs Sham,"SP-T1.2.4 (WT-PT-Sham, CTB 488, CTB 568, MRI-4wks)",C57BL/6J,C_PawDragPercent,5.263157895,0.0,100.0,True,False,False
SP_T1_2_3,7,Sham,MOp/MOs Sham,"SP-T1.2.4 (WT-PT-Sham, CTB 488, CTB 568, MRI-4wks)",C57BL/6J,C_PawDragPercent,0.0,0.0,100.0,True,True,False
SP_T1_2_3,14,Sham,MOp/MOs Sham,"SP-T1.2.4 (WT-PT-Sham, CTB 488, CTB 568, MRI-4wks)",C57BL/6J,C_PawDragPercent,0.0,0.0,100.0,True,True,False
SP_T1_2_3,21,Sham,MOp/MOs Sham,"SP-T1.2.4 (WT-PT-Sham, CTB 488, CTB 568, MRI-4wks)",C57BL/6J,C_PawDragPercent,5.882352941,0.0,100.0,True,False,False
SP_T1_2_3,28,Sham,MOp/MOs Sham,"SP-T1.2.4 (WT-PT-Sham, CTB 488, CTB 568, MRI-4wks)",C57BL/6J,C_PawDragPercent,5.882352941,0.0,100.0,True,False,False
SP_T1_33_1,0,Sham,MOp/MOs Sham,"SP-T1.2.4 (WT-PT-Sham, BDA, MRI-4wks)",C57BL/6J,C_PawDragPercent,0.0,0.0,100.0,True,True,False
SP_T1_33_1,3,Sham,MOp/MOs Sham,"SP-T1.2.4 (WT-PT-Sham, BDA, MRI-4wks)",C57BL/6J,C_PawDragPercent,9.090909091,0.0,100.0,True,False,False
SP_T1_33_1,7,Sham,MOp/MOs Sham,"SP-T1.2.4 (WT-PT-Sham, BDA, MRI-4wks)",C57BL/6J,C_PawDragPercent,0.0,0.0,100.0,True,True,False
SP_T1_33_1,14,Sham,MOp/MOs Sham,"SP-T1.2.4 (WT-PT-Sham, BDA, MRI-4wks)",C57BL/6J,C_PawDragPercent,0.0,0.0,100.0,True,True,False
SP_T1_33_1,21,Sham,MOp/MOs Sham,"SP-T1.2.4 (WT-PT-Sham, BDA, MRI-4wks)",C57BL/6J,C_PawDragPercent,0.0,0.0,100.0,True,True,False
SP_T1_33_1,28,Sham,MOp/MOs Sham,"SP-T1.2.4 (WT-PT-Sham, BDA, MRI-4wks)",C57BL/6J,C_PawDragPercent,0.0,0.0,100.0,True,True,False
SP_T1_33_2,0,Sham,MOp/MOs Sham,"SP-T1.2.4 (WT-PT-Sham, BDA, MRI-4wks)",C57BL/6J,C_PawDragPercent,5.0,0.0,100.0,True,False,False
SP_T1_33_2,7,Sham,MOp/MOs Sham,"SP-T1.2.4 (WT-PT-Sham, BDA, MRI-4wks)",C57BL/6J,C_PawDragPercent,0.0,0.0,100.0,True,True,False
SP_T1_33_2,14,Sham,MOp/MOs Sham,"SP-T1.2.4 (WT-PT-Sham, BDA, MRI-4wks)",C57BL/6J,C_PawDragPercent,0.0,0.0,100.0,True,True,False
SP_T1_33_2,28,Sham,MOp/MOs Sham,"SP-T1.2.4 (WT-PT-Sham, BDA, MRI-4wks)",C57BL/6J,C_PawDragPercent,0.0,0.0,100.0,True,True,False
SP_T1_33_3,0,Sham,MOp/MOs Sham,"SP-T1.2.4 (WT-PT-Sham, BDA, MRI-4wks)",C57BL/6J,C_PawDragPercent,0.0,0.0,100.0,True,True,False
SP_T1_33_3,3,Sham,MOp/MOs Sham,"SP-T1.2.4 (WT-PT-Sham, BDA, MRI-4wks)",C57BL/6J,C_PawDragPercent,8.333333333,0.0,100.0,True,False,False
SP_T1_33_3,7,Sham,MOp/MOs Sham,"SP-T1.2.4 (WT-PT-Sham, BDA, MRI-4wks)",C57BL/6J,C_PawDragPercent,0.0,0.0,100.0,True,True,False
SP_T1_33_3,14,Sham,MOp/MOs Sham,"SP-T1.2.4 (WT-PT-Sham, BDA, MRI-4wks)",C57BL/6J,C_PawDragPercent,0.0,0.0,100.0,True,True,False
SP_T1_33_3,21,Sham,MOp/MOs Sham,"SP-T1.2.4 (WT-PT-Sham, BDA, MRI-4wks)",C57BL/6J,C_PawDragPercent,14.28571429,0.0,100.0,True,False,False
SP_T1_33_4,0,Sham,MOp/MOs Sham,"SP-T1.2.4 (WT-PT-Sham, BDA, MRI-4wks)",C57BL/6J,C_PawDragPercent,5.882352941,0.0,100.0,True,False,False
SP_T1_33_4,3,Sham,MOp/MOs Sham,"SP-T1.2.4 (WT-PT-Sham, BDA, MRI-4wks)",C57BL/6J,C_PawDragPercent,0.0,0.0,100.0,True,True,False
SP_T1_33_4,7,Sham,MOp/MOs Sham,"SP-T1.2.4 (WT-PT-Sham, BDA, MRI-4wks)",C57BL/6J,C_PawDragPercent,0.0,0.0,100.0,True,True,False
SP_T1_33_4,14,Sham,MOp/MOs Sham,"SP-T1.2.4 (WT-PT-Sham, BDA, MRI-4wks)",C57BL/6J,C_PawDragPercent,0.0,0.0,100.0,True,True,False
SP_T1_33_4,21,Sham,MOp/MOs Sham,"SP-T1.2.4 (WT-PT-Sham, BDA, MRI-4wks)",C57BL/6J,C_PawDragPercent,0.0,0.0,100.0,True,True,False
SP_T1_33_4,28,Sham,MOp/MOs Sham,"SP-T1.2.4 (WT-PT-Sham, BDA, MRI-4wks)",C57BL/6J,C_PawDragPercent,12.5,0.0,100.0,True,False,False
SP_T1_3_1,0,Stroke,MOp/MOs (small),"SP-T1.2.1 (WT-PT, CTB 488, MRI-1wks)",C57BL/6J,C_PawDragPercent,0.0,0.0,100.0,True,True,False
SP_T1_3_1,3,Stroke,MOp/MOs (small),"SP-T1.2.1 (WT-PT, CTB 488, MRI-1wks)",C57BL/6J,C_PawDragPercent,28.57142857,0.0,100.0,True,False,False
SP_T1_3_1,7,Stroke,MOp/MOs (small),"SP-T1.2.1 (WT-PT, CTB 488, MRI-1wks)",C57BL/6J,C_PawDragPercent,23.07692308,0.0,100.0,True,False,False
SP_T1_3_2,0,Stroke,MOp/MOs (small),"SP-T1.2.1 (WT-PT, CTB 488, MRI-1wks)",C57BL/6J,C_PawDragPercent,0.0,0.0,100.0,True,True,False
SP_T1_3_2,3,Stroke,MOp/MOs (small),"SP-T1.2.1 (WT-PT, CTB 488, MRI-1wks)",C57BL/6J,C_PawDragPercent,5.0,0.0,100.0,True,False,False
SP_T1_3_2,7,Stroke,MOp/MOs (small),"SP-T1.2.1 (WT-PT, CTB 488, MRI-1wks)",C57BL/6J,C_PawDragPercent,26.66666667,0.0,100.0,True,False,False
SP_T1_3_3,0,Stroke,MOp/MOs (small),"SP-T1.2.1 (WT-PT, CTB 488, MRI-1wks)",C57BL/6J,C_PawDragPercent,5.0,0.0,100.0,True,False,False
SP_T1_3_3,3,Stroke,MOp/MOs (small),"SP-T1.2.1 (WT-PT, CTB 488, MRI-1wks)",C57BL/6J,C_PawDragPercent,20.0,0.0,100.0,True,False,False
SP_T1_3_3,7,Stroke,MOp/MOs (small),"SP-T1.2.1 (WT-PT, CTB 488, MRI-1wks)",C57BL/6J,C_PawDragPercent,15.0,0.0,100.0,True,False,False
SP_T1_3_4,0,Stroke,MOp/MOs (small),"SP-T1.2.1 (WT-PT, CTB 488, MRI-1wks)",C57BL/6J,C_PawDragPercent,0.0,0.0,100.0,True,True,False
SP_T1_3_4,3,Stroke,MOp/MOs (small),"SP-T1.2.1 (WT-PT, CTB 488, MRI-1wks)",C57BL/6J,C_PawDragPercent,22.22222222,0.0,100.0,True,False,False
SP_T1_3_4,7,Stroke,MOp/MOs (small),"SP-T1.2.1 (WT-PT, CTB 488, MRI-1wks)",C57BL/6J,C_PawDragPercent,10.0,0.0,100.0,True,False,False
SP_T1_4_1,0,Stroke,MOp/MOs (small),"SP-T1.2.2 (WT-PT, CTB 488, CTB 568, MRI-4wks)",C57BL/6J,C_PawDragPercent,0.0,0.0,100.0,True,True,False
SP_T1_4_1,3,Stroke,MOp/MOs (small),"SP-T1.2.2 (WT-PT, CTB 488, CTB 568, MRI-4wks)",C57BL/6J,C_PawDragPercent,33.33333333,0.0,100.0,True,False,False
SP_T1_4_1,14,Stroke,MOp/MOs (small),"SP-T1.2.2 (WT-PT, CTB 488, CTB 568, MRI-4wks)",C57BL/6J,C_PawDragPercent,33.33333333,0.0,100.0,True,False,False
SP_T1_4_1,21,Stroke,MOp/MOs (small),"SP-T1.2.2 (WT-PT, CTB 488, CTB 568, MRI-4wks)",C57BL/6J,C_PawDragPercent,22.22222222,0.0,100.0,True,False,False
SP_T1_4_2,0,Stroke,MOp/MOs (small),"SP-T1.2.2 (WT-PT, CTB 488, CTB 568, MRI-4wks)",C57BL/6J,C_PawDragPercent,6.25,0.0,100.0,True,False,False
SP_T1_4_2,3,Stroke,MOp/MOs (small),"SP-T1.2.2 (WT-PT, CTB 488, CTB 568, MRI-4wks)",C57BL/6J,C_PawDragPercent,40.0,0.0,100.0,True,False,False
SP_T1_4_2,7,Stroke,MOp/MOs (small),"SP-T1.2.2 (WT-PT, CTB 488, CTB 568, MRI-4wks)",C57BL/6J,C_PawDragPercent,30.0,0.0,100.0,True,False,False
SP_T1_4_2,14,Stroke,MOp/MOs (small),"SP-T1.2.2 (WT-PT, CTB 488, CTB 568, MRI-4wks)",C57BL/6J,C_PawDragPercent,17.64705882,0.0,100.0,True,False,False
SP_T1_4_2,21,Stroke,MOp/MOs (small),"SP-T1.2.2 (WT-PT, CTB 488, CTB 568, MRI-4wks)",C57BL/6J,C_PawDragPercent,10.0,0.0,100.0,True,False,False
SP_T1_4_2,28,Stroke,MOp/MOs (small),"SP-T1.2.2 (WT-PT, CTB 488, CTB 568, MRI-4wks)",C57BL/6J,C_PawDragPercent,0.0,0.0,100.0,True,True,False
SP_T1_4_3,0,Stroke,MOp/MOs (small),"SP-T1.2.2 (WT-PT, CTB 488, CTB 568, MRI-4wks)",C57BL/6J,C_PawDragPercent,5.0,0.0,100.0,True,False,False
SP_T1_4_3,3,Stroke,MOp/MOs (small),"SP-T1.2.2 (WT-PT, CTB 488, CTB 568, MRI-4wks)",C57BL/6J,C_PawDragPercent,30.0,0.0,100.0,True,False,False
SP_T1_4_3,7,Stroke,MOp/MOs (small),"SP-T1.2.2 (WT-PT, CTB 488, CTB 568, MRI-4wks)",C57BL/6J,C_PawDragPercent,30.0,0.0,100.0,True,False,False
SP_T1_4_3,14,Stroke,MOp/MOs (small),"SP-T1.2.2 (WT-PT, CTB 488, CTB 568, MRI-4wks)",C57BL/6J,C_PawDragPercent,25.0,0.0,100.0,True,False,False
SP_T1_4_3,21,Stroke,MOp/MOs (small),"SP-T1.2.2 (WT-PT, CTB 488, CTB 568, MRI-4wks)",C57BL/6J,C_PawDragPercent,5.0,0.0,100.0,True,False,False
SP_T1_4_3,28,Stroke,MOp/MOs (small),"SP-T1.2.2 (WT-PT, CTB 488, CTB 568, MRI-4wks)",C57BL/6J,C_PawDragPercent,10.0,0.0,100.0,True,False,False
SP_T1_6_1,0,Stroke,MOp/MOs (small),"SP-T1.2.2 (WT-PT, CTB 488, CTB 568, MRI-4wks)",C57BL/6J,C_PawDragPercent,5.0,0.0,100.0,True,False,False
SP_T1_6_1,3,Stroke,MOp/MOs (small),"SP-T1.2.2 (WT-PT, CTB 488, CTB 568, MRI-4wks)",C57BL/6J,C_PawDragPercent,25.0,0.0,100.0,True,False,False
SP_T1_6_1,7,Stroke,MOp/MOs (small),"SP-T1.2.2 (WT-PT, CTB 488, CTB 568, MRI-4wks)",C57BL/6J,C_PawDragPercent,19.04761905,0.0,100.0,True,False,False
SP_T1_6_1,14,Stroke,MOp/MOs (small),"SP-T1.2.2 (WT-PT, CTB 488, CTB 568, MRI-4wks)",C57BL/6J,C_PawDragPercent,30.0,0.0,100.0,True,False,False
SP_T1_6_1,21,Stroke,MOp/MOs (small),"SP-T1.2.2 (WT-PT, CTB 488, CTB 568, MRI-4wks)",C57BL/6J,C_PawDragPercent,29.41176471,0.0,100.0,True,False,False
SP_T1_6_1,28,Stroke,MOp/MOs (small),"SP-T1.2.2 (WT-PT, CTB 488, CTB 568, MRI-4wks)",C57BL/6J,C_PawDragPercent,20.0,0.0,100.0,True,False,False
SP_T1_7_1,0,Stroke,MOp/MOs (small),"SP-T1.2.2 (WT-PT, CTB 488, CTB 568, MRI-4wks)",C57BL/6J,C_PawDragPercent,0.0,0.0,100.0,True,True,False
SP_T1_7_1,3,Stroke,MOp/MOs (small),"SP-T1.2.2 (WT-PT, CTB 488, CTB 568, MRI-4wks)",C57BL/6J,C_PawDragPercent,11.11111111,0.0,100.0,True,False,False
SP_T1_7_1,14,Stroke,MOp/MOs (small),"SP-T1.2.2 (WT-PT, CTB 488, CTB 568, MRI-4wks)",C57BL/6J,C_PawDragPercent,12.5,0.0,100.0,True,False,False
SP_T1_7_1,21,Stroke,MOp/MOs (small),"SP-T1.2.2 (WT-PT, CTB 488, CTB 568, MRI-4wks)",C57BL/6J,C_PawDragPercent,15.38461538,0.0,100.0,True,False,False
SP_T1_7_1,28,Stroke,MOp/MOs (small),"SP-T1.2.2 (WT-PT, CTB 488, CTB 568, MRI-4wks)",C57BL/6J,C_PawDragPercent,22.22222222,0.0,100.0,True,False,False
SP_V1_10_1,0,Stroke,MOp/MOs (small),SP-V1.3.1 (WT-PT-4wks),C57BL/6J,C_PawDragPercent,5.0,0.0,100.0,True,False,False
SP_V1_10_1,3,Stroke,MOp/MOs (small),SP-V1.3.1 (WT-PT-4wks),C57BL/6J,C_PawDragPercent,35.71428571,0.0,100.0,True,False,False
SP_V1_10_1,7,Stroke,MOp/MOs (small),SP-V1.3.1 (WT-PT-4wks),C57BL/6J,C_PawDragPercent,18.18181818,0.0,100.0,True,False,False
SP_V1_10_1,14,Stroke,MOp/MOs (small),SP-V1.3.1 (WT-PT-4wks),C57BL/6J,C_PawDragPercent,25.0,0.0,100.0,True,False,False
SP_V1_10_1,21,Stroke,MOp/MOs (small),SP-V1.3.1 (WT-PT-4wks),C57BL/6J,C_PawDragPercent,22.22222222,0.0,100.0,True,False,False
SP_V1_10_1,28,Stroke,MOp/MOs (small),SP-V1.3.1 (WT-PT-4wks),C57BL/6J,C_PawDragPercent,16.66666667,0.0,100.0,True,False,False
SP_V1_10_2,3,Stroke,MOp/MOs (small),SP-V1.3.1 (WT-PT-4wks),C57BL/6J,C_PawDragPercent,55.0,0.0,100.0,True,False,False
SP_V1_10_3,0,Sham,MOp/MOs Sham,SP-V1.3.2 (WT-PT-Sham-4wks),C57BL/6J,C_PawDragPercent,0.0,0.0,100.0,True,True,False
SP_V1_10_3,3,Sham,MOp/MOs Sham,SP-V1.3.2 (WT-PT-Sham-4wks),C57BL/6J,C_PawDragPercent,0.0,0.0,100.0,True,True,False
SP_V1_10_3,14,Sham,MOp/MOs Sham,SP-V1.3.2 (WT-PT-Sham-4wks),C57BL/6J,C_PawDragPercent,12.5,0.0,100.0,True,False,False
SP_V1_10_4,0,Sham,MOp/MOs Sham,SP-V1.3.2 (WT-PT-Sham-4wks),C57BL/6J,C_PawDragPercent,5.882352941,0.0,100.0,True,False,False
SP_V1_10_4,3,Sham,MOp/MOs Sham,SP-V1.3.2 (WT-PT-Sham-4wks),C57BL/6J,C_PawDragPercent,33.33333333,0.0,100.0,True,False,False
SP_V1_10_4,7,Sham,MOp/MOs Sham,SP-V1.3.2 (WT-PT-Sham-4wks),C57BL/6J,C_PawDragPercent,31.57894737,0.0,100.0,True,False,False
SP_V1_10_4,28,Sham,MOp/MOs Sham,SP-V1.3.2 (WT-PT-Sham-4wks),C57BL/6J,C_PawDragPercent,9.090909091,0.0,100.0,True,False,False
SP_V1_11_2,7,Stroke,MOp/MOs (large),SP-V1.3.1 (WT-PT-4wks),C57BL/6J,C_PawDragPercent,54.54545455,0.0,100.0,True,False,False
SP_V1_11_2,21,Stroke,MOp/MOs (large),SP-V1.3.1 (WT-PT-4wks),C57BL/6J,C_PawDragPercent,40.0,0.0,100.0,True,False,False
SP_V1_11_2,28,Stroke,MOp/MOs (large),SP-V1.3.1 (WT-PT-4wks),C57BL/6J,C_PawDragPercent,33.33333333,0.0,100.0,True,False,False
SP_V1_11_4,3,Sham,MOp/MOs Sham,SP-V1.3.2 (WT-PT-Sham-4wks),C57BL/6J,C_PawDragPercent,16.66666667,0.0,100.0,True,False,False
SP_V1_11_4,7,Sham,MOp/MOs Sham,SP-V1.3.2 (WT-PT-Sham-4wks),C57BL/6J,C_PawDragPercent,0.0,0.0,100.0,True,True,False
SP_V1_11_4,21,Sham,MOp/MOs Sham,SP-V1.3.2 (WT-PT-Sham-4wks),C57BL/6J,C_PawDragPercent,0.0,0.0,100.0,True,True,False
SP_V1_11_4,28,Sham,MOp/MOs Sham,SP-V1.3.2 (WT-PT-Sham-4wks),C57BL/6J,C_PawDragPercent,16.66666667,0.0,100.0,True,False,False
SP_V1_11_5,14,Sham,MOp/MOs Sham,SP-V1.1.1 (WT-MCAO-4wks),C57BL/6J,C_PawDragPercent,25.0,0.0,100.0,True,False,False
SP_V1_1_1,0,Stroke,MOp/MOs (large),SP-V1.3.1 (WT-PT-4wks),C57BL/6J,C_PawDragPercent,6.847826087,0.0,100.0,True,False,False
SP_V1_1_1,7,Stroke,MOp/MOs (large),SP-V1.3.1 (WT-PT-4wks),C57BL/6J,C_PawDragPercent,40.0,0.0,100.0,True,False,False
SP_V1_1_1,14,Stroke,MOp/MOs (large),SP-V1.3.1 (WT-PT-4wks),C57BL/6J,C_PawDragPercent,25.0,0.0,100.0,True,False,False
SP_V1_1_1,21,Stroke,MOp/MOs (large),SP-V1.3.1 (WT-PT-4wks),C57BL/6J,C_PawDragPercent,40.0,0.0,100.0,True,False,False
SP_V1_1_1,28,Stroke,MOp/MOs (large),SP-V1.3.1 (WT-PT-4wks),C57BL/6J,C_PawDragPercent,20.0,0.0,100.0,True,False,False
SP_V1_1_3,0,Stroke,MOp/MOs (large),SP-V1.3.1 (WT-PT-4wks),C57BL/6J,C_PawDragPercent,5.263157895,0.0,100.0,True,False,False
SP_V1_1_3,3,Stroke,MOp/MOs (large),SP-V1.3.1 (WT-PT-4wks),C57BL/6J,C_PawDragPercent,57.14285714,0.0,100.0,True,False,False
SP_V1_1_3,7,Stroke,MOp/MOs (large),SP-V1.3.1 (WT-PT-4wks),C57BL/6J,C_PawDragPercent,40.0,0.0,100.0,True,False,False
SP_V1_1_3,14,Stroke,MOp/MOs (large),SP-V1.3.1 (WT-PT-4wks),C57BL/6J,C_PawDragPercent,33.33333333,0.0,100.0,True,False,False
SP_V1_1_3,21,Stroke,MOp/MOs (large),SP-V1.3.1 (WT-PT-4wks),C57BL/6J,C_PawDragPercent,40.0,0.0,100.0,True,False,False
SP_V1_1_4,0,Sham,MOp/MOs Sham,SP-V1.3.2 (WT-PT-Sham-4wks),C57BL/6J,C_PawDragPercent,5.0,0.0,100.0,True,False,False
SP_V1_1_4,3,Sham,MOp/MOs Sham,SP-V1.3.2 (WT-PT-Sham-4wks),C57BL/6J,C_PawDragPercent,0.0,0.0,100.0,True,True,False
SP_V1_1_4,7,Sham,MOp/MOs Sham,SP-V1.3.2 (WT-PT-Sham-4wks),C57BL/6J,C_PawDragPercent,8.333333333,0.0,100.0,True,False,False
SP_V1_1_4,14,Sham,MOp/MOs Sham,SP-V1.3.2 (WT-PT-Sham-4wks),C57BL/6J,C_PawDragPercent,5.882352941,0.0,100.0,True,False,False
SP_V1_1_4,21,Sham,MOp/MOs Sham,SP-V1.3.2 (WT-PT-Sham-4wks),C57BL/6J,C_PawDragPercent,0.0,0.0,100.0,True,True,False
SP_V1_1_5,0,Sham,MOp/MOs Sham,SP-V1.3.2 (WT-PT-Sham-4wks),C57BL/6J,C_PawDragPercent,10.0,0.0,100.0,True,False,False
SP_V1_1_5,3,Sham,MOp/MOs Sham,SP-V1.3.2 (WT-PT-Sham-4wks),C57BL/6J,C_PawDragPercent,16.66666667,0.0,100.0,True,False,False
SP_V1_1_5,7,Sham,MOp/MOs Sham,SP-V1.3.2 (WT-PT-Sham-4wks),C57BL/6J,C_PawDragPercent,0.0,0.0,100.0,True,True,False
SP_V1_1_5,21,Sham,MOp/MOs Sham,SP-V1.3.2 (WT-PT-Sham-4wks),C57BL/6J,C_PawDragPercent,12.5,0.0,100.0,True,False,False
SP_V1_1_5,28,Sham,MOp/MOs Sham,SP-V1.3.2 (WT-PT-Sham-4wks),C57BL/6J,C_PawDragPercent,0.0,0.0,100.0,True,True,False
SP_V1_2_1,0,Stroke,MOp/MOs (large),SP-V1.3.1 (WT-PT-4wks),C57BL/6J,C_PawDragPercent,10.0,0.0,100.0,True,False,False
SP_V1_2_1,3,Stroke,MOp/MOs (large),SP-V1.3.1 (WT-PT-4wks),C57BL/6J,C_PawDragPercent,41.66666667,0.0,100.0,True,False,False
SP_V1_2_1,7,Stroke,MOp/MOs (large),SP-V1.3.1 (WT-PT-4wks),C57BL/6J,C_PawDragPercent,29.41176471,0.0,100.0,True,False,False
SP_V1_2_1,14,Stroke,MOp/MOs (large),SP-V1.3.1 (WT-PT-4wks),C57BL/6J,C_PawDragPercent,35.0,0.0,100.0,True,False,False
SP_V1_2_1,21,Stroke,MOp/MOs (large),SP-V1.3.1 (WT-PT-4wks),C57BL/6J,C_PawDragPercent,26.31578947,0.0,100.0,True,False,False
SP_V1_2_1,28,Stroke,MOp/MOs (large),SP-V1.3.1 (WT-PT-4wks),C57BL/6J,C_PawDragPercent,21.42857143,0.0,100.0,True,False,False
SP_V1_2_2,0,Stroke,MOp/MOs (large),SP-V1.3.1 (WT-PT-4wks),C57BL/6J,C_PawDragPercent,5.0,0.0,100.0,True,False,False
SP_V1_2_2,3,Stroke,MOp/MOs (large),SP-V1.3.1 (WT-PT-4wks),C57BL/6J,C_PawDragPercent,53.84615385,0.0,100.0,True,False,False
SP_V1_2_2,7,Stroke,MOp/MOs (large),SP-V1.3.1 (WT-PT-4wks),C57BL/6J,C_PawDragPercent,58.33333333,0.0,100.0,True,False,False
SP_V1_2_2,14,Stroke,MOp/MOs (large),SP-V1.3.1 (WT-PT-4wks),C57BL/6J,C_PawDragPercent,36.36363636,0.0,100.0,True,False,False
SP_V1_2_2,28,Stroke,MOp/MOs (large),SP-V1.3.1 (WT-PT-4wks),C57BL/6J,C_PawDragPercent,21.42857143,0.0,100.0,True,False,False
SP_V1_6_1,0,Stroke,MOp/MOs (small),SP-V1.3.1 (WT-PT-4wks),C57BL/6J,C_PawDragPercent,0.0,0.0,100.0,True,True,False
SP_V1_6_1,7,Stroke,MOp/MOs (small),SP-V1.3.1 (WT-PT-4wks),C57BL/6J,C_PawDragPercent,30.0,0.0,100.0,True,False,False
SP_V1_6_1,14,Stroke,MOp/MOs (small),SP-V1.3.1 (WT-PT-4wks),C57BL/6J,C_PawDragPercent,22.22222222,0.0,100.0,True,False,False
SP_V1_6_1,21,Stroke,MOp/MOs (small),SP-V1.3.1 (WT-PT-4wks),C57BL/6J,C_PawDragPercent,14.28571429,0.0,100.0,True,False,False
SP_V1_6_1,28,Stroke,MOp/MOs (small),SP-V1.3.1 (WT-PT-4wks),C57BL/6J,C_PawDragPercent,16.66666667,0.0,100.0,True,False,False
SP_V1_6_2,0,Stroke,MOp/MOs (small),SP-V1.3.1 (WT-PT-4wks),C57BL/6J,C_PawDragPercent,5.0,0.0,100.0,True,False,False
SP_V1_6_2,3,Stroke,MOp/MOs (small),SP-V1.3.1 (WT-PT-4wks),C57BL/6J,C_PawDragPercent,27.27272727,0.0,100.0,True,False,False
SP_V1_6_2,7,Stroke,MOp/MOs (small),SP-V1.3.1 (WT-PT-4wks),C57BL/6J,C_PawDragPercent,15.78947368,0.0,100.0,True,False,False
SP_V1_6_2,14,Stroke,MOp/MOs (small),SP-V1.3.1 (WT-PT-4wks),C57BL/6J,C_PawDragPercent,21.42857143,0.0,100.0,True,False,False
SP_V1_6_2,21,Stroke,MOp/MOs (small),SP-V1.3.1 (WT-PT-4wks),C57BL/6J,C_PawDragPercent,16.66666667,0.0,100.0,True,False,False
SP_V1_6_2,28,Stroke,MOp/MOs (small),SP-V1.3.1 (WT-PT-4wks),C57BL/6J,C_PawDragPercent,10.52631579,0.0,100.0,True,False,False
SP_V1_8_2,0,Stroke,MOp/MOs (large),SP-V1.3.1 (WT-PT-4wks),C57BL/6J,C_PawDragPercent,5.263157895,0.0,100.0,True,False,False
SP_V1_8_2,3,Stroke,MOp/MOs (large),SP-V1.3.1 (WT-PT-4wks),C57BL/6J,C_PawDragPercent,30.76923077,0.0,100.0,True,False,False
SP_V1_8_2,7,Stroke,MOp/MOs (large),SP-V1.3.1 (WT-PT-4wks),C57BL/6J,C_PawDragPercent,23.07692308,0.0,100.0,True,False,False
SP_V1_8_2,14,Stroke,MOp/MOs (large),SP-V1.3.1 (WT-PT-4wks),C57BL/6J,C_PawDragPercent,18.75,0.0,100.0,True,False,False
SP_V1_8_2,21,Stroke,MOp/MOs (large),SP-V1.3.1 (WT-PT-4wks),C57BL/6J,C_PawDragPercent,21.42857143,0.0,100.0,True,False,False
SP_V1_8_2,28,Stroke,MOp/MOs (large),SP-V1.3.1 (WT-PT-4wks),C57BL/6J,C_PawDragPercent,20.0,0.0,100.0,True,False,False
SP_V1_9_1,0,Stroke,MOp/MOs (large),SP-V1.3.1 (WT-PT-4wks),C57BL/6J,C_PawDragPercent,9.090909091,0.0,100.0,True,False,False
SP_V1_9_1,3,Stroke,MOp/MOs (large),SP-V1.3.1 (WT-PT-4wks),C57BL/6J,C_PawDragPercent,36.36363636,0.0,100.0,True,False,False
SP_V1_9_1,7,Stroke,MOp/MOs (large),SP-V1.3.1 (WT-PT-4wks),C57BL/6J,C_PawDragPercent,30.76923077,0.0,100.0,True,False,False
SP_V1_9_1,14,Stroke,MOp/MOs (large),SP-V1.3.1 (WT-PT-4wks),C57BL/6J,C_PawDragPercent,22.22222222,0.0,100.0,True,False,False
SP_V1_9_2,3,Stroke,MOp/MOs (large),SP-V1.3.1 (WT-PT-4wks),C57BL/6J,C_PawDragPercent,64.28571429,0.0,100.0,True,False,False
SP_V1_9_2,7,Stroke,MOp/MOs (large),SP-V1.3.1 (WT-PT-4wks),C57BL/6J,C_PawDragPercent,55.0,0.0,100.0,True,False,False
SRs1i7c4m1,0,Stroke,MOp/MOs (large),SR-T1.7 (WT-PT-8wks),C57BL/6J,C_PawDragPercent,0.0,0.0,100.0,True,True,False
SRs1i7c4m1,3,Stroke,MOp/MOs (large),SR-T1.7 (WT-PT-8wks),C57BL/6J,C_PawDragPercent,30.76923077,0.0,100.0,True,False,False
SRs1i7c4m1,7,Stroke,MOp/MOs (large),SR-T1.7 (WT-PT-8wks),C57BL/6J,C_PawDragPercent,40.0,0.0,100.0,True,False,False
SRs1i7c4m1,28,Stroke,MOp/MOs (large),SR-T1.7 (WT-PT-8wks),C57BL/6J,C_PawDragPercent,16.0,0.0,100.0,True,False,False
SRs1i7c4m1,42,Stroke,MOp/MOs (large),SR-T1.7 (WT-PT-8wks),C57BL/6J,C_PawDragPercent,0.0,0.0,100.0,True,True,False
SRs1i7c4m1,56,Stroke,MOp/MOs (large),SR-T1.7 (WT-PT-8wks),C57BL/6J,C_PawDragPercent,0.0,0.0,100.0,True,True,False
SRs1i7c4m2,0,Stroke,MOp/MOs (large),SR-T1.7 (WT-PT-8wks),C57BL/6J,C_PawDragPercent,5.555555556,0.0,100.0,True,False,False
SRs1i7c4m2,3,Stroke,MOp/MOs (large),SR-T1.7 (WT-PT-8wks),C57BL/6J,C_PawDragPercent,18.75,0.0,100.0,True,False,False
SRs1i7c4m2,7,Stroke,MOp/MOs (large),SR-T1.7 (WT-PT-8wks),C57BL/6J,C_PawDragPercent,34.7826087,0.0,100.0,True,False,False
SRs1i7c4m2,28,Stroke,MOp/MOs (large),SR-T1.7 (WT-PT-8wks),C57BL/6J,C_PawDragPercent,23.07692308,0.0,100.0,True,False,False
SRs1i7c4m2,42,Stroke,MOp/MOs (large),SR-T1.7 (WT-PT-8wks),C57BL/6J,C_PawDragPercent,13.33333333,0.0,100.0,True,False,False
SRs1i7c4m2,56,Stroke,MOp/MOs (large),SR-T1.7 (WT-PT-8wks),C57BL/6J,C_PawDragPercent,18.18181818,0.0,100.0,True,False,False
SRs1i7c4m3,0,Stroke,MOp/MOs (large),SR-T1.7 (WT-PT-8wks),C57BL/6J,C_PawDragPercent,11.11111111,0.0,100.0,True,False,False
SRs1i7c4m3,3,Stroke,MOp/MOs (large),SR-T1.7 (WT-PT-8wks),C57BL/6J,C_PawDragPercent,42.30769231,0.0,100.0,True,False,False
SRs1i7c4m3,7,Stroke,MOp/MOs (large),SR-T1.7 (WT-PT-8wks),C57BL/6J,C_PawDragPercent,20.0,0.0,100.0,True,False,False
SRs1i7c4m3,28,Stroke,MOp/MOs (large),SR-T1.7 (WT-PT-8wks),C57BL/6J,C_PawDragPercent,0.0,0.0,100.0,True,True,False
SRs1i7c4m3,42,Stroke,MOp/MOs (large),SR-T1.7 (WT-PT-8wks),C57BL/6J,C_PawDragPercent,13.63636364,0.0,100.0,True,False,False
SRs1i7c4m3,56,Stroke,MOp/MOs (large),SR-T1.7 (WT-PT-8wks),C57BL/6J,C_PawDragPercent,0.0,0.0,100.0,True,True,False
SRs1i7c4m4,0,Stroke,MOp/MOs (large),SR-T1.7 (WT-PT-8wks),C57BL/6J,C_PawDragPercent,6.896551724,0.0,100.0,True,False,False
SRs1i7c4m4,3,Stroke,MOp/MOs (large),SR-T1.7 (WT-PT-8wks),C57BL/6J,C_PawDragPercent,60.0,0.0,100.0,True,False,False
SRs1i7c4m4,7,Stroke,MOp/MOs (large),SR-T1.7 (WT-PT-8wks),C57BL/6J,C_PawDragPercent,13.33333333,0.0,100.0,True,False,False
SRs1i7c4m4,28,Stroke,MOp/MOs (large),SR-T1.7 (WT-PT-8wks),C57BL/6J,C_PawDragPercent,18.18181818,0.0,100.0,True,False,False
SRs1i7c4m4,42,Stroke,MOp/MOs (large),SR-T1.7 (WT-PT-8wks),C57BL/6J,C_PawDragPercent,13.04347826,0.0,100.0,True,False,False
SRs1i7c4m4,56,Stroke,MOp/MOs (large),SR-T1.7 (WT-PT-8wks),C57BL/6J,C_PawDragPercent,22.22222222,0.0,100.0,True,False,False
SRs1i7c4m5,0,Stroke,MOp/MOs (large),SR-T1.7 (WT-PT-8wks),C57BL/6J,C_PawDragPercent,4.545454545,0.0,100.0,True,False,False
SRs1i7c4m5,3,Stroke,MOp/MOs (large),SR-T1.7 (WT-PT-8wks),C57BL/6J,C_PawDragPercent,63.63636364,0.0,100.0,True,False,False
SRs1i7c4m5,7,Stroke,MOp/MOs (large),SR-T1.7 (WT-PT-8wks),C57BL/6J,C_PawDragPercent,28.57142857,0.0,100.0,True,False,False
SRs1i7c4m5,28,Stroke,MOp/MOs (large),SR-T1.7 (WT-PT-8wks),C57BL/6J,C_PawDragPercent,35.71428571,0.0,100.0,True,False,False
SRs1i7c4m5,42,Stroke,MOp/MOs (large),SR-T1.7 (WT-PT-8wks),C57BL/6J,C_PawDragPercent,13.88888889,0.0,100.0,True,False,False
SRs1i7c4m5,56,Stroke,MOp/MOs (large),SR-T1.7 (WT-PT-8wks),C57BL/6J,C_PawDragPercent,17.39130435,0.0,100.0,True,False,False
SRs1i7c5m1,0,Stroke,MOp/MOs (large),SR-T1.7 (WT-PT-8wks),C57BL/6J,C_PawDragPercent,0.0,0.0,100.0,True,True,False
SRs1i7c5m1,3,Stroke,MOp/MOs (large),SR-T1.7 (WT-PT-8wks),C57BL/6J,C_PawDragPercent,31.25,0.0,100.0,True,False,False
SRs1i7c5m1,7,Stroke,MOp/MOs (large),SR-T1.7 (WT-PT-8wks),C57BL/6J,C_PawDragPercent,18.75,0.0,100.0,True,False,False
SRs1i7c5m1,28,Stroke,MOp/MOs (large),SR-T1.7 (WT-PT-8wks),C57BL/6J,C_PawDragPercent,8.333333333,0.0,100.0,True,False,False
SRs1i7c5m1,42,Stroke,MOp/MOs (large),SR-T1.7 (WT-PT-8wks),C57BL/6J,C_PawDragPercent,16.66666667,0.0,100.0,True,False,False
SRs1i7c5m1,56,Stroke,MOp/MOs (large),SR-T1.7 (WT-PT-8wks),C57BL/6J,C_PawDragPercent,0.0,0.0,100.0,True,True,False
SRs1i7c5m3,0,Stroke,MOp/MOs (large),SR-T1.7 (WT-PT-8wks),C57BL/6J,C_PawDragPercent,0.0,0.0,100.0,True,True,False
SRs1i7c5m3,3,Stroke,MOp/MOs (large),SR-T1.7 (WT-PT-8wks),C57BL/6J,C_PawDragPercent,42.85714286,0.0,100.0,True,False,False
SRs1i7c5m3,7,Stroke,MOp/MOs (large),SR-T1.7 (WT-PT-8wks),C57BL/6J,C_PawDragPercent,13.63636364,0.0,100.0,True,False,False
SRs1i7c5m3,28,Stroke,MOp/MOs (large),SR-T1.7 (WT-PT-8wks),C57BL/6J,C_PawDragPercent,0.0,0.0,100.0,True,True,False
SRs1i7c5m3,42,Stroke,MOp/MOs (large),SR-T1.7 (WT-PT-8wks),C57BL/6J,C_PawDragPercent,0.0,0.0,100.0,True,True,False
SRs1i7c5m3,56,Stroke,MOp/MOs (large),SR-T1.7 (WT-PT-8wks),C57BL/6J,C_PawDragPercent,0.0,0.0,100.0,True,True,False
SRs1i7c5m4,0,Stroke,MOp/MOs (large),SR-T1.7 (WT-PT-8wks),C57BL/6J,C_PawDragPercent,0.0,0.0,100.0,True,True,False
SRs1i7c5m4,3,Stroke,MOp/MOs (large),SR-T1.7 (WT-PT-8wks),C57BL/6J,C_PawDragPercent,25.0,0.0,100.0,True,False,False
SRs1i7c5m4,7,Stroke,MOp/MOs (large),SR-T1.7 (WT-PT-8wks),C57BL/6J,C_PawDragPercent,13.33333333,0.0,100.0,True,False,False
SRs1i7c5m4,28,Stroke,MOp/MOs (large),SR-T1.7 (WT-PT-8wks),C57BL/6J,C_PawDragPercent,7.692307692,0.0,100.0,True,False,False
SRs1i7c5m4,42,Stroke,MOp/MOs (large),SR-T1.7 (WT-PT-8wks),C57BL/6J,C_PawDragPercent,14.28571429,0.0,100.0,True,False,False
SRs1i7c5m4,56,Stroke,MOp/MOs (large),SR-T1.7 (WT-PT-8wks),C57BL/6J,C_PawDragPercent,0.0,0.0,100.0,True,True,False
SRs1i7c5m5,0,Stroke,MOp/MOs (large),SR-T1.7 (WT-PT-8wks),C57BL/6J,C_PawDragPercent,0.0,0.0,100.0,True,True,False
SRs1i7c5m5,7,Stroke,MOp/MOs (large),SR-T1.7 (WT-PT-8wks),C57BL/6J,C_PawDragPercent,38.0952381,0.0,100.0,True,False,False
SRs1i7c5m5,28,Stroke,MOp/MOs (large),SR-T1.7 (WT-PT-8wks),C57BL/6J,C_PawDragPercent,18.18181818,0.0,100.0,True,False,False
SRs1i7c5m5,42,Stroke,MOp/MOs (large),SR-T1.7 (WT-PT-8wks),C57BL/6J,C_PawDragPercent,12.5,0.0,100.0,True,False,False
SRs1i7c5m5,56,Stroke,MOp/MOs (large),SR-T1.7 (WT-PT-8wks),C57BL/6J,C_PawDragPercent,7.692307692,0.0,100.0,True,False,False
GV_T3_10_1,0,Stroke,MOp/MOs (large),GV-1 ,C57BL/6J,GW_FootFault,5.263157895,0.0,100.0,True,False,False
GV_T3_10_1,3,Stroke,MOp/MOs (large),GV-1 ,C57BL/6J,GW_FootFault,15.15151515,0.0,100.0,True,False,False
GV_T3_10_1,7,Stroke,MOp/MOs (large),GV-1 ,C57BL/6J,GW_FootFault,14.70588235,0.0,100.0,True,False,False
GV_T3_10_1,14,Stroke,MOp/MOs (large),GV-1 ,C57BL/6J,GW_FootFault,13.40206186,0.0,100.0,True,False,False
GV_T3_10_1,21,Stroke,MOp/MOs (large),GV-1 ,C57BL/6J,GW_FootFault,11.66666667,0.0,100.0,True,False,False
GV_T3_10_1,28,Stroke,MOp/MOs (large),GV-1 ,C57BL/6J,GW_FootFault,11.36363636,0.0,100.0,True,False,False
GV_T3_10_2,0,Stroke,MOp/MOs (large),GV-1 ,C57BL/6J,GW_FootFault,3.488372093,0.0,100.0,True,False,False
GV_T3_10_2,3,Stroke,MOp/MOs (large),GV-1 ,C57BL/6J,GW_FootFault,16.94915254,0.0,100.0,True,False,False
GV_T3_10_2,7,Stroke,MOp/MOs (large),GV-1 ,C57BL/6J,GW_FootFault,15.625,0.0,100.0,True,False,False
GV_T3_10_2,14,Stroke,MOp/MOs (large),GV-1 ,C57BL/6J,GW_FootFault,13.46153846,0.0,100.0,True,False,False
GV_T3_10_2,21,Stroke,MOp/MOs (large),GV-1 ,C57BL/6J,GW_FootFault,12.5,0.0,100.0,True,False,False
GV_T3_10_2,28,Stroke,MOp/MOs (large),GV-1 ,C57BL/6J,GW_FootFault,12.21374046,0.0,100.0,True,False,False
GV_T3_10_4,0,Stroke,MOp/MOs (large),GV-1 ,C57BL/6J,GW_FootFault,4.424778761,0.0,100.0,True,False,False
GV_T3_10_4,3,Stroke,MOp/MOs (large),GV-1 ,C57BL/6J,GW_FootFault,15.45454545,0.0,100.0,True,False,False
GV_T3_10_4,7,Stroke,MOp/MOs (large),GV-1 ,C57BL/6J,GW_FootFault,14.01869159,0.0,100.0,True,False,False
GV_T3_10_4,14,Stroke,MOp/MOs (large),GV-1 ,C57BL/6J,GW_FootFault,12.98701299,0.0,100.0,True,False,False
GV_T3_10_4,21,Stroke,MOp/MOs (large),GV-1 ,C57BL/6J,GW_FootFault,12.21374046,0.0,100.0,True,False,False
GV_T3_10_4,28,Stroke,MOp/MOs (large),GV-1 ,C57BL/6J,GW_FootFault,11.29032258,0.0,100.0,True,False,False
GV_T3_11_2,0,Sham,MOp/MOs Sham,GV-1 ,C57BL/6J,GW_FootFault,2.985074627,0.0,100.0,True,False,False
GV_T3_11_2,3,Sham,MOp/MOs Sham,GV-1 ,C57BL/6J,GW_FootFault,3.846153846,0.0,100.0,True,False,False
GV_T3_11_2,28,Sham,MOp/MOs Sham,GV-1 ,C57BL/6J,GW_FootFault,3.883495146,0.0,100.0,True,False,False
GV_T3_11_3,0,Sham,MOp/MOs Sham,GV-1 ,C57BL/6J,GW_FootFault,3.47826087,0.0,100.0,True,False,False
GV_T3_11_3,3,Sham,MOp/MOs Sham,GV-1 ,C57BL/6J,GW_FootFault,5.263157895,0.0,100.0,True,False,False
GV_T3_11_3,7,Sham,MOp/MOs Sham,GV-1 ,C57BL/6J,GW_FootFault,3.921568627,0.0,100.0,True,False,False
GV_T3_11_3,14,Sham,MOp/MOs Sham,GV-1 ,C57BL/6J,GW_FootFault,4.255319149,0.0,100.0,True,False,False
GV_T3_11_3,21,Sham,MOp/MOs Sham,GV-1 ,C57BL/6J,GW_FootFault,4.109589041,0.0,100.0,True,False,False
GV_T3_11_3,28,Sham,MOp/MOs Sham,GV-1 ,C57BL/6J,GW_FootFault,3.703703704,0.0,100.0,True,False,False
GV_T3_11_4,0,Sham,MOp/MOs Sham,GV-1 ,C57BL/6J,GW_FootFault,3.614457831,0.0,100.0,True,False,False
GV_T3_11_4,3,Sham,MOp/MOs Sham,GV-1 ,C57BL/6J,GW_FootFault,3.448275862,0.0,100.0,True,False,False
GV_T3_11_4,7,Sham,MOp/MOs Sham,GV-1 ,C57BL/6J,GW_FootFault,4.310344828,0.0,100.0,True,False,False
GV_T3_11_4,14,Sham,MOp/MOs Sham,GV-1 ,C57BL/6J,GW_FootFault,3.125,0.0,100.0,True,False,False
GV_T3_11_4,21,Sham,MOp/MOs Sham,GV-1 ,C57BL/6J,GW_FootFault,3.50877193,0.0,100.0,True,False,False
GV_T3_11_4,28,Sham,MOp/MOs Sham,GV-1 ,C57BL/6J,GW_FootFault,3.636363636,0.0,100.0,True,False,False
GV_T3_12_1,0,Stroke,MOp/MOs (large),"GV-1.4 (WT-PT, C3a-8wks)",C57BL/6J,GW_FootFault,2.666666667,0.0,100.0,True,False,False
GV_T3_12_1,3,Stroke,MOp/MOs (large),"GV-1.4 (WT-PT, C3a-8wks)",C57BL/6J,GW_FootFault,9.166666667,0.0,100.0,True,False,False
GV_T3_12_1,7,Stroke,MOp/MOs (large),"GV-1.4 (WT-PT, C3a-8wks)",C57BL/6J,GW_FootFault,8.641975309,0.0,100.0,True,False,False
GV_T3_12_1,14,Stroke,MOp/MOs (large),"GV-1.4 (WT-PT, C3a-8wks)",C57BL/6J,GW_FootFault,7.643312102,0.0,100.0,True,False,False
GV_T3_12_1,28,Stroke,MOp/MOs (large),"GV-1.4 (WT-PT, C3a-8wks)",C57BL/6J,GW_FootFault,2.717391304,0.0,100.0,True,False,False
GV_T3_12_1,42,Stroke,MOp/MOs (large),"GV-1.4 (WT-PT, C3a-8wks)",C57BL/6J,GW_FootFault,2.43902439,0.0,100.0,True,False,False
GV_T3_12_1,56,Stroke,MOp/MOs (large),"GV-1.4 (WT-PT, C3a-8wks)",C57BL/6J,GW_FootFault,1.869158879,0.0,100.0,True,False,False
GV_T3_12_2,0,Stroke,MOp/MOs (large),"GV-1.4 (WT-PT, C3a-8wks)",C57BL/6J,GW_FootFault,2.666666667,0.0,100.0,True,False,False
GV_T3_12_2,3,Stroke,MOp/MOs (large),"GV-1.4 (WT-PT, C3a-8wks)",C57BL/6J,GW_FootFault,10.67961165,0.0,100.0,True,False,False
GV_T3_12_2,7,Stroke,MOp/MOs (large),"GV-1.4 (WT-PT, C3a-8wks)",C57BL/6J,GW_FootFault,5.594405594,0.0,100.0,True,False,False
GV_T3_12_2,14,Stroke,MOp/MOs (large),"GV-1.4 (WT-PT, C3a-8wks)",C57BL/6J,GW_FootFault,5.333333333,0.0,100.0,True,False,False
GV_T3_12_2,28,Stroke,MOp/MOs (large),"GV-1.4 (WT-PT, C3a-8wks)",C57BL/6J,GW_FootFault,2.222222222,0.0,100.0,True,False,False
GV_T3_12_2,42,Stroke,MOp/MOs (large),"GV-1.4 (WT-PT, C3a-8wks)",C57BL/6J,GW_FootFault,3.333333333,0.0,100.0,True,False,False
GV_T3_12_2,56,Stroke,MOp/MOs (large),"GV-1.4 (WT-PT, C3a-8wks)",C57BL/6J,GW_FootFault,2.5,0.0,100.0,True,False,False
GV_T3_12_3,0,Stroke,MOp/MOs (large),"GV-1.4 (WT-PT, C3a-8wks)",C57BL/6J,GW_FootFault,0.666666667,0.0,100.0,True,False,False
GV_T3_12_3,3,Stroke,MOp/MOs (large),"GV-1.4 (WT-PT, C3a-8wks)",C57BL/6J,GW_FootFault,10.83333333,0.0,100.0,True,False,False
GV_T3_12_3,7,Stroke,MOp/MOs (large),"GV-1.4 (WT-PT, C3a-8wks)",C57BL/6J,GW_FootFault,9.90990991,0.0,100.0,True,False,False
GV_T3_12_3,14,Stroke,MOp/MOs (large),"GV-1.4 (WT-PT, C3a-8wks)",C57BL/6J,GW_FootFault,6.666666667,0.0,100.0,True,False,False
GV_T3_12_3,28,Stroke,MOp/MOs (large),"GV-1.4 (WT-PT, C3a-8wks)",C57BL/6J,GW_FootFault,3.521126761,0.0,100.0,True,False,False
GV_T3_12_3,42,Stroke,MOp/MOs (large),"GV-1.4 (WT-PT, C3a-8wks)",C57BL/6J,GW_FootFault,3.125,0.0,100.0,True,False,False
GV_T3_12_3,56,Stroke,MOp/MOs (large),"GV-1.4 (WT-PT, C3a-8wks)",C57BL/6J,GW_FootFault,2.5,0.0,100.0,True,False,False
GV_T3_13_1,0,Stroke,MOp/MOs (large),"GV-1.4 (WT-PT, C3a-8wks)",C57BL/6J,GW_FootFault,1.333333333,0.0,100.0,True,False,False
GV_T3_13_1,3,Stroke,MOp/MOs (large),"GV-1.4 (WT-PT, C3a-8wks)",C57BL/6J,GW_FootFault,8.0,0.0,100.0,True,False,False
GV_T3_13_1,7,Stroke,MOp/MOs (large),"GV-1.4 (WT-PT, C3a-8wks)",C57BL/6J,GW_FootFault,5.333333333,0.0,100.0,True,False,False
GV_T3_13_1,14,Stroke,MOp/MOs (large),"GV-1.4 (WT-PT, C3a-8wks)",C57BL/6J,GW_FootFault,4.62962963,0.0,100.0,True,False,False
GV_T3_13_1,28,Stroke,MOp/MOs (large),"GV-1.4 (WT-PT, C3a-8wks)",C57BL/6J,GW_FootFault,2.127659574,0.0,100.0,True,False,False
GV_T3_13_1,42,Stroke,MOp/MOs (large),"GV-1.4 (WT-PT, C3a-8wks)",C57BL/6J,GW_FootFault,2.205882353,0.0,100.0,True,False,False
GV_T3_13_1,56,Stroke,MOp/MOs (large),"GV-1.4 (WT-PT, C3a-8wks)",C57BL/6J,GW_FootFault,3.333333333,0.0,100.0,True,False,False
GV_T3_13_2,0,Stroke,MOp/MOs (large),"GV-1.4 (WT-PT, C3a-8wks)",C57BL/6J,GW_FootFault,1.333333333,0.0,100.0,True,False,False
GV_T3_13_2,3,Stroke,MOp/MOs (large),"GV-1.4 (WT-PT, C3a-8wks)",C57BL/6J,GW_FootFault,11.95652174,0.0,100.0,True,False,False
GV_T3_13_2,7,Stroke,MOp/MOs (large),"GV-1.4 (WT-PT, C3a-8wks)",C57BL/6J,GW_FootFault,8.0,0.0,100.0,True,False,False
GV_T3_13_2,14,Stroke,MOp/MOs (large),"GV-1.4 (WT-PT, C3a-8wks)",C57BL/6J,GW_FootFault,5.333333333,0.0,100.0,True,False,False
GV_T3_13_2,28,Stroke,MOp/MOs (large),"GV-1.4 (WT-PT, C3a-8wks)",C57BL/6J,GW_FootFault,3.333333333,0.0,100.0,True,False,False
GV_T3_13_2,42,Stroke,MOp/MOs (large),"GV-1.4 (WT-PT, C3a-8wks)",C57BL/6J,GW_FootFault,2.631578947,0.0,100.0,True,False,False
GV_T3_13_2,56,Stroke,MOp/MOs (large),"GV-1.4 (WT-PT, C3a-8wks)",C57BL/6J,GW_FootFault,2.5,0.0,100.0,True,False,False
GV_T3_13_3,0,Stroke,MOp/MOs (large),"GV-1.4 (WT-PT, C3a-8wks)",C57BL/6J,GW_FootFault,0.666666667,0.0,100.0,True,False,False
GV_T3_13_3,3,Stroke,MOp/MOs (large),"GV-1.4 (WT-PT, C3a-8wks)",C57BL/6J,GW_FootFault,10.66666667,0.0,100.0,True,False,False
GV_T3_13_3,7,Stroke,MOp/MOs (large),"GV-1.4 (WT-PT, C3a-8wks)",C57BL/6J,GW_FootFault,8.333333333,0.0,100.0,True,False,False
GV_T3_13_3,14,Stroke,MOp/MOs (large),"GV-1.4 (WT-PT, C3a-8wks)",C57BL/6J,GW_FootFault,6.0,0.0,100.0,True,False,False
GV_T3_13_3,28,Stroke,MOp/MOs (large),"GV-1.4 (WT-PT, C3a-8wks)",C57BL/6J,GW_FootFault,3.333333333,0.0,100.0,True,False,False
GV_T3_13_3,42,Stroke,MOp/MOs (large),"GV-1.4 (WT-PT, C3a-8wks)",C57BL/6J,GW_FootFault,3.0,0.0,100.0,True,False,False
GV_T3_13_3,56,Stroke,MOp/MOs (large),"GV-1.4 (WT-PT, C3a-8wks)",C57BL/6J,GW_FootFault,2.5,0.0,100.0,True,False,False
GV_T3_13_4,0,Stroke,MOp/MOs (large),"GV-1.4 (WT-PT, C3a-8wks)",C57BL/6J,GW_FootFault,3.305785124,0.0,100.0,True,False,False
GV_T3_13_4,3,Stroke,MOp/MOs (large),"GV-1.4 (WT-PT, C3a-8wks)",C57BL/6J,GW_FootFault,11.49425287,0.0,100.0,True,False,False
GV_T3_13_4,7,Stroke,MOp/MOs (large),"GV-1.4 (WT-PT, C3a-8wks)",C57BL/6J,GW_FootFault,0.0,0.0,100.0,True,True,False
GV_T3_13_4,14,Stroke,MOp/MOs (large),"GV-1.4 (WT-PT, C3a-8wks)",C57BL/6J,GW_FootFault,6.363636364,0.0,100.0,True,False,False
GV_T3_13_4,28,Stroke,MOp/MOs (large),"GV-1.4 (WT-PT, C3a-8wks)",C57BL/6J,GW_FootFault,4.430379747,0.0,100.0,True,False,False
GV_T3_13_4,42,Stroke,MOp/MOs (large),"GV-1.4 (WT-PT, C3a-8wks)",C57BL/6J,GW_FootFault,1.063829787,0.0,100.0,True,False,False
GV_T3_13_4,56,Stroke,MOp/MOs (large),"GV-1.4 (WT-PT, C3a-8wks)",C57BL/6J,GW_FootFault,2.5,0.0,100.0,True,False,False
GV_T3_13_5,0,Stroke,MOp/MOs (large),"GV-1.3 (WT-PT, C3a control-8wks)",C57BL/6J,GW_FootFault,2.0,0.0,100.0,True,False,False
GV_T3_13_5,3,Stroke,MOp/MOs (large),"GV-1.3 (WT-PT, C3a control-8wks)",C57BL/6J,GW_FootFault,2.816901408,0.0,100.0,True,False,False
GV_T3_13_5,7,Stroke,MOp/MOs (large),"GV-1.3 (WT-PT, C3a control-8wks)",C57BL/6J,GW_FootFault,2.298850575,0.0,100.0,True,False,False
GV_T3_14_1,0,Stroke,MOp/MOs (large),"GV-1.3 (WT-PT, C3a control-8wks)",C57BL/6J,GW_FootFault,1.333333333,0.0,100.0,True,False,False
GV_T3_14_1,3,Stroke,MOp/MOs (large),"GV-1.3 (WT-PT, C3a control-8wks)",C57BL/6J,GW_FootFault,10.0,0.0,100.0,True,False,False
GV_T3_14_1,7,Stroke,MOp/MOs (large),"GV-1.3 (WT-PT, C3a control-8wks)",C57BL/6J,GW_FootFault,7.333333333,0.0,100.0,True,False,False
GV_T3_14_1,14,Stroke,MOp/MOs (large),"GV-1.3 (WT-PT, C3a control-8wks)",C57BL/6J,GW_FootFault,8.421052632,0.0,100.0,True,False,False
GV_T3_14_1,28,Stroke,MOp/MOs (large),"GV-1.3 (WT-PT, C3a control-8wks)",C57BL/6J,GW_FootFault,4.210526316,0.0,100.0,True,False,False
GV_T3_14_1,42,Stroke,MOp/MOs (large),"GV-1.3 (WT-PT, C3a control-8wks)",C57BL/6J,GW_FootFault,3.738317757,0.0,100.0,True,False,False
GV_T3_14_1,56,Stroke,MOp/MOs (large),"GV-1.3 (WT-PT, C3a control-8wks)",C57BL/6J,GW_FootFault,2.727272727,0.0,100.0,True,False,False
GV_T3_14_2,0,Stroke,MOp/MOs (large),"GV-1.3 (WT-PT, C3a control-8wks)",C57BL/6J,GW_FootFault,1.204819277,0.0,100.0,True,False,False
GV_T3_14_2,3,Stroke,MOp/MOs (large),"GV-1.3 (WT-PT, C3a control-8wks)",C57BL/6J,GW_FootFault,9.333333333,0.0,100.0,True,False,False
GV_T3_14_2,7,Stroke,MOp/MOs (large),"GV-1.3 (WT-PT, C3a control-8wks)",C57BL/6J,GW_FootFault,8.641975309,0.0,100.0,True,False,False
GV_T3_14_2,14,Stroke,MOp/MOs (large),"GV-1.3 (WT-PT, C3a control-8wks)",C57BL/6J,GW_FootFault,6.0,0.0,100.0,True,False,False
GV_T3_14_2,28,Stroke,MOp/MOs (large),"GV-1.3 (WT-PT, C3a control-8wks)",C57BL/6J,GW_FootFault,6.666666667,0.0,100.0,True,False,False
GV_T3_14_2,42,Stroke,MOp/MOs (large),"GV-1.3 (WT-PT, C3a control-8wks)",C57BL/6J,GW_FootFault,5.833333333,0.0,100.0,True,False,False
GV_T3_14_2,56,Stroke,MOp/MOs (large),"GV-1.3 (WT-PT, C3a control-8wks)",C57BL/6J,GW_FootFault,1.666666667,0.0,100.0,True,False,False
GV_T3_14_3,0,Stroke,MOp/MOs (large),"GV-1.3 (WT-PT, C3a control-8wks)",C57BL/6J,GW_FootFault,0.666666667,0.0,100.0,True,False,False
GV_T3_14_3,3,Stroke,MOp/MOs (large),"GV-1.3 (WT-PT, C3a control-8wks)",C57BL/6J,GW_FootFault,15.30612245,0.0,100.0,True,False,False
GV_T3_14_3,7,Stroke,MOp/MOs (large),"GV-1.3 (WT-PT, C3a control-8wks)",C57BL/6J,GW_FootFault,6.086956522,0.0,100.0,True,False,False
GV_T3_14_3,14,Stroke,MOp/MOs (large),"GV-1.3 (WT-PT, C3a control-8wks)",C57BL/6J,GW_FootFault,8.666666667,0.0,100.0,True,False,False
GV_T3_14_3,28,Stroke,MOp/MOs (large),"GV-1.3 (WT-PT, C3a control-8wks)",C57BL/6J,GW_FootFault,7.692307692,0.0,100.0,True,False,False
GV_T3_14_3,42,Stroke,MOp/MOs (large),"GV-1.3 (WT-PT, C3a control-8wks)",C57BL/6J,GW_FootFault,6.603773585,0.0,100.0,True,False,False
GV_T3_14_3,56,Stroke,MOp/MOs (large),"GV-1.3 (WT-PT, C3a control-8wks)",C57BL/6J,GW_FootFault,4.385964912,0.0,100.0,True,False,False
GV_T3_14_4,0,Stroke,MOp/MOs (large),"GV-1.3 (WT-PT, C3a control-8wks)",C57BL/6J,GW_FootFault,2.666666667,0.0,100.0,True,False,False
GV_T3_14_4,3,Stroke,MOp/MOs (large),"GV-1.3 (WT-PT, C3a control-8wks)",C57BL/6J,GW_FootFault,6.201550388,0.0,100.0,True,False,False
GV_T3_14_4,7,Stroke,MOp/MOs (large),"GV-1.3 (WT-PT, C3a control-8wks)",C57BL/6J,GW_FootFault,9.166666667,0.0,100.0,True,False,False
GV_T3_14_4,14,Stroke,MOp/MOs (large),"GV-1.3 (WT-PT, C3a control-8wks)",C57BL/6J,GW_FootFault,8.0,0.0,100.0,True,False,False
GV_T3_14_4,28,Stroke,MOp/MOs (large),"GV-1.3 (WT-PT, C3a control-8wks)",C57BL/6J,GW_FootFault,4.87804878,0.0,100.0,True,False,False
GV_T3_14_4,42,Stroke,MOp/MOs (large),"GV-1.3 (WT-PT, C3a control-8wks)",C57BL/6J,GW_FootFault,4.166666667,0.0,100.0,True,False,False
GV_T3_14_4,56,Stroke,MOp/MOs (large),"GV-1.3 (WT-PT, C3a control-8wks)",C57BL/6J,GW_FootFault,5.833333333,0.0,100.0,True,False,False
GV_T3_14_5,0,Stroke,MOp/MOs (large),"GV-1.3 (WT-PT, C3a control-8wks)",C57BL/6J,GW_FootFault,2.0,0.0,100.0,True,False,False
GV_T3_14_5,3,Stroke,MOp/MOs (large),"GV-1.3 (WT-PT, C3a control-8wks)",C57BL/6J,GW_FootFault,7.333333333,0.0,100.0,True,False,False
GV_T3_14_5,7,Stroke,MOp/MOs (large),"GV-1.3 (WT-PT, C3a control-8wks)",C57BL/6J,GW_FootFault,4.0,0.0,100.0,True,False,False
GV_T3_14_5,14,Stroke,MOp/MOs (large),"GV-1.3 (WT-PT, C3a control-8wks)",C57BL/6J,GW_FootFault,5.0,0.0,100.0,True,False,False
GV_T3_14_5,28,Stroke,MOp/MOs (large),"GV-1.3 (WT-PT, C3a control-8wks)",C57BL/6J,GW_FootFault,0.0,0.0,100.0,True,True,False
GV_T3_16_1,0,Stroke,MOp/MOs (large),"GV-1.4 (WT-PT, C3a-8wks)",C57BL/6J,GW_FootFault,1.333333333,0.0,100.0,True,False,False
GV_T3_16_1,3,Stroke,MOp/MOs (large),"GV-1.4 (WT-PT, C3a-8wks)",C57BL/6J,GW_FootFault,9.195402299,0.0,100.0,True,False,False
GV_T3_16_1,7,Stroke,MOp/MOs (large),"GV-1.4 (WT-PT, C3a-8wks)",C57BL/6J,GW_FootFault,9.0,0.0,100.0,True,False,False
GV_T3_16_1,14,Stroke,MOp/MOs (large),"GV-1.4 (WT-PT, C3a-8wks)",C57BL/6J,GW_FootFault,7.0,0.0,100.0,True,False,False
GV_T3_16_1,28,Stroke,MOp/MOs (large),"GV-1.4 (WT-PT, C3a-8wks)",C57BL/6J,GW_FootFault,3.571428571,0.0,100.0,True,False,False
GV_T3_16_1,42,Stroke,MOp/MOs (large),"GV-1.4 (WT-PT, C3a-8wks)",C57BL/6J,GW_FootFault,3.333333333,0.0,100.0,True,False,False
GV_T3_16_1,56,Stroke,MOp/MOs (large),"GV-1.4 (WT-PT, C3a-8wks)",C57BL/6J,GW_FootFault,1.666666667,0.0,100.0,True,False,False
GV_T3_16_2,0,Stroke,MOp/MOs (large),"GV-1.4 (WT-PT, C3a-8wks)",C57BL/6J,GW_FootFault,2.027027027,0.0,100.0,True,False,False
GV_T3_16_2,3,Stroke,MOp/MOs (large),"GV-1.4 (WT-PT, C3a-8wks)",C57BL/6J,GW_FootFault,12.06896552,0.0,100.0,True,False,False
GV_T3_16_2,7,Stroke,MOp/MOs (large),"GV-1.4 (WT-PT, C3a-8wks)",C57BL/6J,GW_FootFault,7.826086957,0.0,100.0,True,False,False
GV_T3_16_2,14,Stroke,MOp/MOs (large),"GV-1.4 (WT-PT, C3a-8wks)",C57BL/6J,GW_FootFault,7.142857143,0.0,100.0,True,False,False
GV_T3_16_2,28,Stroke,MOp/MOs (large),"GV-1.4 (WT-PT, C3a-8wks)",C57BL/6J,GW_FootFault,4.545454545,0.0,100.0,True,False,False
GV_T3_16_2,42,Stroke,MOp/MOs (large),"GV-1.4 (WT-PT, C3a-8wks)",C57BL/6J,GW_FootFault,3.571428571,0.0,100.0,True,False,False
GV_T3_16_2,56,Stroke,MOp/MOs (large),"GV-1.4 (WT-PT, C3a-8wks)",C57BL/6J,GW_FootFault,2.5,0.0,100.0,True,False,False
GV_T3_16_3,0,Stroke,MOp/MOs (large),"GV-1.4 (WT-PT, C3a-8wks)",C57BL/6J,GW_FootFault,1.492537313,0.0,100.0,True,False,False
GV_T3_16_3,3,Stroke,MOp/MOs (large),"GV-1.4 (WT-PT, C3a-8wks)",C57BL/6J,GW_FootFault,9.565217391,0.0,100.0,True,False,False
GV_T3_16_3,7,Stroke,MOp/MOs (large),"GV-1.4 (WT-PT, C3a-8wks)",C57BL/6J,GW_FootFault,8.219178082,0.0,100.0,True,False,False
GV_T3_16_3,14,Stroke,MOp/MOs (large),"GV-1.4 (WT-PT, C3a-8wks)",C57BL/6J,GW_FootFault,6.363636364,0.0,100.0,True,False,False
GV_T3_16_3,28,Stroke,MOp/MOs (large),"GV-1.4 (WT-PT, C3a-8wks)",C57BL/6J,GW_FootFault,4.580152672,0.0,100.0,True,False,False
GV_T3_16_3,42,Stroke,MOp/MOs (large),"GV-1.4 (WT-PT, C3a-8wks)",C57BL/6J,GW_FootFault,3.333333333,0.0,100.0,True,False,False
GV_T3_16_3,56,Stroke,MOp/MOs (large),"GV-1.4 (WT-PT, C3a-8wks)",C57BL/6J,GW_FootFault,2.0,0.0,100.0,True,False,False
GV_T3_16_4,0,Stroke,MOp/MOs (large),"GV-1.3 (WT-PT, C3a control-8wks)",C57BL/6J,GW_FootFault,1.333333333,0.0,100.0,True,False,False
GV_T3_16_4,3,Stroke,MOp/MOs (large),"GV-1.3 (WT-PT, C3a control-8wks)",C57BL/6J,GW_FootFault,9.166666667,0.0,100.0,True,False,False
GV_T3_16_4,7,Stroke,MOp/MOs (large),"GV-1.3 (WT-PT, C3a control-8wks)",C57BL/6J,GW_FootFault,7.5,0.0,100.0,True,False,False
GV_T3_16_4,14,Stroke,MOp/MOs (large),"GV-1.3 (WT-PT, C3a control-8wks)",C57BL/6J,GW_FootFault,8.0,0.0,100.0,True,False,False
GV_T3_16_4,28,Stroke,MOp/MOs (large),"GV-1.3 (WT-PT, C3a control-8wks)",C57BL/6J,GW_FootFault,5.882352941,0.0,100.0,True,False,False
GV_T3_16_4,42,Stroke,MOp/MOs (large),"GV-1.3 (WT-PT, C3a control-8wks)",C57BL/6J,GW_FootFault,4.166666667,0.0,100.0,True,False,False
GV_T3_16_4,56,Stroke,MOp/MOs (large),"GV-1.3 (WT-PT, C3a control-8wks)",C57BL/6J,GW_FootFault,3.921568627,0.0,100.0,True,False,False
GV_T3_17_2,0,Stroke,MOp/MOs (large),"GV-1.3 (WT-PT, C3a control-8wks)",C57BL/6J,GW_FootFault,2.48447205,0.0,100.0,True,False,False
GV_T3_17_2,3,Stroke,MOp/MOs (large),"GV-1.3 (WT-PT, C3a control-8wks)",C57BL/6J,GW_FootFault,3.968253968,0.0,100.0,True,False,False
GV_T3_17_2,7,Stroke,MOp/MOs (large),"GV-1.3 (WT-PT, C3a control-8wks)",C57BL/6J,GW_FootFault,5.0,0.0,100.0,True,False,False
GV_T3_17_2,14,Stroke,MOp/MOs (large),"GV-1.3 (WT-PT, C3a control-8wks)",C57BL/6J,GW_FootFault,3.773584906,0.0,100.0,True,False,False
GV_T3_17_3,0,Stroke,MOp/MOs (large),"GV-1.3 (WT-PT, C3a control-8wks)",C57BL/6J,GW_FootFault,2.105263158,0.0,100.0,True,False,False
GV_T3_17_3,3,Stroke,MOp/MOs (large),"GV-1.3 (WT-PT, C3a control-8wks)",C57BL/6J,GW_FootFault,13.20754717,0.0,100.0,True,False,False
GV_T3_17_3,7,Stroke,MOp/MOs (large),"GV-1.3 (WT-PT, C3a control-8wks)",C57BL/6J,GW_FootFault,10.0,0.0,100.0,True,False,False
GV_T3_17_3,14,Stroke,MOp/MOs (large),"GV-1.3 (WT-PT, C3a control-8wks)",C57BL/6J,GW_FootFault,8.75,0.0,100.0,True,False,False
GV_T3_17_3,28,Stroke,MOp/MOs (large),"GV-1.3 (WT-PT, C3a control-8wks)",C57BL/6J,GW_FootFault,8.0,0.0,100.0,True,False,False
GV_T3_17_3,42,Stroke,MOp/MOs (large),"GV-1.3 (WT-PT, C3a control-8wks)",C57BL/6J,GW_FootFault,8.0,0.0,100.0,True,False,False
GV_T3_17_3,56,Stroke,MOp/MOs (large),"GV-1.3 (WT-PT, C3a control-8wks)",C57BL/6J,GW_FootFault,6.666666667,0.0,100.0,True,False,False
GV_T3_17_4,0,Stroke,MOp/MOs (large),"GV-1.3 (WT-PT, C3a control-8wks)",C57BL/6J,GW_FootFault,3.333333333,0.0,100.0,True,False,False
GV_T3_17_4,3,Stroke,MOp/MOs (large),"GV-1.3 (WT-PT, C3a control-8wks)",C57BL/6J,GW_FootFault,9.0,0.0,100.0,True,False,False
GV_T3_17_4,7,Stroke,MOp/MOs (large),"GV-1.3 (WT-PT, C3a control-8wks)",C57BL/6J,GW_FootFault,9.166666667,0.0,100.0,True,False,False
GV_T3_17_4,14,Stroke,MOp/MOs (large),"GV-1.3 (WT-PT, C3a control-8wks)",C57BL/6J,GW_FootFault,9.166666667,0.0,100.0,True,False,False
GV_T3_17_4,28,Stroke,MOp/MOs (large),"GV-1.3 (WT-PT, C3a control-8wks)",C57BL/6J,GW_FootFault,5.504587156,0.0,100.0,True,False,False
GV_T3_17_4,42,Stroke,MOp/MOs (large),"GV-1.3 (WT-PT, C3a control-8wks)",C57BL/6J,GW_FootFault,5.0,0.0,100.0,True,False,False
GV_T3_17_4,56,Stroke,MOp/MOs (large),"GV-1.3 (WT-PT, C3a control-8wks)",C57BL/6J,GW_FootFault,5.0,0.0,100.0,True,False,False
GV_T3_17_5,0,Stroke,MOp/MOs (large),"GV-1.3 (WT-PT, C3a control-8wks)",C57BL/6J,GW_FootFault,5.0,0.0,100.0,True,False,False
GV_T3_17_5,3,Stroke,MOp/MOs (large),"GV-1.3 (WT-PT, C3a control-8wks)",C57BL/6J,GW_FootFault,2.419354839,0.0,100.0,True,False,False
GV_T3_17_5,7,Stroke,MOp/MOs (large),"GV-1.3 (WT-PT, C3a control-8wks)",C57BL/6J,GW_FootFault,4.545454545,0.0,100.0,True,False,False
GV_T3_17_5,14,Stroke,MOp/MOs (large),"GV-1.3 (WT-PT, C3a control-8wks)",C57BL/6J,GW_FootFault,6.4,0.0,100.0,True,False,False
GV_T3_3_1,3,Stroke,MOp/MOs (large),GV-1 ,C57BL/6J,GW_FootFault,16.32653061,0.0,100.0,True,False,False
GV_T3_3_1,7,Stroke,MOp/MOs (large),GV-1 ,C57BL/6J,GW_FootFault,12.76595745,0.0,100.0,True,False,False
GV_T3_3_1,14,Stroke,MOp/MOs (large),GV-1 ,C57BL/6J,GW_FootFault,11.32075472,0.0,100.0,True,False,False
GV_T3_3_1,21,Stroke,MOp/MOs (large),GV-1 ,C57BL/6J,GW_FootFault,10.71428571,0.0,100.0,True,False,False
GV_T3_3_1,28,Stroke,MOp/MOs (large),GV-1 ,C57BL/6J,GW_FootFault,6.976744186,0.0,100.0,True,False,False
GV_T3_3_2,0,Stroke,MOp/MOs (large),GV-1 ,C57BL/6J,GW_FootFault,2.678571429,0.0,100.0,True,False,False
GV_T3_3_2,3,Stroke,MOp/MOs (large),GV-1 ,C57BL/6J,GW_FootFault,13.55932203,0.0,100.0,True,False,False
GV_T3_3_2,7,Stroke,MOp/MOs (large),GV-1 ,C57BL/6J,GW_FootFault,10.25641026,0.0,100.0,True,False,False
GV_T3_3_2,14,Stroke,MOp/MOs (large),GV-1 ,C57BL/6J,GW_FootFault,9.482758621,0.0,100.0,True,False,False
GV_T3_3_2,21,Stroke,MOp/MOs (large),GV-1 ,C57BL/6J,GW_FootFault,9.433962264,0.0,100.0,True,False,False
GV_T3_3_2,28,Stroke,MOp/MOs (large),GV-1 ,C57BL/6J,GW_FootFault,3.896103896,0.0,100.0,True,False,False
GV_T3_3_3,0,Stroke,MOp/MOs (large),GV-1 ,C57BL/6J,GW_FootFault,3.529411765,0.0,100.0,True,False,False
GV_T3_3_3,3,Stroke,MOp/MOs (large),GV-1 ,C57BL/6J,GW_FootFault,14.51612903,0.0,100.0,True,False,False
GV_T3_3_3,7,Stroke,MOp/MOs (large),GV-1 ,C57BL/6J,GW_FootFault,12.5,0.0,100.0,True,False,False
GV_T3_3_3,14,Stroke,MOp/MOs (large),GV-1 ,C57BL/6J,GW_FootFault,10.52631579,0.0,100.0,True,False,False
GV_T3_3_3,21,Stroke,MOp/MOs (large),GV-1 ,C57BL/6J,GW_FootFault,10.22727273,0.0,100.0,True,False,False
GV_T3_3_3,28,Stroke,MOp/MOs (large),GV-1 ,C57BL/6J,GW_FootFault,8.771929825,0.0,100.0,True,False,False
GV_T3_4_1,0,Stroke,MOp/MOs (large),GV-1 ,C57BL/6J,GW_FootFault,3.278688525,0.0,100.0,True,False,False
GV_T3_4_1,3,Stroke,MOp/MOs (large),GV-1 ,C57BL/6J,GW_FootFault,17.49622926,0.0,100.0,True,False,False
GV_T3_4_1,7,Stroke,MOp/MOs (large),GV-1 ,C57BL/6J,GW_FootFault,13.3790119,0.0,100.0,True,False,False
GV_T3_4_1,14,Stroke,MOp/MOs (large),GV-1 ,C57BL/6J,GW_FootFault,9.411559281,0.0,100.0,True,False,False
GV_T3_4_1,21,Stroke,MOp/MOs (large),GV-1 ,C57BL/6J,GW_FootFault,9.730576441,0.0,100.0,True,False,False
GV_T3_4_1,28,Stroke,MOp/MOs (large),GV-1 ,C57BL/6J,GW_FootFault,5.747126437,0.0,100.0,True,False,False
GV_T3_4_2,0,Stroke,MOp/MOs (large),GV-1 ,C57BL/6J,GW_FootFault,3.80952381,0.0,100.0,True,False,False
GV_T3_4_2,7,Stroke,MOp/MOs (large),GV-1 ,C57BL/6J,GW_FootFault,14.63414634,0.0,100.0,True,False,False
GV_T3_4_2,14,Stroke,MOp/MOs (large),GV-1 ,C57BL/6J,GW_FootFault,11.29032258,0.0,100.0,True,False,False
GV_T3_4_2,21,Stroke,MOp/MOs (large),GV-1 ,C57BL/6J,GW_FootFault,10.0,0.0,100.0,True,False,False
GV_T3_4_2,28,Stroke,MOp/MOs (large),GV-1 ,C57BL/6J,GW_FootFault,8.536585366,0.0,100.0,True,False,False
GV_T3_4_3,0,Stroke,MOp/MOs (large),GV-1 ,C57BL/6J,GW_FootFault,3.333333333,0.0,100.0,True,False,False
GV_T3_4_3,3,Stroke,MOp/MOs (large),GV-1 ,C57BL/6J,GW_FootFault,17.64705882,0.0,100.0,True,False,False
GV_T3_4_3,7,Stroke,MOp/MOs (large),GV-1 ,C57BL/6J,GW_FootFault,10.71428571,0.0,100.0,True,False,False
GV_T3_4_3,14,Stroke,MOp/MOs (large),GV-1 ,C57BL/6J,GW_FootFault,9.302325581,0.0,100.0,True,False,False
GV_T3_4_3,21,Stroke,MOp/MOs (large),GV-1 ,C57BL/6J,GW_FootFault,8.695652174,0.0,100.0,True,False,False
GV_T3_4_3,28,Stroke,MOp/MOs (large),GV-1 ,C57BL/6J,GW_FootFault,6.956521739,0.0,100.0,True,False,False
GV_T3_8_2,0,Stroke,MOp/MOs (large),GV-1 ,C57BL/6J,GW_FootFault,4.87804878,0.0,100.0,True,False,False
GV_T3_8_2,3,Stroke,MOp/MOs (large),GV-1 ,C57BL/6J,GW_FootFault,15.78947368,0.0,100.0,True,False,False
GV_T3_8_2,7,Stroke,MOp/MOs (large),GV-1 ,C57BL/6J,GW_FootFault,12.0,0.0,100.0,True,False,False
GV_T3_8_2,14,Stroke,MOp/MOs (large),GV-1 ,C57BL/6J,GW_FootFault,10.86956522,0.0,100.0,True,False,False
GV_T3_8_2,21,Stroke,MOp/MOs (large),GV-1 ,C57BL/6J,GW_FootFault,8.333333333,0.0,100.0,True,False,False
GV_T3_8_2,28,Stroke,MOp/MOs (large),GV-1 ,C57BL/6J,GW_FootFault,7.142857143,0.0,100.0,True,False,False
GV_T3_8_4,0,Stroke,MOp/MOs (large),GV-1 ,C57BL/6J,GW_FootFault,2.380952381,0.0,100.0,True,False,False
GV_T3_8_4,3,Stroke,MOp/MOs (large),GV-1 ,C57BL/6J,GW_FootFault,14.28571429,0.0,100.0,True,False,False
GV_T3_8_4,7,Stroke,MOp/MOs (large),GV-1 ,C57BL/6J,GW_FootFault,12.30769231,0.0,100.0,True,False,False
GV_T3_8_4,14,Stroke,MOp/MOs (large),GV-1 ,C57BL/6J,GW_FootFault,10.25641026,0.0,100.0,True,False,False
GV_T3_8_4,21,Stroke,MOp/MOs (large),GV-1 ,C57BL/6J,GW_FootFault,9.87654321,0.0,100.0,True,False,False
GV_T3_8_4,28,Stroke,MOp/MOs (large),GV-1 ,C57BL/6J,GW_FootFault,9.210526316,0.0,100.0,True,False,False
GV_T3_9_1,3,Stroke,MOp/MOs (large),GV-1 ,C57BL/6J,GW_FootFault,15.38461538,0.0,100.0,True,False,False
GV_T3_9_1,7,Stroke,MOp/MOs (large),GV-1 ,C57BL/6J,GW_FootFault,12.90322581,0.0,100.0,True,False,False
GV_T3_9_1,14,Stroke,MOp/MOs (large),GV-1 ,C57BL/6J,GW_FootFault,10.78431373,0.0,100.0,True,False,False
GV_T3_9_1,21,Stroke,MOp/MOs (large),GV-1 ,C57BL/6J,GW_FootFault,8.860759494,0.0,100.0,True,False,False
GV_T3_9_1,28,Stroke,MOp/MOs (large),GV-1 ,C57BL/6J,GW_FootFault,8.910891089,0.0,100.0,True,False,False
GV_T3_9_3,0,Stroke,MOp/MOs (large),GV-1 ,C57BL/6J,GW_FootFault,5.263157895,0.0,100.0,True,False,False
GV_T3_9_3,3,Stroke,MOp/MOs (large),GV-1 ,C57BL/6J,GW_FootFault,14.1025641,0.0,100.0,True,False,False
GV_T3_9_3,7,Stroke,MOp/MOs (large),GV-1 ,C57BL/6J,GW_FootFault,11.42857143,0.0,100.0,True,False,False
GV_T3_9_3,14,Stroke,MOp/MOs (large),GV-1 ,C57BL/6J,GW_FootFault,9.090909091,0.0,100.0,True,False,False
GV_T3_9_3,21,Stroke,MOp/MOs (large),GV-1 ,C57BL/6J,GW_FootFault,8.24742268,0.0,100.0,True,False,False
GV_T3_9_3,28,Stroke,MOp/MOs (large),GV-1 ,C57BL/6J,GW_FootFault,6.666666667,0.0,100.0,True,False,False
PB_T3_10_1,0,Sham,MOp/MOs Sham,PB-T3.4 (WT-PT-Sham-2wks),C57BL/6J,GW_FootFault,0.833333333,0.0,100.0,True,False,False
PB_T3_10_1,3,Sham,MOp/MOs Sham,PB-T3.4 (WT-PT-Sham-2wks),C57BL/6J,GW_FootFault,4.166666667,0.0,100.0,True,False,False
PB_T3_10_1,7,Sham,MOp/MOs Sham,PB-T3.4 (WT-PT-Sham-2wks),C57BL/6J,GW_FootFault,2.5,0.0,100.0,True,False,False
PB_T3_10_1,14,Sham,MOp/MOs Sham,PB-T3.4 (WT-PT-Sham-2wks),C57BL/6J,GW_FootFault,4.424778761,0.0,100.0,True,False,False
PB_T3_10_2,0,Stroke,MOp/MOs (large),PB-T3.3 (WT-PT-2wks),C57BL/6J,GW_FootFault,2.5,0.0,100.0,True,False,False
PB_T3_10_2,3,Stroke,MOp/MOs (large),PB-T3.3 (WT-PT-2wks),C57BL/6J,GW_FootFault,18.33333333,0.0,100.0,True,False,False
PB_T3_10_2,7,Stroke,MOp/MOs (large),PB-T3.3 (WT-PT-2wks),C57BL/6J,GW_FootFault,13.33333333,0.0,100.0,True,False,False
PB_T3_10_2,14,Stroke,MOp/MOs (large),PB-T3.3 (WT-PT-2wks),C57BL/6J,GW_FootFault,20.53571429,0.0,100.0,True,False,False
PB_T3_10_3,0,Stroke,MOp/MOs (large),PB-T3.3 (WT-PT-2wks),C57BL/6J,GW_FootFault,2.5,0.0,100.0,True,False,False
PB_T3_10_3,3,Stroke,MOp/MOs (large),PB-T3.3 (WT-PT-2wks),C57BL/6J,GW_FootFault,18.33333333,0.0,100.0,True,False,False
PB_T3_10_3,7,Stroke,MOp/MOs (large),PB-T3.3 (WT-PT-2wks),C57BL/6J,GW_FootFault,13.33333333,0.0,100.0,True,False,False
PB_T3_10_3,14,Stroke,MOp/MOs (large),PB-T3.3 (WT-PT-2wks),C57BL/6J,GW_FootFault,13.33333333,0.0,100.0,True,False,False
PB_T3_11_1,0,Sham,MOp/MOs Sham,PB-T3.4 (WT-PT-Sham-2wks),C57BL/6J,GW_FootFault,0.833333333,0.0,100.0,True,False,False
PB_T3_11_1,3,Sham,MOp/MOs Sham,PB-T3.4 (WT-PT-Sham-2wks),C57BL/6J,GW_FootFault,2.5,0.0,100.0,True,False,False
PB_T3_11_1,7,Sham,MOp/MOs Sham,PB-T3.4 (WT-PT-Sham-2wks),C57BL/6J,GW_FootFault,3.333333333,0.0,100.0,True,False,False
PB_T3_11_1,14,Sham,MOp/MOs Sham,PB-T3.4 (WT-PT-Sham-2wks),C57BL/6J,GW_FootFault,3.603603604,0.0,100.0,True,False,False
PB_T3_12_1,0,Stroke,MOp/MOs (large),PB-T3.9 (WT-PT-8wks),C57BL/6J,GW_FootFault,0.833333333,0.0,100.0,True,False,False
PB_T3_12_1,3,Stroke,MOp/MOs (large),PB-T3.9 (WT-PT-8wks),C57BL/6J,GW_FootFault,26.66666667,0.0,100.0,True,False,False
PB_T3_12_1,7,Stroke,MOp/MOs (large),PB-T3.9 (WT-PT-8wks),C57BL/6J,GW_FootFault,25.0,0.0,100.0,True,False,False
PB_T3_12_1,21,Stroke,MOp/MOs (large),PB-T3.9 (WT-PT-8wks),C57BL/6J,GW_FootFault,20.87912088,0.0,100.0,True,False,False
PB_T3_12_1,28,Stroke,MOp/MOs (large),PB-T3.9 (WT-PT-8wks),C57BL/6J,GW_FootFault,20.0,0.0,100.0,True,False,False
PB_T3_12_1,42,Stroke,MOp/MOs (large),PB-T3.9 (WT-PT-8wks),C57BL/6J,GW_FootFault,12.4754902,0.0,100.0,True,False,False
PB_T3_12_1,56,Stroke,MOp/MOs (large),PB-T3.9 (WT-PT-8wks),C57BL/6J,GW_FootFault,7.5,0.0,100.0,True,False,False
PB_T3_12_2,0,Stroke,MOp/MOs (large),PB-T3.9 (WT-PT-8wks),C57BL/6J,GW_FootFault,4.166666667,0.0,100.0,True,False,False
PB_T3_12_2,3,Stroke,MOp/MOs (large),PB-T3.9 (WT-PT-8wks),C57BL/6J,GW_FootFault,20.0,0.0,100.0,True,False,False
PB_T3_12_2,7,Stroke,MOp/MOs (large),PB-T3.9 (WT-PT-8wks),C57BL/6J,GW_FootFault,19.583333335,0.0,100.0,True,False,False
PB_T3_12_2,21,Stroke,MOp/MOs (large),PB-T3.9 (WT-PT-8wks),C57BL/6J,GW_FootFault,18.51851852,0.0,100.0,True,False,False
PB_T3_12_2,28,Stroke,MOp/MOs (large),PB-T3.9 (WT-PT-8wks),C57BL/6J,GW_FootFault,19.16666667,0.0,100.0,True,False,False
PB_T3_12_2,42,Stroke,MOp/MOs (large),PB-T3.9 (WT-PT-8wks),C57BL/6J,GW_FootFault,11.959193709,0.0,100.0,True,False,False
PB_T3_12_2,56,Stroke,MOp/MOs (large),PB-T3.9 (WT-PT-8wks),C57BL/6J,GW_FootFault,8.333333333,0.0,100.0,True,False,False
PB_T3_12_3,0,Sham,MOp/MOs Sham,PB-T3.10 (WT-PT-Sham-8wks),C57BL/6J,GW_FootFault,3.0,0.0,100.0,True,False,False
PB_T3_12_3,3,Sham,MOp/MOs Sham,PB-T3.10 (WT-PT-Sham-8wks),C57BL/6J,GW_FootFault,7.5,0.0,100.0,True,False,False
PB_T3_12_3,7,Sham,MOp/MOs Sham,PB-T3.10 (WT-PT-Sham-8wks),C57BL/6J,GW_FootFault,3.4848484845,0.0,100.0,True,False,False
PB_T3_12_3,21,Sham,MOp/MOs Sham,PB-T3.10 (WT-PT-Sham-8wks),C57BL/6J,GW_FootFault,3.703703704,0.0,100.0,True,False,False
PB_T3_12_3,28,Sham,MOp/MOs Sham,PB-T3.10 (WT-PT-Sham-8wks),C57BL/6J,GW_FootFault,4.166666667,0.0,100.0,True,False,False
PB_T3_12_3,42,Sham,MOp/MOs Sham,PB-T3.10 (WT-PT-Sham-8wks),C57BL/6J,GW_FootFault,4.210526315666667,0.0,100.0,True,False,False
PB_T3_12_3,56,Sham,MOp/MOs Sham,PB-T3.10 (WT-PT-Sham-8wks),C57BL/6J,GW_FootFault,3.448275862,0.0,100.0,True,False,False
PB_T3_12_4,0,Stroke,MOp/MOs (large),PB-T3.9 (WT-PT-8wks),C57BL/6J,GW_FootFault,4.166666667,0.0,100.0,True,False,False
PB_T3_12_4,3,Stroke,MOp/MOs (large),PB-T3.9 (WT-PT-8wks),C57BL/6J,GW_FootFault,21.66666667,0.0,100.0,True,False,False
PB_T3_12_4,7,Stroke,MOp/MOs (large),PB-T3.9 (WT-PT-8wks),C57BL/6J,GW_FootFault,18.33333333,0.0,100.0,True,False,False
PB_T3_12_4,21,Stroke,MOp/MOs (large),PB-T3.9 (WT-PT-8wks),C57BL/6J,GW_FootFault,15.83333333,0.0,100.0,True,False,False
PB_T3_12_4,28,Stroke,MOp/MOs (large),PB-T3.9 (WT-PT-8wks),C57BL/6J,GW_FootFault,16.48351648,0.0,100.0,True,False,False
PB_T3_12_4,42,Stroke,MOp/MOs (large),PB-T3.9 (WT-PT-8wks),C57BL/6J,GW_FootFault,12.30292117,0.0,100.0,True,False,False
PB_T3_12_4,56,Stroke,MOp/MOs (large),PB-T3.9 (WT-PT-8wks),C57BL/6J,GW_FootFault,9.166666667,0.0,100.0,True,False,False
PB_T3_13_2,0,Stroke,MOp/MOs (large),PB-T3.10 (WT-PT-Sham-8wks),C57BL/6J,GW_FootFault,2.5,0.0,100.0,True,False,False
PB_T3_13_2,3,Stroke,MOp/MOs (large),PB-T3.10 (WT-PT-Sham-8wks),C57BL/6J,GW_FootFault,5.833333333,0.0,100.0,True,False,False
PB_T3_13_2,7,Stroke,MOp/MOs (large),PB-T3.10 (WT-PT-Sham-8wks),C57BL/6J,GW_FootFault,5.833333333,0.0,100.0,True,False,False
PB_T3_13_2,21,Stroke,MOp/MOs (large),PB-T3.10 (WT-PT-Sham-8wks),C57BL/6J,GW_FootFault,4.255319149,0.0,100.0,True,False,False
PB_T3_13_2,28,Stroke,MOp/MOs (large),PB-T3.10 (WT-PT-Sham-8wks),C57BL/6J,GW_FootFault,1.666666667,0.0,100.0,True,False,False
PB_T3_13_2,42,Stroke,MOp/MOs (large),PB-T3.10 (WT-PT-Sham-8wks),C57BL/6J,GW_FootFault,2.777777777666667,0.0,100.0,True,False,False
PB_T3_13_2,56,Stroke,MOp/MOs (large),PB-T3.10 (WT-PT-Sham-8wks),C57BL/6J,GW_FootFault,3.333333333,0.0,100.0,True,False,False
PB_T3_13_3,0,Stroke,MOp/MOs (large),PB-T3.10 (WT-PT-Sham-8wks),C57BL/6J,GW_FootFault,3.333333333,0.0,100.0,True,False,False
PB_T3_13_3,3,Stroke,MOp/MOs (large),PB-T3.10 (WT-PT-Sham-8wks),C57BL/6J,GW_FootFault,4.166666667,0.0,100.0,True,False,False
PB_T3_13_3,7,Stroke,MOp/MOs (large),PB-T3.10 (WT-PT-Sham-8wks),C57BL/6J,GW_FootFault,4.166666667,0.0,100.0,True,False,False
PB_T3_13_3,21,Stroke,MOp/MOs (large),PB-T3.10 (WT-PT-Sham-8wks),C57BL/6J,GW_FootFault,5.0,0.0,100.0,True,False,False
PB_T3_13_3,28,Stroke,MOp/MOs (large),PB-T3.10 (WT-PT-Sham-8wks),C57BL/6J,GW_FootFault,2.5,0.0,100.0,True,False,False
PB_T3_13_3,42,Stroke,MOp/MOs (large),PB-T3.10 (WT-PT-Sham-8wks),C57BL/6J,GW_FootFault,3.7237237240000005,0.0,100.0,True,False,False
PB_T3_13_3,56,Stroke,MOp/MOs (large),PB-T3.10 (WT-PT-Sham-8wks),C57BL/6J,GW_FootFault,4.166666667,0.0,100.0,True,False,False
PB_T3_13_4,0,Stroke,MOp/MOs (large),PB-T3.9 (WT-PT-8wks),C57BL/6J,GW_FootFault,2.5,0.0,100.0,True,False,False
PB_T3_13_4,3,Stroke,MOp/MOs (large),PB-T3.9 (WT-PT-8wks),C57BL/6J,GW_FootFault,20.83333333,0.0,100.0,True,False,False
PB_T3_13_4,7,Stroke,MOp/MOs (large),PB-T3.9 (WT-PT-8wks),C57BL/6J,GW_FootFault,22.5,0.0,100.0,True,False,False
PB_T3_13_4,21,Stroke,MOp/MOs (large),PB-T3.9 (WT-PT-8wks),C57BL/6J,GW_FootFault,8.333333333,0.0,100.0,True,False,False
PB_T3_13_4,28,Stroke,MOp/MOs (large),PB-T3.9 (WT-PT-8wks),C57BL/6J,GW_FootFault,10.83333333,0.0,100.0,True,False,False
PB_T3_13_4,42,Stroke,MOp/MOs (large),PB-T3.9 (WT-PT-8wks),C57BL/6J,GW_FootFault,9.19467787,0.0,100.0,True,False,False
PB_T3_13_4,56,Stroke,MOp/MOs (large),PB-T3.9 (WT-PT-8wks),C57BL/6J,GW_FootFault,9.166666667,0.0,100.0,True,False,False
PB_T3_14_1,0,Stroke,MOp/MOs (large),PB-T3.9 (WT-PT-8wks),C57BL/6J,GW_FootFault,0.833333333,0.0,100.0,True,False,False
PB_T3_14_1,3,Stroke,MOp/MOs (large),PB-T3.9 (WT-PT-8wks),C57BL/6J,GW_FootFault,27.5,0.0,100.0,True,False,False
PB_T3_14_1,7,Stroke,MOp/MOs (large),PB-T3.9 (WT-PT-8wks),C57BL/6J,GW_FootFault,21.66666667,0.0,100.0,True,False,False
PB_T3_14_1,21,Stroke,MOp/MOs (large),PB-T3.9 (WT-PT-8wks),C57BL/6J,GW_FootFault,14.16666667,0.0,100.0,True,False,False
PB_T3_14_1,28,Stroke,MOp/MOs (large),PB-T3.9 (WT-PT-8wks),C57BL/6J,GW_FootFault,7.5,0.0,100.0,True,False,False
PB_T3_14_1,42,Stroke,MOp/MOs (large),PB-T3.9 (WT-PT-8wks),C57BL/6J,GW_FootFault,10.000000001333333,0.0,100.0,True,False,False
PB_T3_14_1,56,Stroke,MOp/MOs (large),PB-T3.9 (WT-PT-8wks),C57BL/6J,GW_FootFault,9.734513274,0.0,100.0,True,False,False
PB_T3_14_2,0,Stroke,MOp/MOs (large),PB-T3.10 (WT-PT-Sham-8wks),C57BL/6J,GW_FootFault,3.333333333,0.0,100.0,True,False,False
PB_T3_14_2,3,Stroke,MOp/MOs (large),PB-T3.10 (WT-PT-Sham-8wks),C57BL/6J,GW_FootFault,5.833333333,0.0,100.0,True,False,False
PB_T3_14_2,7,Stroke,MOp/MOs (large),PB-T3.10 (WT-PT-Sham-8wks),C57BL/6J,GW_FootFault,5.0,0.0,100.0,True,False,False
PB_T3_14_2,21,Stroke,MOp/MOs (large),PB-T3.10 (WT-PT-Sham-8wks),C57BL/6J,GW_FootFault,5.0,0.0,100.0,True,False,False
PB_T3_14_2,28,Stroke,MOp/MOs (large),PB-T3.10 (WT-PT-Sham-8wks),C57BL/6J,GW_FootFault,2.5,0.0,100.0,True,False,False
PB_T3_14_2,42,Stroke,MOp/MOs (large),PB-T3.10 (WT-PT-Sham-8wks),C57BL/6J,GW_FootFault,3.8888888890000004,0.0,100.0,True,False,False
PB_T3_14_2,56,Stroke,MOp/MOs (large),PB-T3.10 (WT-PT-Sham-8wks),C57BL/6J,GW_FootFault,4.166666667,0.0,100.0,True,False,False
PB_T3_14_3,0,Stroke,MOp/MOs (large),PB-T3.9 (WT-PT-8wks),C57BL/6J,GW_FootFault,4.166666667,0.0,100.0,True,False,False
PB_T3_14_3,3,Stroke,MOp/MOs (large),PB-T3.9 (WT-PT-8wks),C57BL/6J,GW_FootFault,21.66666667,0.0,100.0,True,False,False
PB_T3_14_3,7,Stroke,MOp/MOs (large),PB-T3.9 (WT-PT-8wks),C57BL/6J,GW_FootFault,18.33333333,0.0,100.0,True,False,False
PB_T3_14_3,21,Stroke,MOp/MOs (large),PB-T3.9 (WT-PT-8wks),C57BL/6J,GW_FootFault,14.16666667,0.0,100.0,True,False,False
PB_T3_14_3,28,Stroke,MOp/MOs (large),PB-T3.9 (WT-PT-8wks),C57BL/6J,GW_FootFault,10.83333333,0.0,100.0,True,False,False
PB_T3_14_3,42,Stroke,MOp/MOs (large),PB-T3.9 (WT-PT-8wks),C57BL/6J,GW_FootFault,9.444444443333333,0.0,100.0,True,False,False
PB_T3_14_3,56,Stroke,MOp/MOs (large),PB-T3.9 (WT-PT-8wks),C57BL/6J,GW_FootFault,9.166666667,0.0,100.0,True,False,False
PB_T3_14_4,0,Stroke,MOp/MOs (large),PB-T3.10 (WT-PT-Sham-8wks),C57BL/6J,GW_FootFault,0.833333333,0.0,100.0,True,False,False
PB_T3_14_4,3,Stroke,MOp/MOs (large),PB-T3.10 (WT-PT-Sham-8wks),C57BL/6J,GW_FootFault,6.666666667,0.0,100.0,True,False,False
PB_T3_14_4,7,Stroke,MOp/MOs (large),PB-T3.10 (WT-PT-Sham-8wks),C57BL/6J,GW_FootFault,3.0,0.0,100.0,True,False,False
PB_T3_14_4,21,Stroke,MOp/MOs (large),PB-T3.10 (WT-PT-Sham-8wks),C57BL/6J,GW_FootFault,3.333333333,0.0,100.0,True,False,False
PB_T3_14_4,28,Stroke,MOp/MOs (large),PB-T3.10 (WT-PT-Sham-8wks),C57BL/6J,GW_FootFault,5.0,0.0,100.0,True,False,False
PB_T3_14_4,42,Stroke,MOp/MOs (large),PB-T3.10 (WT-PT-Sham-8wks),C57BL/6J,GW_FootFault,3.611111111,0.0,100.0,True,False,False
PB_T3_14_4,56,Stroke,MOp/MOs (large),PB-T3.10 (WT-PT-Sham-8wks),C57BL/6J,GW_FootFault,3.333333333,0.0,100.0,True,False,False
PB_T3_14_5,0,Stroke,MOp/MOs (large),PB-T3.9 (WT-PT-8wks),C57BL/6J,GW_FootFault,3.333333333,0.0,100.0,True,False,False
PB_T3_14_5,3,Stroke,MOp/MOs (large),PB-T3.9 (WT-PT-8wks),C57BL/6J,GW_FootFault,23.33333333,0.0,100.0,True,False,False
PB_T3_14_5,7,Stroke,MOp/MOs (large),PB-T3.9 (WT-PT-8wks),C57BL/6J,GW_FootFault,20.0,0.0,100.0,True,False,False
PB_T3_14_5,21,Stroke,MOp/MOs (large),PB-T3.9 (WT-PT-8wks),C57BL/6J,GW_FootFault,15.625,0.0,100.0,True,False,False
PB_T3_14_5,28,Stroke,MOp/MOs (large),PB-T3.9 (WT-PT-8wks),C57BL/6J,GW_FootFault,7.5,0.0,100.0,True,False,False
PB_T3_14_5,42,Stroke,MOp/MOs (large),PB-T3.9 (WT-PT-8wks),C57BL/6J,GW_FootFault,10.555555555666666,0.0,100.0,True,False,False
PB_T3_14_5,56,Stroke,MOp/MOs (large),PB-T3.9 (WT-PT-8wks),C57BL/6J,GW_FootFault,11.66666667,0.0,100.0,True,False,False
PB_T3_15_2,0,Sham,MOp/MOs Sham,PB-T3.10 (WT-PT-Sham-8wks),C57BL/6J,GW_FootFault,3.333333333,0.0,100.0,True,False,False
PB_T3_15_2,3,Sham,MOp/MOs Sham,PB-T3.10 (WT-PT-Sham-8wks),C57BL/6J,GW_FootFault,0.833333333,0.0,100.0,True,False,False
PB_T3_15_2,7,Sham,MOp/MOs Sham,PB-T3.10 (WT-PT-Sham-8wks),C57BL/6J,GW_FootFault,0.833333333,0.0,100.0,True,False,False
PB_T3_15_2,21,Sham,MOp/MOs Sham,PB-T3.10 (WT-PT-Sham-8wks),C57BL/6J,GW_FootFault,5.737704918,0.0,100.0,True,False,False
PB_T3_15_2,28,Sham,MOp/MOs Sham,PB-T3.10 (WT-PT-Sham-8wks),C57BL/6J,GW_FootFault,2.5,0.0,100.0,True,False,False
PB_T3_15_2,42,Sham,MOp/MOs Sham,PB-T3.10 (WT-PT-Sham-8wks),C57BL/6J,GW_FootFault,3.0394857666666666,0.0,100.0,True,False,False
PB_T3_15_2,56,Sham,MOp/MOs Sham,PB-T3.10 (WT-PT-Sham-8wks),C57BL/6J,GW_FootFault,3.305785124,0.0,100.0,True,False,False
PB_T3_16_1,0,Sham,MOp/MOs Sham,PB-T3.10 (WT-PT-Sham-8wks),C57BL/6J,GW_FootFault,1.666666667,0.0,100.0,True,False,False
PB_T3_16_1,3,Sham,MOp/MOs Sham,PB-T3.10 (WT-PT-Sham-8wks),C57BL/6J,GW_FootFault,2.5,0.0,100.0,True,False,False
PB_T3_16_1,7,Sham,MOp/MOs Sham,PB-T3.10 (WT-PT-Sham-8wks),C57BL/6J,GW_FootFault,1.666666667,0.0,100.0,True,False,False
PB_T3_16_1,14,Sham,MOp/MOs Sham,PB-T3.10 (WT-PT-Sham-8wks),C57BL/6J,GW_FootFault,5.0,0.0,100.0,True,False,False
PB_T3_16_1,21,Sham,MOp/MOs Sham,PB-T3.10 (WT-PT-Sham-8wks),C57BL/6J,GW_FootFault,7.5,0.0,100.0,True,False,False
PB_T3_16_1,28,Sham,MOp/MOs Sham,PB-T3.10 (WT-PT-Sham-8wks),C57BL/6J,GW_FootFault,0.833333333,0.0,100.0,True,False,False
PB_T3_16_1,42,Sham,MOp/MOs Sham,PB-T3.10 (WT-PT-Sham-8wks),C57BL/6J,GW_FootFault,4.583333333,0.0,100.0,True,False,False
PB_T3_16_1,56,Sham,MOp/MOs Sham,PB-T3.10 (WT-PT-Sham-8wks),C57BL/6J,GW_FootFault,7.142857143,0.0,100.0,True,False,False
PB_T3_16_2,0,Stroke,MOp/MOs (large),PB-T3.9 (WT-PT-8wks),C57BL/6J,GW_FootFault,1.666666667,0.0,100.0,True,False,False
PB_T3_16_2,3,Stroke,MOp/MOs (large),PB-T3.9 (WT-PT-8wks),C57BL/6J,GW_FootFault,22.5,0.0,100.0,True,False,False
PB_T3_16_2,7,Stroke,MOp/MOs (large),PB-T3.9 (WT-PT-8wks),C57BL/6J,GW_FootFault,14.16666667,0.0,100.0,True,False,False
PB_T3_16_2,14,Stroke,MOp/MOs (large),PB-T3.9 (WT-PT-8wks),C57BL/6J,GW_FootFault,14.63414634,0.0,100.0,True,False,False
PB_T3_16_2,21,Stroke,MOp/MOs (large),PB-T3.9 (WT-PT-8wks),C57BL/6J,GW_FootFault,10.0,0.0,100.0,True,False,False
PB_T3_16_2,28,Stroke,MOp/MOs (large),PB-T3.9 (WT-PT-8wks),C57BL/6J,GW_FootFault,10.83333333,0.0,100.0,True,False,False
PB_T3_16_2,42,Stroke,MOp/MOs (large),PB-T3.9 (WT-PT-8wks),C57BL/6J,GW_FootFault,8.055555555666666,0.0,100.0,True,False,False
PB_T3_16_2,56,Stroke,MOp/MOs (large),PB-T3.9 (WT-PT-8wks),C57BL/6J,GW_FootFault,5.833333333,0.0,100.0,True,False,False
PB_T3_16_3,0,Stroke,MOp/MOs (large),PB-T3.9 (WT-PT-8wks),C57BL/6J,GW_FootFault,1.666666667,0.0,100.0,True,False,False
PB_T3_16_3,3,Stroke,MOp/MOs (large),PB-T3.9 (WT-PT-8wks),C57BL/6J,GW_FootFault,23.33333333,0.0,100.0,True,False,False
PB_T3_16_3,7,Stroke,MOp/MOs (large),PB-T3.9 (WT-PT-8wks),C57BL/6J,GW_FootFault,15.83333333,0.0,100.0,True,False,False
PB_T3_16_3,21,Stroke,MOp/MOs (large),PB-T3.9 (WT-PT-8wks),C57BL/6J,GW_FootFault,13.33333333,0.0,100.0,True,False,False
PB_T3_16_3,28,Stroke,MOp/MOs (large),PB-T3.9 (WT-PT-8wks),C57BL/6J,GW_FootFault,11.66666667,0.0,100.0,True,False,False
PB_T3_16_3,42,Stroke,MOp/MOs (large),PB-T3.9 (WT-PT-8wks),C57BL/6J,GW_FootFault,9.722222223333333,0.0,100.0,True,False,False
PB_T3_16_3,56,Stroke,MOp/MOs (large),PB-T3.9 (WT-PT-8wks),C57BL/6J,GW_FootFault,6.666666667,0.0,100.0,True,False,False
PB_T3_17_1,0,Stroke,MOp/MOs (large),PB-T3.9 (WT-PT-8wks),C57BL/6J,GW_FootFault,0.833333333,0.0,100.0,True,False,False
PB_T3_17_1,3,Stroke,MOp/MOs (large),PB-T3.9 (WT-PT-8wks),C57BL/6J,GW_FootFault,20.83333333,0.0,100.0,True,False,False
PB_T3_17_1,7,Stroke,MOp/MOs (large),PB-T3.9 (WT-PT-8wks),C57BL/6J,GW_FootFault,17.5,0.0,100.0,True,False,False
PB_T3_17_1,21,Stroke,MOp/MOs (large),PB-T3.9 (WT-PT-8wks),C57BL/6J,GW_FootFault,11.66666667,0.0,100.0,True,False,False
PB_T3_17_1,28,Stroke,MOp/MOs (large),PB-T3.9 (WT-PT-8wks),C57BL/6J,GW_FootFault,11.66666667,0.0,100.0,True,False,False
PB_T3_17_1,42,Stroke,MOp/MOs (large),PB-T3.9 (WT-PT-8wks),C57BL/6J,GW_FootFault,9.590643275,0.0,100.0,True,False,False
PB_T3_17_1,56,Stroke,MOp/MOs (large),PB-T3.9 (WT-PT-8wks),C57BL/6J,GW_FootFault,5.833333333,0.0,100.0,True,False,False
PB_T3_17_2,0,Stroke,MOp/MOs (large),PB-T3.10 (WT-PT-Sham-8wks),C57BL/6J,GW_FootFault,3.333333333,0.0,100.0,True,False,False
PB_T3_17_2,3,Stroke,MOp/MOs (large),PB-T3.10 (WT-PT-Sham-8wks),C57BL/6J,GW_FootFault,1.666666667,0.0,100.0,True,False,False
PB_T3_17_2,7,Stroke,MOp/MOs (large),PB-T3.10 (WT-PT-Sham-8wks),C57BL/6J,GW_FootFault,4.166666667,0.0,100.0,True,False,False
PB_T3_17_2,21,Stroke,MOp/MOs (large),PB-T3.10 (WT-PT-Sham-8wks),C57BL/6J,GW_FootFault,5.0,0.0,100.0,True,False,False
PB_T3_17_2,28,Stroke,MOp/MOs (large),PB-T3.10 (WT-PT-Sham-8wks),C57BL/6J,GW_FootFault,0.0,0.0,100.0,True,True,False
PB_T3_17_2,42,Stroke,MOp/MOs (large),PB-T3.10 (WT-PT-Sham-8wks),C57BL/6J,GW_FootFault,4.92002442,0.0,100.0,True,False,False
PB_T3_17_2,56,Stroke,MOp/MOs (large),PB-T3.10 (WT-PT-Sham-8wks),C57BL/6J,GW_FootFault,3.636363636,0.0,100.0,True,False,False
PB_T3_17_3,0,Stroke,MOp/MOs (large),PB-T3.9 (WT-PT-8wks),C57BL/6J,GW_FootFault,0.0,0.0,100.0,True,True,False
PB_T3_17_3,3,Stroke,MOp/MOs (large),PB-T3.9 (WT-PT-8wks),C57BL/6J,GW_FootFault,25.83333333,0.0,100.0,True,False,False
PB_T3_17_3,7,Stroke,MOp/MOs (large),PB-T3.9 (WT-PT-8wks),C57BL/6J,GW_FootFault,16.66666667,0.0,100.0,True,False,False
PB_T3_17_3,21,Stroke,MOp/MOs (large),PB-T3.9 (WT-PT-8wks),C57BL/6J,GW_FootFault,15.0,0.0,100.0,True,False,False
PB_T3_17_3,28,Stroke,MOp/MOs (large),PB-T3.9 (WT-PT-8wks),C57BL/6J,GW_FootFault,13.33333333,0.0,100.0,True,False,False
PB_T3_17_3,42,Stroke,MOp/MOs (large),PB-T3.9 (WT-PT-8wks),C57BL/6J,GW_FootFault,8.611111111333335,0.0,100.0,True,False,False
PB_T3_17_3,56,Stroke,MOp/MOs (large),PB-T3.9 (WT-PT-8wks),C57BL/6J,GW_FootFault,6.666666667,0.0,100.0,True,False,False
PB_T3_23_3,3,Stroke,MOp/MOs (large),"PB-T3.12 (WT-PT-Sham, BDA-8wks)",C57BL/6J,GW_FootFault,2.5,0.0,100.0,True,False,False
PB_T3_24_3,3,Stroke,MOp/MOs (large),"PB-T3.12 (WT-PT-Sham, BDA-8wks)",C57BL/6J,GW_FootFault,0.833333333,0.0,100.0,True,False,False
PB_T3_25_1,0,Stroke,MOp/MOs (small),PB-T3.5 (WT-PT-4wks),C57BL/6J,GW_FootFault,5.0,0.0,100.0,True,False,False
PB_T3_25_1,3,Stroke,MOp/MOs (small),PB-T3.5 (WT-PT-4wks),C57BL/6J,GW_FootFault,17.5,0.0,100.0,True,False,False
PB_T3_25_1,7,Stroke,MOp/MOs (small),PB-T3.5 (WT-PT-4wks),C57BL/6J,GW_FootFault,12.76595745,0.0,100.0,True,False,False
PB_T3_25_1,14,Stroke,MOp/MOs (small),PB-T3.5 (WT-PT-4wks),C57BL/6J,GW_FootFault,13.33333333,0.0,100.0,True,False,False
PB_T3_25_1,21,Stroke,MOp/MOs (small),PB-T3.5 (WT-PT-4wks),C57BL/6J,GW_FootFault,5.833333333,0.0,100.0,True,False,False
PB_T3_25_1,28,Stroke,MOp/MOs (small),PB-T3.5 (WT-PT-4wks),C57BL/6J,GW_FootFault,5.833333333,0.0,100.0,True,False,False
PB_T3_25_2,0,Stroke,MOp/MOs (small),PB-T3.5 (WT-PT-4wks),C57BL/6J,GW_FootFault,4.166666667,0.0,100.0,True,False,False
PB_T3_25_2,3,Stroke,MOp/MOs (small),PB-T3.5 (WT-PT-4wks),C57BL/6J,GW_FootFault,12.5,0.0,100.0,True,False,False
PB_T3_25_2,7,Stroke,MOp/MOs (small),PB-T3.5 (WT-PT-4wks),C57BL/6J,GW_FootFault,6.666666667,0.0,100.0,True,False,False
PB_T3_25_2,14,Stroke,MOp/MOs (small),PB-T3.5 (WT-PT-4wks),C57BL/6J,GW_FootFault,5.833333333,0.0,100.0,True,False,False
PB_T3_25_2,21,Stroke,MOp/MOs (small),PB-T3.5 (WT-PT-4wks),C57BL/6J,GW_FootFault,4.807692308,0.0,100.0,True,False,False
PB_T3_25_2,28,Stroke,MOp/MOs (small),PB-T3.5 (WT-PT-4wks),C57BL/6J,GW_FootFault,5.0,0.0,100.0,True,False,False
PB_T3_25_3,0,Stroke,MOp/MOs (small),PB-T3.5 (WT-PT-4wks),C57BL/6J,GW_FootFault,2.5,0.0,100.0,True,False,False
PB_T3_25_3,3,Stroke,MOp/MOs (small),PB-T3.5 (WT-PT-4wks),C57BL/6J,GW_FootFault,11.66666667,0.0,100.0,True,False,False
PB_T3_25_3,7,Stroke,MOp/MOs (small),PB-T3.5 (WT-PT-4wks),C57BL/6J,GW_FootFault,13.33333333,0.0,100.0,True,False,False
PB_T3_25_3,14,Stroke,MOp/MOs (small),PB-T3.5 (WT-PT-4wks),C57BL/6J,GW_FootFault,11.66666667,0.0,100.0,True,False,False
PB_T3_25_3,21,Stroke,MOp/MOs (small),PB-T3.5 (WT-PT-4wks),C57BL/6J,GW_FootFault,9.166666667,0.0,100.0,True,False,False
PB_T3_25_3,28,Stroke,MOp/MOs (small),PB-T3.5 (WT-PT-4wks),C57BL/6J,GW_FootFault,8.333333333,0.0,100.0,True,False,False
PB_T3_25_4,0,Stroke,MOp/MOs (small),PB-T3.5 (WT-PT-4wks),C57BL/6J,GW_FootFault,2.5,0.0,100.0,True,False,False
PB_T3_25_4,3,Stroke,MOp/MOs (small),PB-T3.5 (WT-PT-4wks),C57BL/6J,GW_FootFault,10.83333333,0.0,100.0,True,False,False
PB_T3_25_4,7,Stroke,MOp/MOs (small),PB-T3.5 (WT-PT-4wks),C57BL/6J,GW_FootFault,13.33333333,0.0,100.0,True,False,False
PB_T3_25_4,14,Stroke,MOp/MOs (small),PB-T3.5 (WT-PT-4wks),C57BL/6J,GW_FootFault,9.166666667,0.0,100.0,True,False,False
PB_T3_25_4,21,Stroke,MOp/MOs (small),PB-T3.5 (WT-PT-4wks),C57BL/6J,GW_FootFault,6.666666667,0.0,100.0,True,False,False
PB_T3_25_4,28,Stroke,MOp/MOs (small),PB-T3.5 (WT-PT-4wks),C57BL/6J,GW_FootFault,5.833333333,0.0,100.0,True,False,False
PB_T3_6_1,0,Stroke,MOp/MOs (large),PB-T3.3 (WT-PT-2wks),C57BL/6J,GW_FootFault,2.083333333,0.0,100.0,True,False,False
PB_T3_6_1,3,Stroke,MOp/MOs (large),PB-T3.3 (WT-PT-2wks),C57BL/6J,GW_FootFault,18.5840708,0.0,100.0,True,False,False
PB_T3_6_1,14,Stroke,MOp/MOs (large),PB-T3.3 (WT-PT-2wks),C57BL/6J,GW_FootFault,15.83333333,0.0,100.0,True,False,False
PB_T3_7_2,0,Stroke,MOp/MOs (large),PB-T3.3 (WT-PT-2wks),C57BL/6J,GW_FootFault,2.5,0.0,100.0,True,False,False
PB_T3_7_2,3,Stroke,MOp/MOs (large),PB-T3.3 (WT-PT-2wks),C57BL/6J,GW_FootFault,16.0,0.0,100.0,True,False,False
PB_T3_7_2,14,Stroke,MOp/MOs (large),PB-T3.3 (WT-PT-2wks),C57BL/6J,GW_FootFault,16.86746988,0.0,100.0,True,False,False
PB_T3_7_4,0,Sham,MOp/MOs Sham,PB-T3.4 (WT-PT-Sham-2wks),C57BL/6J,GW_FootFault,2.5,0.0,100.0,True,False,False
PB_T3_7_4,3,Sham,MOp/MOs Sham,PB-T3.4 (WT-PT-Sham-2wks),C57BL/6J,GW_FootFault,3.0,0.0,100.0,True,False,False
PB_T3_7_4,14,Sham,MOp/MOs Sham,PB-T3.4 (WT-PT-Sham-2wks),C57BL/6J,GW_FootFault,3.333333333,0.0,100.0,True,False,False
PB_T3_8_1,0,Stroke,MOp/MOs (large),PB-T3.3 (WT-PT-2wks),C57BL/6J,GW_FootFault,1.904761905,0.0,100.0,True,False,False
PB_T3_8_1,3,Stroke,MOp/MOs (large),PB-T3.3 (WT-PT-2wks),C57BL/6J,GW_FootFault,13.33333333,0.0,100.0,True,False,False
PB_T3_8_1,14,Stroke,MOp/MOs (large),PB-T3.3 (WT-PT-2wks),C57BL/6J,GW_FootFault,21.66666667,0.0,100.0,True,False,False
PB_T3_8_2,0,Stroke,MOp/MOs (large),PB-T3.4 (WT-PT-Sham-2wks),C57BL/6J,GW_FootFault,2.5,0.0,100.0,True,False,False
PB_T3_8_2,3,Stroke,MOp/MOs (large),PB-T3.4 (WT-PT-Sham-2wks),C57BL/6J,GW_FootFault,3.333333333,0.0,100.0,True,False,False
PB_T3_8_3,0,Stroke,MOp/MOs (large),PB-T3.3 (WT-PT-2wks),C57BL/6J,GW_FootFault,2.5,0.0,100.0,True,False,False
PB_T3_8_3,3,Stroke,MOp/MOs (large),PB-T3.3 (WT-PT-2wks),C57BL/6J,GW_FootFault,15.0,0.0,100.0,True,False,False
PB_T3_8_3,14,Stroke,MOp/MOs (large),PB-T3.3 (WT-PT-2wks),C57BL/6J,GW_FootFault,14.16666667,0.0,100.0,True,False,False
PB_T3_8_4,0,Stroke,MOp/MOs (large),PB-T3.3 (WT-PT-2wks),C57BL/6J,GW_FootFault,3.333333333,0.0,100.0,True,False,False
PB_T3_8_4,3,Stroke,MOp/MOs (large),PB-T3.3 (WT-PT-2wks),C57BL/6J,GW_FootFault,20.0,0.0,100.0,True,False,False
PB_T3_8_4,14,Stroke,MOp/MOs (large),PB-T3.3 (WT-PT-2wks),C57BL/6J,GW_FootFault,15.0,0.0,100.0,True,False,False
PB_T3_8_5,0,Stroke,MOp/MOs (large),PB-T3.3 (WT-PT-2wks),C57BL/6J,GW_FootFault,4.807692308,0.0,100.0,True,False,False
PB_T3_8_5,3,Stroke,MOp/MOs (large),PB-T3.3 (WT-PT-2wks),C57BL/6J,GW_FootFault,15.0,0.0,100.0,True,False,False
PB_T3_8_5,14,Stroke,MOp/MOs (large),PB-T3.3 (WT-PT-2wks),C57BL/6J,GW_FootFault,12.5,0.0,100.0,True,False,False
PB_T3_9_1,0,Stroke,MOp/MOs (large),PB-T3.3 (WT-PT-2wks),C57BL/6J,GW_FootFault,2.857142857,0.0,100.0,True,False,False
PB_T3_9_1,3,Stroke,MOp/MOs (large),PB-T3.3 (WT-PT-2wks),C57BL/6J,GW_FootFault,26.85185185,0.0,100.0,True,False,False
PB_T3_9_1,7,Stroke,MOp/MOs (large),PB-T3.3 (WT-PT-2wks),C57BL/6J,GW_FootFault,17.5,0.0,100.0,True,False,False
PB_T3_9_1,14,Stroke,MOp/MOs (large),PB-T3.3 (WT-PT-2wks),C57BL/6J,GW_FootFault,15.83333333,0.0,100.0,True,False,False
PB_T3_9_2,0,Sham,MOp/MOs Sham,PB-T3.4 (WT-PT-Sham-2wks),C57BL/6J,GW_FootFault,2.5,0.0,100.0,True,False,False
PB_T3_9_2,3,Sham,MOp/MOs Sham,PB-T3.4 (WT-PT-Sham-2wks),C57BL/6J,GW_FootFault,5.833333333,0.0,100.0,True,False,False
PB_T3_9_2,7,Sham,MOp/MOs Sham,PB-T3.4 (WT-PT-Sham-2wks),C57BL/6J,GW_FootFault,4.166666667,0.0,100.0,True,False,False
PB_T3_9_2,14,Sham,MOp/MOs Sham,PB-T3.4 (WT-PT-Sham-2wks),C57BL/6J,GW_FootFault,5.0,0.0,100.0,True,False,False
PB_T3_9_3,0,Stroke,MOp/MOs (large),PB-T3.3 (WT-PT-2wks),C57BL/6J,GW_FootFault,1.666666667,0.0,100.0,True,False,False
PB_T3_9_3,3,Stroke,MOp/MOs (large),PB-T3.3 (WT-PT-2wks),C57BL/6J,GW_FootFault,15.0,0.0,100.0,True,False,False
PB_T3_9_3,7,Stroke,MOp/MOs (large),PB-T3.3 (WT-PT-2wks),C57BL/6J,GW_FootFault,19.16666667,0.0,100.0,True,False,False
PB_T3_9_3,14,Stroke,MOp/MOs (large),PB-T3.3 (WT-PT-2wks),C57BL/6J,GW_FootFault,16.66666667,0.0,100.0,True,False,False
PB_T3_9_4,0,Stroke,MOp/MOs (large),PB-T3.3 (WT-PT-2wks),C57BL/6J,GW_FootFault,1.666666667,0.0,100.0,True,False,False
PB_T3_9_4,3,Stroke,MOp/MOs (large),PB-T3.3 (WT-PT-2wks),C57BL/6J,GW_FootFault,27.61904762,0.0,100.0,True,False,False
PB_T3_9_4,7,Stroke,MOp/MOs (large),PB-T3.3 (WT-PT-2wks),C57BL/6J,GW_FootFault,22.5,0.0,100.0,True,False,False
PB_T3_9_4,14,Stroke,MOp/MOs (large),PB-T3.3 (WT-PT-2wks),C57BL/6J,GW_FootFault,21.21212121,0.0,100.0,True,False,False
SP_T1.2.2_1_1,0,Stroke,MOs,"SP-T1.2.2 (WT-PT, BDA, MRI-4wks)",C57BL/6J,GW_FootFault,4.166666667,0.0,100.0,True,False,False
SP_T1.2.2_1_1,3,Stroke,MOs,"SP-T1.2.2 (WT-PT, BDA, MRI-4wks)",C57BL/6J,GW_FootFault,16.66666667,0.0,100.0,True,False,False
SP_T1.2.2_1_1,7,Stroke,MOs,"SP-T1.2.2 (WT-PT, BDA, MRI-4wks)",C57BL/6J,GW_FootFault,16.66666667,0.0,100.0,True,False,False
SP_T1.2.2_1_1,14,Stroke,MOs,"SP-T1.2.2 (WT-PT, BDA, MRI-4wks)",C57BL/6J,GW_FootFault,19.16666667,0.0,100.0,True,False,False
SP_T1.2.2_1_1,21,Stroke,MOs,"SP-T1.2.2 (WT-PT, BDA, MRI-4wks)",C57BL/6J,GW_FootFault,13.33333333,0.0,100.0,True,False,False
SP_T1.2.2_1_1,28,Stroke,MOs,"SP-T1.2.2 (WT-PT, BDA, MRI-4wks)",C57BL/6J,GW_FootFault,15.47619048,0.0,100.0,True,False,False
SP_T1.2.2_1_2,0,Stroke,MOs,"SP-T1.2.2 (WT-PT, BDA, MRI-4wks)",C57BL/6J,GW_FootFault,6.666666667,0.0,100.0,True,False,False
SP_T1.2.2_1_2,3,Stroke,MOs,"SP-T1.2.2 (WT-PT, BDA, MRI-4wks)",C57BL/6J,GW_FootFault,24.16666667,0.0,100.0,True,False,False
SP_T1.2.2_1_2,7,Stroke,MOs,"SP-T1.2.2 (WT-PT, BDA, MRI-4wks)",C57BL/6J,GW_FootFault,17.5,0.0,100.0,True,False,False
SP_T1.2.2_1_2,14,Stroke,MOs,"SP-T1.2.2 (WT-PT, BDA, MRI-4wks)",C57BL/6J,GW_FootFault,14.16666667,0.0,100.0,True,False,False
SP_T1.2.2_1_2,21,Stroke,MOs,"SP-T1.2.2 (WT-PT, BDA, MRI-4wks)",C57BL/6J,GW_FootFault,16.50485437,0.0,100.0,True,False,False
SP_T1.2.2_1_2,28,Stroke,MOs,"SP-T1.2.2 (WT-PT, BDA, MRI-4wks)",C57BL/6J,GW_FootFault,18.33333333,0.0,100.0,True,False,False
SP_T1_11_1,0,Stroke,MOp/MOs (small),"SP-T1.2.2 (WT-PT, CTB 488, CTB 568, MRI-4wks)",C57BL/6J,GW_FootFault,1.234567901,0.0,100.0,True,False,False
SP_T1_11_1,3,Stroke,MOp/MOs (small),"SP-T1.2.2 (WT-PT, CTB 488, CTB 568, MRI-4wks)",C57BL/6J,GW_FootFault,22.5,0.0,100.0,True,False,False
SP_T1_11_1,7,Stroke,MOp/MOs (small),"SP-T1.2.2 (WT-PT, CTB 488, CTB 568, MRI-4wks)",C57BL/6J,GW_FootFault,25.64102564,0.0,100.0,True,False,False
SP_T1_11_1,14,Stroke,MOp/MOs (small),"SP-T1.2.2 (WT-PT, CTB 488, CTB 568, MRI-4wks)",C57BL/6J,GW_FootFault,23.07692308,0.0,100.0,True,False,False
SP_T1_11_1,21,Stroke,MOp/MOs (small),"SP-T1.2.2 (WT-PT, CTB 488, CTB 568, MRI-4wks)",C57BL/6J,GW_FootFault,10.98901099,0.0,100.0,True,False,False
SP_T1_11_1,28,Stroke,MOp/MOs (small),"SP-T1.2.2 (WT-PT, CTB 488, CTB 568, MRI-4wks)",C57BL/6J,GW_FootFault,12.76595745,0.0,100.0,True,False,False
SP_T1_11_2,0,Stroke,MOp/MOs (small),"SP-T1.2.2 (WT-PT, CTB 488, CTB 568, MRI-4wks)",C57BL/6J,GW_FootFault,2.173913043,0.0,100.0,True,False,False
SP_T1_11_2,3,Stroke,MOp/MOs (small),"SP-T1.2.2 (WT-PT, CTB 488, CTB 568, MRI-4wks)",C57BL/6J,GW_FootFault,15.78947368,0.0,100.0,True,False,False
SP_T1_11_2,7,Stroke,MOp/MOs (small),"SP-T1.2.2 (WT-PT, CTB 488, CTB 568, MRI-4wks)",C57BL/6J,GW_FootFault,7.142857143,0.0,100.0,True,False,False
SP_T1_11_2,14,Stroke,MOp/MOs (small),"SP-T1.2.2 (WT-PT, CTB 488, CTB 568, MRI-4wks)",C57BL/6J,GW_FootFault,5.454545455,0.0,100.0,True,False,False
SP_T1_11_2,21,Stroke,MOp/MOs (small),"SP-T1.2.2 (WT-PT, CTB 488, CTB 568, MRI-4wks)",C57BL/6J,GW_FootFault,6.451612903,0.0,100.0,True,False,False
SP_T1_11_2,28,Stroke,MOp/MOs (small),"SP-T1.2.2 (WT-PT, CTB 488, CTB 568, MRI-4wks)",C57BL/6J,GW_FootFault,7.142857143,0.0,100.0,True,False,False
SP_T1_11_3,0,Stroke,MOp/MOs (small),"SP-T1.2.2 (WT-PT, CTB 488, CTB 568, MRI-4wks)",C57BL/6J,GW_FootFault,4.87804878,0.0,100.0,True,False,False
SP_T1_11_3,3,Stroke,MOp/MOs (small),"SP-T1.2.2 (WT-PT, CTB 488, CTB 568, MRI-4wks)",C57BL/6J,GW_FootFault,21.15384615,0.0,100.0,True,False,False
SP_T1_11_3,7,Stroke,MOp/MOs (small),"SP-T1.2.2 (WT-PT, CTB 488, CTB 568, MRI-4wks)",C57BL/6J,GW_FootFault,15.0,0.0,100.0,True,False,False
SP_T1_11_3,14,Stroke,MOp/MOs (small),"SP-T1.2.2 (WT-PT, CTB 488, CTB 568, MRI-4wks)",C57BL/6J,GW_FootFault,17.39130435,0.0,100.0,True,False,False
SP_T1_11_3,28,Stroke,MOp/MOs (small),"SP-T1.2.2 (WT-PT, CTB 488, CTB 568, MRI-4wks)",C57BL/6J,GW_FootFault,8.527131783,0.0,100.0,True,False,False
SP_T1_12_2,0,Sham,MOp/MOs Sham,"SP-T1.2.4 (WT-PT-Sham, CTB 488, CTB 568, MRI-4wks)",C57BL/6J,GW_FootFault,2.631578947,0.0,100.0,True,False,False
SP_T1_12_2,14,Sham,MOp/MOs Sham,"SP-T1.2.4 (WT-PT-Sham, CTB 488, CTB 568, MRI-4wks)",C57BL/6J,GW_FootFault,6.0,0.0,100.0,True,False,False
SP_T1_13_1,0,Stroke,MOp/MOs (small),"SP-T1.2.2 (WT-PT, CTB 488, CTB 568, MRI-4wks)",C57BL/6J,GW_FootFault,2.764976959,0.0,100.0,True,False,False
SP_T1_13_1,3,Stroke,MOp/MOs (small),"SP-T1.2.2 (WT-PT, CTB 488, CTB 568, MRI-4wks)",C57BL/6J,GW_FootFault,7.777777778,0.0,100.0,True,False,False
SP_T1_13_1,7,Stroke,MOp/MOs (small),"SP-T1.2.2 (WT-PT, CTB 488, CTB 568, MRI-4wks)",C57BL/6J,GW_FootFault,12.96296296,0.0,100.0,True,False,False
SP_T1_13_1,14,Stroke,MOp/MOs (small),"SP-T1.2.2 (WT-PT, CTB 488, CTB 568, MRI-4wks)",C57BL/6J,GW_FootFault,7.262569832,0.0,100.0,True,False,False
SP_T1_13_1,21,Stroke,MOp/MOs (small),"SP-T1.2.2 (WT-PT, CTB 488, CTB 568, MRI-4wks)",C57BL/6J,GW_FootFault,6.329113924,0.0,100.0,True,False,False
SP_T1_13_1,28,Stroke,MOp/MOs (small),"SP-T1.2.2 (WT-PT, CTB 488, CTB 568, MRI-4wks)",C57BL/6J,GW_FootFault,6.451612903,0.0,100.0,True,False,False
SP_T1_13_4,3,Sham,MOp/MOs Sham,"SP-T1.2.4 (WT-PT-Sham, CTB 488, CTB 568, MRI-4wks)",C57BL/6J,GW_FootFault,2.702702703,0.0,100.0,True,False,False
SP_T1_13_4,7,Sham,MOp/MOs Sham,"SP-T1.2.4 (WT-PT-Sham, CTB 488, CTB 568, MRI-4wks)",C57BL/6J,GW_FootFault,1.515151515,0.0,100.0,True,False,False
SP_T1_13_4,14,Sham,MOp/MOs Sham,"SP-T1.2.4 (WT-PT-Sham, CTB 488, CTB 568, MRI-4wks)",C57BL/6J,GW_FootFault,1.360544218,0.0,100.0,True,False,False
SP_T1_13_4,28,Sham,MOp/MOs Sham,"SP-T1.2.4 (WT-PT-Sham, CTB 488, CTB 568, MRI-4wks)",C57BL/6J,GW_FootFault,0.588235294,0.0,100.0,True,False,False
SP_T1_14_1,0,Sham,MOp/MOs Sham,"SP-T1.2.3 (WT-PT-Sham, CTB 488, MRI-1wks)",C57BL/6J,GW_FootFault,1.992031873,0.0,100.0,True,False,False
SP_T1_14_1,3,Sham,MOp/MOs Sham,"SP-T1.2.3 (WT-PT-Sham, CTB 488, MRI-1wks)",C57BL/6J,GW_FootFault,4.310344828,0.0,100.0,True,False,False
SP_T1_14_1,7,Sham,MOp/MOs Sham,"SP-T1.2.3 (WT-PT-Sham, CTB 488, MRI-1wks)",C57BL/6J,GW_FootFault,1.449275362,0.0,100.0,True,False,False
SP_T1_14_2,0,Sham,MOp/MOs Sham,"SP-T1.2.3 (WT-PT-Sham, CTB 488, MRI-1wks)",C57BL/6J,GW_FootFault,1.333333333,0.0,100.0,True,False,False
SP_T1_14_2,3,Sham,MOp/MOs Sham,"SP-T1.2.3 (WT-PT-Sham, CTB 488, MRI-1wks)",C57BL/6J,GW_FootFault,0.0,0.0,100.0,True,True,False
SP_T1_14_2,7,Sham,MOp/MOs Sham,"SP-T1.2.3 (WT-PT-Sham, CTB 488, MRI-1wks)",C57BL/6J,GW_FootFault,1.418439716,0.0,100.0,True,False,False
SP_T1_15_1,0,Sham,MOp/MOs Sham,"SP-T1.2.3 (WT-PT-Sham, CTB 488, MRI-1wks)",C57BL/6J,GW_FootFault,2.43902439,0.0,100.0,True,False,False
SP_T1_15_1,3,Sham,MOp/MOs Sham,"SP-T1.2.3 (WT-PT-Sham, CTB 488, MRI-1wks)",C57BL/6J,GW_FootFault,2.197802198,0.0,100.0,True,False,False
SP_T1_15_1,7,Sham,MOp/MOs Sham,"SP-T1.2.3 (WT-PT-Sham, CTB 488, MRI-1wks)",C57BL/6J,GW_FootFault,1.724137931,0.0,100.0,True,False,False
SP_T1_15_2,0,Sham,MOp/MOs Sham,"SP-T1.2.3 (WT-PT-Sham, CTB 488, MRI-1wks)",C57BL/6J,GW_FootFault,2.371541502,0.0,100.0,True,False,False
SP_T1_15_2,3,Sham,MOp/MOs Sham,"SP-T1.2.3 (WT-PT-Sham, CTB 488, MRI-1wks)",C57BL/6J,GW_FootFault,1.809954751,0.0,100.0,True,False,False
SP_T1_15_2,7,Sham,MOp/MOs Sham,"SP-T1.2.3 (WT-PT-Sham, CTB 488, MRI-1wks)",C57BL/6J,GW_FootFault,1.052631579,0.0,100.0,True,False,False
SP_T1_1_1,0,Stroke,MOp/MOs (small),"SP-T1.2.2 (WT-PT, CTB 488, CTB 568, MRI-4wks)",C57BL/6J,GW_FootFault,2.083333333,0.0,100.0,True,False,False
SP_T1_1_1,3,Stroke,MOp/MOs (small),"SP-T1.2.2 (WT-PT, CTB 488, CTB 568, MRI-4wks)",C57BL/6J,GW_FootFault,15.53398058,0.0,100.0,True,False,False
SP_T1_1_1,7,Stroke,MOp/MOs (small),"SP-T1.2.2 (WT-PT, CTB 488, CTB 568, MRI-4wks)",C57BL/6J,GW_FootFault,17.03703704,0.0,100.0,True,False,False
SP_T1_1_1,14,Stroke,MOp/MOs (small),"SP-T1.2.2 (WT-PT, CTB 488, CTB 568, MRI-4wks)",C57BL/6J,GW_FootFault,12.06896552,0.0,100.0,True,False,False
SP_T1_1_1,21,Stroke,MOp/MOs (small),"SP-T1.2.2 (WT-PT, CTB 488, CTB 568, MRI-4wks)",C57BL/6J,GW_FootFault,10.52631579,0.0,100.0,True,False,False
SP_T1_1_1,28,Stroke,MOp/MOs (small),"SP-T1.2.2 (WT-PT, CTB 488, CTB 568, MRI-4wks)",C57BL/6J,GW_FootFault,7.258064516,0.0,100.0,True,False,False
SP_T1_1_2,0,Stroke,MOp/MOs (small),"SP-T1.2.2 (WT-PT, CTB 488, CTB 568, MRI-4wks)",C57BL/6J,GW_FootFault,2.352941176,0.0,100.0,True,False,False
SP_T1_1_2,3,Stroke,MOp/MOs (small),"SP-T1.2.2 (WT-PT, CTB 488, CTB 568, MRI-4wks)",C57BL/6J,GW_FootFault,19.71830986,0.0,100.0,True,False,False
SP_T1_1_2,7,Stroke,MOp/MOs (small),"SP-T1.2.2 (WT-PT, CTB 488, CTB 568, MRI-4wks)",C57BL/6J,GW_FootFault,23.36448598,0.0,100.0,True,False,False
SP_T1_1_2,14,Stroke,MOp/MOs (small),"SP-T1.2.2 (WT-PT, CTB 488, CTB 568, MRI-4wks)",C57BL/6J,GW_FootFault,11.65048544,0.0,100.0,True,False,False
SP_T1_1_2,21,Stroke,MOp/MOs (small),"SP-T1.2.2 (WT-PT, CTB 488, CTB 568, MRI-4wks)",C57BL/6J,GW_FootFault,11.71875,0.0,100.0,True,False,False
SP_T1_1_2,28,Stroke,MOp/MOs (small),"SP-T1.2.2 (WT-PT, CTB 488, CTB 568, MRI-4wks)",C57BL/6J,GW_FootFault,12.93103448,0.0,100.0,True,False,False
SP_T1_1_3,0,Stroke,MOp/MOs (small),"SP-T1.2.2 (WT-PT, CTB 488, CTB 568, MRI-4wks)",C57BL/6J,GW_FootFault,2.43902439,0.0,100.0,True,False,False
SP_T1_1_3,3,Stroke,MOp/MOs (small),"SP-T1.2.2 (WT-PT, CTB 488, CTB 568, MRI-4wks)",C57BL/6J,GW_FootFault,14.01869159,0.0,100.0,True,False,False
SP_T1_1_3,7,Stroke,MOp/MOs (small),"SP-T1.2.2 (WT-PT, CTB 488, CTB 568, MRI-4wks)",C57BL/6J,GW_FootFault,20.45454545,0.0,100.0,True,False,False
SP_T1_1_3,14,Stroke,MOp/MOs (small),"SP-T1.2.2 (WT-PT, CTB 488, CTB 568, MRI-4wks)",C57BL/6J,GW_FootFault,19.85815603,0.0,100.0,True,False,False
SP_T1_1_3,21,Stroke,MOp/MOs (small),"SP-T1.2.2 (WT-PT, CTB 488, CTB 568, MRI-4wks)",C57BL/6J,GW_FootFault,18.86792453,0.0,100.0,True,False,False
SP_T1_1_3,28,Stroke,MOp/MOs (small),"SP-T1.2.2 (WT-PT, CTB 488, CTB 568, MRI-4wks)",C57BL/6J,GW_FootFault,13.7254902,0.0,100.0,True,False,False
SP_T1_22_1,0,Stroke,MOp/MOs (small),"SP-T1.2.4 (WT-PT-Sham, CTB 488, CTB 568, MRI-4wks)",C57BL/6J,GW_FootFault,2.673796791,0.0,100.0,True,False,False
SP_T1_22_1,3,Stroke,MOp/MOs (small),"SP-T1.2.4 (WT-PT-Sham, CTB 488, CTB 568, MRI-4wks)",C57BL/6J,GW_FootFault,9.333333333,0.0,100.0,True,False,False
SP_T1_22_1,7,Stroke,MOp/MOs (small),"SP-T1.2.4 (WT-PT-Sham, CTB 488, CTB 568, MRI-4wks)",C57BL/6J,GW_FootFault,8.666666667,0.0,100.0,True,False,False
SP_T1_22_1,14,Stroke,MOp/MOs (small),"SP-T1.2.4 (WT-PT-Sham, CTB 488, CTB 568, MRI-4wks)",C57BL/6J,GW_FootFault,10.0,0.0,100.0,True,False,False
SP_T1_22_1,21,Stroke,MOp/MOs (small),"SP-T1.2.4 (WT-PT-Sham, CTB 488, CTB 568, MRI-4wks)",C57BL/6J,GW_FootFault,6.0,0.0,100.0,True,False,False
SP_T1_22_1,28,Stroke,MOp/MOs (small),"SP-T1.2.4 (WT-PT-Sham, CTB 488, CTB 568, MRI-4wks)",C57BL/6J,GW_FootFault,5.0,0.0,100.0,True,False,False
SP_T1_22_3,0,Stroke,MOp/MOs (small),"SP-T1.2.4 (WT-PT-Sham, CTB 488, CTB 568, MRI-4wks)",C57BL/6J,GW_FootFault,4.0,0.0,100.0,True,False,False
SP_T1_22_3,3,Stroke,MOp/MOs (small),"SP-T1.2.4 (WT-PT-Sham, CTB 488, CTB 568, MRI-4wks)",C57BL/6J,GW_FootFault,8.666666667,0.0,100.0,True,False,False
SP_T1_22_3,7,Stroke,MOp/MOs (small),"SP-T1.2.4 (WT-PT-Sham, CTB 488, CTB 568, MRI-4wks)",C57BL/6J,GW_FootFault,8.0,0.0,100.0,True,False,False
SP_T1_22_3,14,Stroke,MOp/MOs (small),"SP-T1.2.4 (WT-PT-Sham, CTB 488, CTB 568, MRI-4wks)",C57BL/6J,GW_FootFault,9.589041096,0.0,100.0,True,False,False
SP_T1_22_3,21,Stroke,MOp/MOs (small),"SP-T1.2.4 (WT-PT-Sham, CTB 488, CTB 568, MRI-4wks)",C57BL/6J,GW_FootFault,9.433962264,0.0,100.0,True,False,False
SP_T1_22_3,28,Stroke,MOp/MOs (small),"SP-T1.2.4 (WT-PT-Sham, CTB 488, CTB 568, MRI-4wks)",C57BL/6J,GW_FootFault,3.333333333,0.0,100.0,True,False,False
SP_T1_23_1,0,Sham,MOp/MOs Sham,"SP-T1.2.4 (WT-PT-Sham, CTB 488, CTB 568, MRI-4wks)",C57BL/6J,GW_FootFault,3.846153846,0.0,100.0,True,False,False
SP_T1_23_1,3,Sham,MOp/MOs Sham,"SP-T1.2.4 (WT-PT-Sham, CTB 488, CTB 568, MRI-4wks)",C57BL/6J,GW_FootFault,0.0,0.0,100.0,True,True,False
SP_T1_23_2,0,Sham,MOp/MOs Sham,"SP-T1.2.4 (WT-PT-Sham, CTB 488, CTB 568, MRI-4wks)",C57BL/6J,GW_FootFault,0.0,0.0,100.0,True,True,False
SP_T1_23_2,7,Sham,MOp/MOs Sham,"SP-T1.2.4 (WT-PT-Sham, CTB 488, CTB 568, MRI-4wks)",C57BL/6J,GW_FootFault,6.818181818,0.0,100.0,True,False,False
SP_T1_23_2,14,Sham,MOp/MOs Sham,"SP-T1.2.4 (WT-PT-Sham, CTB 488, CTB 568, MRI-4wks)",C57BL/6J,GW_FootFault,3.211009174,0.0,100.0,True,False,False
SP_T1_23_2,21,Sham,MOp/MOs Sham,"SP-T1.2.4 (WT-PT-Sham, CTB 488, CTB 568, MRI-4wks)",C57BL/6J,GW_FootFault,3.571428571,0.0,100.0,True,False,False
SP_T1_23_2,28,Sham,MOp/MOs Sham,"SP-T1.2.4 (WT-PT-Sham, CTB 488, CTB 568, MRI-4wks)",C57BL/6J,GW_FootFault,3.896103896,0.0,100.0,True,False,False
SP_T1_2_1,0,Stroke,MOp/MOs (small),"SP-T1.2.2 (WT-PT, CTB 488, CTB 568, MRI-4wks)",C57BL/6J,GW_FootFault,1.785714286,0.0,100.0,True,False,False
SP_T1_2_1,3,Stroke,MOp/MOs (small),"SP-T1.2.2 (WT-PT, CTB 488, CTB 568, MRI-4wks)",C57BL/6J,GW_FootFault,15.78947368,0.0,100.0,True,False,False
SP_T1_2_1,7,Stroke,MOp/MOs (small),"SP-T1.2.2 (WT-PT, CTB 488, CTB 568, MRI-4wks)",C57BL/6J,GW_FootFault,18.25396825,0.0,100.0,True,False,False
SP_T1_2_1,14,Stroke,MOp/MOs (small),"SP-T1.2.2 (WT-PT, CTB 488, CTB 568, MRI-4wks)",C57BL/6J,GW_FootFault,13.63636364,0.0,100.0,True,False,False
SP_T1_2_1,21,Stroke,MOp/MOs (small),"SP-T1.2.2 (WT-PT, CTB 488, CTB 568, MRI-4wks)",C57BL/6J,GW_FootFault,15.50387597,0.0,100.0,True,False,False
SP_T1_2_1,28,Stroke,MOp/MOs (small),"SP-T1.2.2 (WT-PT, CTB 488, CTB 568, MRI-4wks)",C57BL/6J,GW_FootFault,12.82051282,0.0,100.0,True,False,False
SP_T1_2_2,0,Sham,MOp/MOs Sham,"SP-T1.2.4 (WT-PT-Sham, CTB 488, CTB 568, MRI-4wks)",C57BL/6J,GW_FootFault,3.149606299,0.0,100.0,True,False,False
SP_T1_2_2,3,Sham,MOp/MOs Sham,"SP-T1.2.4 (WT-PT-Sham, CTB 488, CTB 568, MRI-4wks)",C57BL/6J,GW_FootFault,3.529411765,0.0,100.0,True,False,False
SP_T1_2_2,7,Sham,MOp/MOs Sham,"SP-T1.2.4 (WT-PT-Sham, CTB 488, CTB 568, MRI-4wks)",C57BL/6J,GW_FootFault,5.504587156,0.0,100.0,True,False,False
SP_T1_2_2,14,Sham,MOp/MOs Sham,"SP-T1.2.4 (WT-PT-Sham, CTB 488, CTB 568, MRI-4wks)",C57BL/6J,GW_FootFault,2.325581395,0.0,100.0,True,False,False
SP_T1_2_2,21,Sham,MOp/MOs Sham,"SP-T1.2.4 (WT-PT-Sham, CTB 488, CTB 568, MRI-4wks)",C57BL/6J,GW_FootFault,5.357142857,0.0,100.0,True,False,False
SP_T1_2_2,28,Sham,MOp/MOs Sham,"SP-T1.2.4 (WT-PT-Sham, CTB 488, CTB 568, MRI-4wks)",C57BL/6J,GW_FootFault,3.225806452,0.0,100.0,True,False,False
SP_T1_2_3,0,Sham,MOp/MOs Sham,"SP-T1.2.4 (WT-PT-Sham, CTB 488, CTB 568, MRI-4wks)",C57BL/6J,GW_FootFault,2.962962963,0.0,100.0,True,False,False
SP_T1_2_3,3,Sham,MOp/MOs Sham,"SP-T1.2.4 (WT-PT-Sham, CTB 488, CTB 568, MRI-4wks)",C57BL/6J,GW_FootFault,3.191489362,0.0,100.0,True,False,False
SP_T1_2_3,7,Sham,MOp/MOs Sham,"SP-T1.2.4 (WT-PT-Sham, CTB 488, CTB 568, MRI-4wks)",C57BL/6J,GW_FootFault,2.290076336,0.0,100.0,True,False,False
SP_T1_2_3,14,Sham,MOp/MOs Sham,"SP-T1.2.4 (WT-PT-Sham, CTB 488, CTB 568, MRI-4wks)",C57BL/6J,GW_FootFault,1.754385965,0.0,100.0,True,False,False
SP_T1_2_3,21,Sham,MOp/MOs Sham,"SP-T1.2.4 (WT-PT-Sham, CTB 488, CTB 568, MRI-4wks)",C57BL/6J,GW_FootFault,1.818181818,0.0,100.0,True,False,False
SP_T1_2_3,28,Sham,MOp/MOs Sham,"SP-T1.2.4 (WT-PT-Sham, CTB 488, CTB 568, MRI-4wks)",C57BL/6J,GW_FootFault,3.947368421,0.0,100.0,True,False,False
SP_T1_33_1,0,Sham,MOp/MOs Sham,"SP-T1.2.4 (WT-PT-Sham, BDA, MRI-4wks)",C57BL/6J,GW_FootFault,5.0,0.0,100.0,True,False,False
SP_T1_33_1,3,Sham,MOp/MOs Sham,"SP-T1.2.4 (WT-PT-Sham, BDA, MRI-4wks)",C57BL/6J,GW_FootFault,3.333333333,0.0,100.0,True,False,False
SP_T1_33_1,7,Sham,MOp/MOs Sham,"SP-T1.2.4 (WT-PT-Sham, BDA, MRI-4wks)",C57BL/6J,GW_FootFault,3.333333333,0.0,100.0,True,False,False
SP_T1_33_1,14,Sham,MOp/MOs Sham,"SP-T1.2.4 (WT-PT-Sham, BDA, MRI-4wks)",C57BL/6J,GW_FootFault,2.5,0.0,100.0,True,False,False
SP_T1_33_1,21,Sham,MOp/MOs Sham,"SP-T1.2.4 (WT-PT-Sham, BDA, MRI-4wks)",C57BL/6J,GW_FootFault,3.333333333,0.0,100.0,True,False,False
SP_T1_33_1,28,Sham,MOp/MOs Sham,"SP-T1.2.4 (WT-PT-Sham, BDA, MRI-4wks)",C57BL/6J,GW_FootFault,1.666666667,0.0,100.0,True,False,False
SP_T1_33_2,0,Sham,MOp/MOs Sham,"SP-T1.2.4 (WT-PT-Sham, BDA, MRI-4wks)",C57BL/6J,GW_FootFault,3.333333333,0.0,100.0,True,False,False
SP_T1_33_2,3,Sham,MOp/MOs Sham,"SP-T1.2.4 (WT-PT-Sham, BDA, MRI-4wks)",C57BL/6J,GW_FootFault,5.0,0.0,100.0,True,False,False
SP_T1_33_2,7,Sham,MOp/MOs Sham,"SP-T1.2.4 (WT-PT-Sham, BDA, MRI-4wks)",C57BL/6J,GW_FootFault,1.666666667,0.0,100.0,True,False,False
SP_T1_33_2,14,Sham,MOp/MOs Sham,"SP-T1.2.4 (WT-PT-Sham, BDA, MRI-4wks)",C57BL/6J,GW_FootFault,4.166666667,0.0,100.0,True,False,False
SP_T1_33_2,21,Sham,MOp/MOs Sham,"SP-T1.2.4 (WT-PT-Sham, BDA, MRI-4wks)",C57BL/6J,GW_FootFault,4.166666667,0.0,100.0,True,False,False
SP_T1_33_2,28,Sham,MOp/MOs Sham,"SP-T1.2.4 (WT-PT-Sham, BDA, MRI-4wks)",C57BL/6J,GW_FootFault,1.666666667,0.0,100.0,True,False,False
SP_T1_33_3,0,Sham,MOp/MOs Sham,"SP-T1.2.4 (WT-PT-Sham, BDA, MRI-4wks)",C57BL/6J,GW_FootFault,4.166666667,0.0,100.0,True,False,False
SP_T1_33_3,3,Sham,MOp/MOs Sham,"SP-T1.2.4 (WT-PT-Sham, BDA, MRI-4wks)",C57BL/6J,GW_FootFault,3.333333333,0.0,100.0,True,False,False
SP_T1_33_3,7,Sham,MOp/MOs Sham,"SP-T1.2.4 (WT-PT-Sham, BDA, MRI-4wks)",C57BL/6J,GW_FootFault,0.833333333,0.0,100.0,True,False,False
SP_T1_33_3,14,Sham,MOp/MOs Sham,"SP-T1.2.4 (WT-PT-Sham, BDA, MRI-4wks)",C57BL/6J,GW_FootFault,5.0,0.0,100.0,True,False,False
SP_T1_33_3,21,Sham,MOp/MOs Sham,"SP-T1.2.4 (WT-PT-Sham, BDA, MRI-4wks)",C57BL/6J,GW_FootFault,4.166666667,0.0,100.0,True,False,False
SP_T1_33_3,28,Sham,MOp/MOs Sham,"SP-T1.2.4 (WT-PT-Sham, BDA, MRI-4wks)",C57BL/6J,GW_FootFault,1.666666667,0.0,100.0,True,False,False
SP_T1_33_4,0,Sham,MOp/MOs Sham,"SP-T1.2.4 (WT-PT-Sham, BDA, MRI-4wks)",C57BL/6J,GW_FootFault,5.833333333,0.0,100.0,True,False,False
SP_T1_33_4,3,Sham,MOp/MOs Sham,"SP-T1.2.4 (WT-PT-Sham, BDA, MRI-4wks)",C57BL/6J,GW_FootFault,5.0,0.0,100.0,True,False,False
SP_T1_33_4,7,Sham,MOp/MOs Sham,"SP-T1.2.4 (WT-PT-Sham, BDA, MRI-4wks)",C57BL/6J,GW_FootFault,3.333333333,0.0,100.0,True,False,False
SP_T1_33_4,14,Sham,MOp/MOs Sham,"SP-T1.2.4 (WT-PT-Sham, BDA, MRI-4wks)",C57BL/6J,GW_FootFault,3.333333333,0.0,100.0,True,False,False
SP_T1_33_4,21,Sham,MOp/MOs Sham,"SP-T1.2.4 (WT-PT-Sham, BDA, MRI-4wks)",C57BL/6J,GW_FootFault,3.333333333,0.0,100.0,True,False,False
SP_T1_33_4,28,Sham,MOp/MOs Sham,"SP-T1.2.4 (WT-PT-Sham, BDA, MRI-4wks)",C57BL/6J,GW_FootFault,4.166666667,0.0,100.0,True,False,False
SP_T1_3_1,0,Stroke,MOp/MOs (small),"SP-T1.2.1 (WT-PT, CTB 488, MRI-1wks)",C57BL/6J,GW_FootFault,2.721088435,0.0,100.0,True,False,False
SP_T1_3_1,3,Stroke,MOp/MOs (small),"SP-T1.2.1 (WT-PT, CTB 488, MRI-1wks)",C57BL/6J,GW_FootFault,17.34693878,0.0,100.0,True,False,False
SP_T1_3_1,7,Stroke,MOp/MOs (small),"SP-T1.2.1 (WT-PT, CTB 488, MRI-1wks)",C57BL/6J,GW_FootFault,11.11111111,0.0,100.0,True,False,False
SP_T1_3_2,0,Stroke,MOp/MOs (small),"SP-T1.2.1 (WT-PT, CTB 488, MRI-1wks)",C57BL/6J,GW_FootFault,3.636363636,0.0,100.0,True,False,False
SP_T1_3_2,3,Stroke,MOp/MOs (small),"SP-T1.2.1 (WT-PT, CTB 488, MRI-1wks)",C57BL/6J,GW_FootFault,13.86138614,0.0,100.0,True,False,False
SP_T1_3_2,7,Stroke,MOp/MOs (small),"SP-T1.2.1 (WT-PT, CTB 488, MRI-1wks)",C57BL/6J,GW_FootFault,14.01869159,0.0,100.0,True,False,False
SP_T1_3_3,0,Stroke,MOp/MOs (small),"SP-T1.2.1 (WT-PT, CTB 488, MRI-1wks)",C57BL/6J,GW_FootFault,2.702702703,0.0,100.0,True,False,False
SP_T1_3_3,3,Stroke,MOp/MOs (small),"SP-T1.2.1 (WT-PT, CTB 488, MRI-1wks)",C57BL/6J,GW_FootFault,13.18681319,0.0,100.0,True,False,False
SP_T1_3_3,7,Stroke,MOp/MOs (small),"SP-T1.2.1 (WT-PT, CTB 488, MRI-1wks)",C57BL/6J,GW_FootFault,14.41441441,0.0,100.0,True,False,False
SP_T1_3_4,0,Stroke,MOp/MOs (small),"SP-T1.2.1 (WT-PT, CTB 488, MRI-1wks)",C57BL/6J,GW_FootFault,3.496503497,0.0,100.0,True,False,False
SP_T1_3_4,3,Stroke,MOp/MOs (small),"SP-T1.2.1 (WT-PT, CTB 488, MRI-1wks)",C57BL/6J,GW_FootFault,18.07228916,0.0,100.0,True,False,False
SP_T1_3_4,7,Stroke,MOp/MOs (small),"SP-T1.2.1 (WT-PT, CTB 488, MRI-1wks)",C57BL/6J,GW_FootFault,13.04347826,0.0,100.0,True,False,False
SP_T1_4_1,0,Stroke,MOp/MOs (small),"SP-T1.2.2 (WT-PT, CTB 488, CTB 568, MRI-4wks)",C57BL/6J,GW_FootFault,3.529411765,0.0,100.0,True,False,False
SP_T1_4_1,3,Stroke,MOp/MOs (small),"SP-T1.2.2 (WT-PT, CTB 488, CTB 568, MRI-4wks)",C57BL/6J,GW_FootFault,2.666666667,0.0,100.0,True,False,False
SP_T1_4_1,7,Stroke,MOp/MOs (small),"SP-T1.2.2 (WT-PT, CTB 488, CTB 568, MRI-4wks)",C57BL/6J,GW_FootFault,2.097902098,0.0,100.0,True,False,False
SP_T1_4_1,14,Stroke,MOp/MOs (small),"SP-T1.2.2 (WT-PT, CTB 488, CTB 568, MRI-4wks)",C57BL/6J,GW_FootFault,13.18681319,0.0,100.0,True,False,False
SP_T1_4_1,21,Stroke,MOp/MOs (small),"SP-T1.2.2 (WT-PT, CTB 488, CTB 568, MRI-4wks)",C57BL/6J,GW_FootFault,7.01754386,0.0,100.0,True,False,False
SP_T1_4_1,28,Stroke,MOp/MOs (small),"SP-T1.2.2 (WT-PT, CTB 488, CTB 568, MRI-4wks)",C57BL/6J,GW_FootFault,8.695652174,0.0,100.0,True,False,False
SP_T1_4_2,0,Stroke,MOp/MOs (small),"SP-T1.2.2 (WT-PT, CTB 488, CTB 568, MRI-4wks)",C57BL/6J,GW_FootFault,3.797468354,0.0,100.0,True,False,False
SP_T1_4_2,3,Stroke,MOp/MOs (small),"SP-T1.2.2 (WT-PT, CTB 488, CTB 568, MRI-4wks)",C57BL/6J,GW_FootFault,12.03703704,0.0,100.0,True,False,False
SP_T1_4_2,7,Stroke,MOp/MOs (small),"SP-T1.2.2 (WT-PT, CTB 488, CTB 568, MRI-4wks)",C57BL/6J,GW_FootFault,12.30769231,0.0,100.0,True,False,False
SP_T1_4_2,14,Stroke,MOp/MOs (small),"SP-T1.2.2 (WT-PT, CTB 488, CTB 568, MRI-4wks)",C57BL/6J,GW_FootFault,10.6557377,0.0,100.0,True,False,False
SP_T1_4_2,21,Stroke,MOp/MOs (small),"SP-T1.2.2 (WT-PT, CTB 488, CTB 568, MRI-4wks)",C57BL/6J,GW_FootFault,9.375,0.0,100.0,True,False,False
SP_T1_4_2,28,Stroke,MOp/MOs (small),"SP-T1.2.2 (WT-PT, CTB 488, CTB 568, MRI-4wks)",C57BL/6J,GW_FootFault,11.11111111,0.0,100.0,True,False,False
SP_T1_4_3,0,Stroke,MOp/MOs (small),"SP-T1.2.2 (WT-PT, CTB 488, CTB 568, MRI-4wks)",C57BL/6J,GW_FootFault,2.777777778,0.0,100.0,True,False,False
SP_T1_4_3,3,Stroke,MOp/MOs (small),"SP-T1.2.2 (WT-PT, CTB 488, CTB 568, MRI-4wks)",C57BL/6J,GW_FootFault,19.04761905,0.0,100.0,True,False,False
SP_T1_4_3,7,Stroke,MOp/MOs (small),"SP-T1.2.2 (WT-PT, CTB 488, CTB 568, MRI-4wks)",C57BL/6J,GW_FootFault,19.56521739,0.0,100.0,True,False,False
SP_T1_4_3,14,Stroke,MOp/MOs (small),"SP-T1.2.2 (WT-PT, CTB 488, CTB 568, MRI-4wks)",C57BL/6J,GW_FootFault,13.46153846,0.0,100.0,True,False,False
SP_T1_4_3,21,Stroke,MOp/MOs (small),"SP-T1.2.2 (WT-PT, CTB 488, CTB 568, MRI-4wks)",C57BL/6J,GW_FootFault,2.380952381,0.0,100.0,True,False,False
SP_T1_4_3,28,Stroke,MOp/MOs (small),"SP-T1.2.2 (WT-PT, CTB 488, CTB 568, MRI-4wks)",C57BL/6J,GW_FootFault,11.66666667,0.0,100.0,True,False,False
SP_T1_6_1,0,Stroke,MOp/MOs (small),"SP-T1.2.2 (WT-PT, CTB 488, CTB 568, MRI-4wks)",C57BL/6J,GW_FootFault,1.886792453,0.0,100.0,True,False,False
SP_T1_6_1,3,Stroke,MOp/MOs (small),"SP-T1.2.2 (WT-PT, CTB 488, CTB 568, MRI-4wks)",C57BL/6J,GW_FootFault,24.03846154,0.0,100.0,True,False,False
SP_T1_6_1,7,Stroke,MOp/MOs (small),"SP-T1.2.2 (WT-PT, CTB 488, CTB 568, MRI-4wks)",C57BL/6J,GW_FootFault,10.71428571,0.0,100.0,True,False,False
SP_T1_6_1,14,Stroke,MOp/MOs (small),"SP-T1.2.2 (WT-PT, CTB 488, CTB 568, MRI-4wks)",C57BL/6J,GW_FootFault,12.65822785,0.0,100.0,True,False,False
SP_T1_6_1,21,Stroke,MOp/MOs (small),"SP-T1.2.2 (WT-PT, CTB 488, CTB 568, MRI-4wks)",C57BL/6J,GW_FootFault,10.0,0.0,100.0,True,False,False
SP_T1_6_1,28,Stroke,MOp/MOs (small),"SP-T1.2.2 (WT-PT, CTB 488, CTB 568, MRI-4wks)",C57BL/6J,GW_FootFault,9.375,0.0,100.0,True,False,False
SP_T1_7_1,0,Stroke,MOp/MOs (small),"SP-T1.2.2 (WT-PT, CTB 488, CTB 568, MRI-4wks)",C57BL/6J,GW_FootFault,1.212121212,0.0,100.0,True,False,False
SP_T1_7_1,3,Stroke,MOp/MOs (small),"SP-T1.2.2 (WT-PT, CTB 488, CTB 568, MRI-4wks)",C57BL/6J,GW_FootFault,24.7706422,0.0,100.0,True,False,False
SP_T1_7_1,14,Stroke,MOp/MOs (small),"SP-T1.2.2 (WT-PT, CTB 488, CTB 568, MRI-4wks)",C57BL/6J,GW_FootFault,25.68807339,0.0,100.0,True,False,False
SP_T1_7_1,21,Stroke,MOp/MOs (small),"SP-T1.2.2 (WT-PT, CTB 488, CTB 568, MRI-4wks)",C57BL/6J,GW_FootFault,18.3908046,0.0,100.0,True,False,False
SP_T1_7_1,28,Stroke,MOp/MOs (small),"SP-T1.2.2 (WT-PT, CTB 488, CTB 568, MRI-4wks)",C57BL/6J,GW_FootFault,15.83333333,0.0,100.0,True,False,False
SP_V1_10_1,0,Stroke,MOp/MOs (small),SP-V1.3.1 (WT-PT-4wks),C57BL/6J,GW_FootFault,2.068965517,0.0,100.0,True,False,False
SP_V1_10_1,3,Stroke,MOp/MOs (small),SP-V1.3.1 (WT-PT-4wks),C57BL/6J,GW_FootFault,20.0,0.0,100.0,True,False,False
SP_V1_10_1,7,Stroke,MOp/MOs (small),SP-V1.3.1 (WT-PT-4wks),C57BL/6J,GW_FootFault,20.27027027,0.0,100.0,True,False,False
SP_V1_10_1,14,Stroke,MOp/MOs (small),SP-V1.3.1 (WT-PT-4wks),C57BL/6J,GW_FootFault,18.62068966,0.0,100.0,True,False,False
SP_V1_10_1,21,Stroke,MOp/MOs (small),SP-V1.3.1 (WT-PT-4wks),C57BL/6J,GW_FootFault,14.51612903,0.0,100.0,True,False,False
SP_V1_10_1,28,Stroke,MOp/MOs (small),SP-V1.3.1 (WT-PT-4wks),C57BL/6J,GW_FootFault,17.79661017,0.0,100.0,True,False,False
SP_V1_10_2,0,Stroke,MOp/MOs (small),SP-V1.3.1 (WT-PT-4wks),C57BL/6J,GW_FootFault,3.773584906,0.0,100.0,True,False,False
SP_V1_10_2,3,Stroke,MOp/MOs (small),SP-V1.3.1 (WT-PT-4wks),C57BL/6J,GW_FootFault,10.58201058,0.0,100.0,True,False,False
SP_V1_10_2,7,Stroke,MOp/MOs (small),SP-V1.3.1 (WT-PT-4wks),C57BL/6J,GW_FootFault,6.132075472,0.0,100.0,True,False,False
SP_V1_10_3,0,Sham,MOp/MOs Sham,SP-V1.3.2 (WT-PT-Sham-4wks),C57BL/6J,GW_FootFault,2.339181287,0.0,100.0,True,False,False
SP_V1_10_3,3,Sham,MOp/MOs Sham,SP-V1.3.2 (WT-PT-Sham-4wks),C57BL/6J,GW_FootFault,4.048582996,0.0,100.0,True,False,False
SP_V1_10_3,7,Sham,MOp/MOs Sham,SP-V1.3.2 (WT-PT-Sham-4wks),C57BL/6J,GW_FootFault,2.89017341,0.0,100.0,True,False,False
SP_V1_10_3,14,Sham,MOp/MOs Sham,SP-V1.3.2 (WT-PT-Sham-4wks),C57BL/6J,GW_FootFault,2.824858757,0.0,100.0,True,False,False
SP_V1_10_3,21,Sham,MOp/MOs Sham,SP-V1.3.2 (WT-PT-Sham-4wks),C57BL/6J,GW_FootFault,3.636363636,0.0,100.0,True,False,False
SP_V1_10_3,28,Sham,MOp/MOs Sham,SP-V1.3.2 (WT-PT-Sham-4wks),C57BL/6J,GW_FootFault,2.112676056,0.0,100.0,True,False,False
SP_V1_10_4,0,Sham,MOp/MOs Sham,SP-V1.3.2 (WT-PT-Sham-4wks),C57BL/6J,GW_FootFault,2.051282051,0.0,100.0,True,False,False
SP_V1_10_4,3,Sham,MOp/MOs Sham,SP-V1.3.2 (WT-PT-Sham-4wks),C57BL/6J,GW_FootFault,2.450980392,0.0,100.0,True,False,False
SP_V1_10_4,7,Sham,MOp/MOs Sham,SP-V1.3.2 (WT-PT-Sham-4wks),C57BL/6J,GW_FootFault,2.272727273,0.0,100.0,True,False,False
SP_V1_10_4,14,Sham,MOp/MOs Sham,SP-V1.3.2 (WT-PT-Sham-4wks),C57BL/6J,GW_FootFault,1.960784314,0.0,100.0,True,False,False
SP_V1_10_4,21,Sham,MOp/MOs Sham,SP-V1.3.2 (WT-PT-Sham-4wks),C57BL/6J,GW_FootFault,3.076923077,0.0,100.0,True,False,False
SP_V1_10_4,28,Sham,MOp/MOs Sham,SP-V1.3.2 (WT-PT-Sham-4wks),C57BL/6J,GW_FootFault,1.809954751,0.0,100.0,True,False,False
SP_V1_11_1,3,Stroke,MOp/MOs (large),SP-V1.3.1 (WT-PT-4wks),C57BL/6J,GW_FootFault,5.0,0.0,100.0,True,False,False
SP_V1_11_1,7,Stroke,MOp/MOs (large),SP-V1.3.1 (WT-PT-4wks),C57BL/6J,GW_FootFault,6.0,0.0,100.0,True,False,False
SP_V1_11_1,14,Stroke,MOp/MOs (large),SP-V1.3.1 (WT-PT-4wks),C57BL/6J,GW_FootFault,8.0,0.0,100.0,True,False,False
SP_V1_11_1,21,Stroke,MOp/MOs (large),SP-V1.3.1 (WT-PT-4wks),C57BL/6J,GW_FootFault,10.0,0.0,100.0,True,False,False
SP_V1_11_1,28,Stroke,MOp/MOs (large),SP-V1.3.1 (WT-PT-4wks),C57BL/6J,GW_FootFault,10.0,0.0,100.0,True,False,False
SP_V1_11_2,0,Stroke,MOp/MOs (large),SP-V1.3.1 (WT-PT-4wks),C57BL/6J,GW_FootFault,4.0,0.0,100.0,True,False,False
SP_V1_11_2,3,Stroke,MOp/MOs (large),SP-V1.3.1 (WT-PT-4wks),C57BL/6J,GW_FootFault,4.0,0.0,100.0,True,False,False
SP_V1_11_2,14,Stroke,MOp/MOs (large),SP-V1.3.1 (WT-PT-4wks),C57BL/6J,GW_FootFault,5.0,0.0,100.0,True,False,False
SP_V1_11_2,21,Stroke,MOp/MOs (large),SP-V1.3.1 (WT-PT-4wks),C57BL/6J,GW_FootFault,4.0,0.0,100.0,True,False,False
SP_V1_11_2,28,Stroke,MOp/MOs (large),SP-V1.3.1 (WT-PT-4wks),C57BL/6J,GW_FootFault,5.333333333,0.0,100.0,True,False,False
SP_V1_11_4,0,Sham,MOp/MOs Sham,SP-V1.3.2 (WT-PT-Sham-4wks),C57BL/6J,GW_FootFault,5.0,0.0,100.0,True,False,False
SP_V1_11_4,3,Sham,MOp/MOs Sham,SP-V1.3.2 (WT-PT-Sham-4wks),C57BL/6J,GW_FootFault,3.0,0.0,100.0,True,False,False
SP_V1_11_4,14,Sham,MOp/MOs Sham,SP-V1.3.2 (WT-PT-Sham-4wks),C57BL/6J,GW_FootFault,3.0,0.0,100.0,True,False,False
SP_V1_11_4,21,Sham,MOp/MOs Sham,SP-V1.3.2 (WT-PT-Sham-4wks),C57BL/6J,GW_FootFault,3.0,0.0,100.0,True,False,False
SP_V1_11_4,28,Sham,MOp/MOs Sham,SP-V1.3.2 (WT-PT-Sham-4wks),C57BL/6J,GW_FootFault,3.333333333,0.0,100.0,True,False,False
SP_V1_11_5,0,Sham,MOp/MOs Sham,SP-V1.1.1 (WT-MCAO-4wks),C57BL/6J,GW_FootFault,5.0,0.0,100.0,True,False,False
SP_V1_11_5,3,Sham,MOp/MOs Sham,SP-V1.1.1 (WT-MCAO-4wks),C57BL/6J,GW_FootFault,4.0,0.0,100.0,True,False,False
SP_V1_11_5,14,Sham,MOp/MOs Sham,SP-V1.1.1 (WT-MCAO-4wks),C57BL/6J,GW_FootFault,3.0,0.0,100.0,True,False,False
SP_V1_11_5,21,Sham,MOp/MOs Sham,SP-V1.1.1 (WT-MCAO-4wks),C57BL/6J,GW_FootFault,4.0,0.0,100.0,True,False,False
SP_V1_11_5,28,Sham,MOp/MOs Sham,SP-V1.1.1 (WT-MCAO-4wks),C57BL/6J,GW_FootFault,1.824817518,0.0,100.0,True,False,False
SP_V1_1_1,0,Stroke,MOp/MOs (large),SP-V1.3.1 (WT-PT-4wks),C57BL/6J,GW_FootFault,2.870813397,0.0,100.0,True,False,False
SP_V1_1_1,3,Stroke,MOp/MOs (large),SP-V1.3.1 (WT-PT-4wks),C57BL/6J,GW_FootFault,29.31034483,0.0,100.0,True,False,False
SP_V1_1_1,7,Stroke,MOp/MOs (large),SP-V1.3.1 (WT-PT-4wks),C57BL/6J,GW_FootFault,28.94880174,0.0,100.0,True,False,False
SP_V1_1_1,14,Stroke,MOp/MOs (large),SP-V1.3.1 (WT-PT-4wks),C57BL/6J,GW_FootFault,23.45679012,0.0,100.0,True,False,False
SP_V1_1_1,21,Stroke,MOp/MOs (large),SP-V1.3.1 (WT-PT-4wks),C57BL/6J,GW_FootFault,16.66666667,0.0,100.0,True,False,False
SP_V1_1_1,28,Stroke,MOp/MOs (large),SP-V1.3.1 (WT-PT-4wks),C57BL/6J,GW_FootFault,19.04761905,0.0,100.0,True,False,False
SP_V1_1_3,0,Stroke,MOp/MOs (large),SP-V1.3.1 (WT-PT-4wks),C57BL/6J,GW_FootFault,1.639344262,0.0,100.0,True,False,False
SP_V1_1_3,3,Stroke,MOp/MOs (large),SP-V1.3.1 (WT-PT-4wks),C57BL/6J,GW_FootFault,22.3880597,0.0,100.0,True,False,False
SP_V1_1_3,7,Stroke,MOp/MOs (large),SP-V1.3.1 (WT-PT-4wks),C57BL/6J,GW_FootFault,21.62162162,0.0,100.0,True,False,False
SP_V1_1_3,14,Stroke,MOp/MOs (large),SP-V1.3.1 (WT-PT-4wks),C57BL/6J,GW_FootFault,19.58762887,0.0,100.0,True,False,False
SP_V1_1_3,21,Stroke,MOp/MOs (large),SP-V1.3.1 (WT-PT-4wks),C57BL/6J,GW_FootFault,17.24137931,0.0,100.0,True,False,False
SP_V1_1_3,28,Stroke,MOp/MOs (large),SP-V1.3.1 (WT-PT-4wks),C57BL/6J,GW_FootFault,17.77777778,0.0,100.0,True,False,False
SP_V1_1_4,0,Sham,MOp/MOs Sham,SP-V1.3.2 (WT-PT-Sham-4wks),C57BL/6J,GW_FootFault,1.242236025,0.0,100.0,True,False,False
SP_V1_1_4,3,Sham,MOp/MOs Sham,SP-V1.3.2 (WT-PT-Sham-4wks),C57BL/6J,GW_FootFault,6.29984051,0.0,100.0,True,False,False
SP_V1_1_4,7,Sham,MOp/MOs Sham,SP-V1.3.2 (WT-PT-Sham-4wks),C57BL/6J,GW_FootFault,6.907378336,0.0,100.0,True,False,False
SP_V1_1_4,14,Sham,MOp/MOs Sham,SP-V1.3.2 (WT-PT-Sham-4wks),C57BL/6J,GW_FootFault,6.102040816,0.0,100.0,True,False,False
SP_V1_1_4,21,Sham,MOp/MOs Sham,SP-V1.3.2 (WT-PT-Sham-4wks),C57BL/6J,GW_FootFault,6.632653061,0.0,100.0,True,False,False
SP_V1_1_4,28,Sham,MOp/MOs Sham,SP-V1.3.2 (WT-PT-Sham-4wks),C57BL/6J,GW_FootFault,6.451612903,0.0,100.0,True,False,False
SP_V1_1_5,0,Sham,MOp/MOs Sham,SP-V1.3.2 (WT-PT-Sham-4wks),C57BL/6J,GW_FootFault,1.694915254,0.0,100.0,True,False,False
SP_V1_1_5,3,Sham,MOp/MOs Sham,SP-V1.3.2 (WT-PT-Sham-4wks),C57BL/6J,GW_FootFault,2.721088435,0.0,100.0,True,False,False
SP_V1_1_5,7,Sham,MOp/MOs Sham,SP-V1.3.2 (WT-PT-Sham-4wks),C57BL/6J,GW_FootFault,4.343869732,0.0,100.0,True,False,False
SP_V1_1_5,14,Sham,MOp/MOs Sham,SP-V1.3.2 (WT-PT-Sham-4wks),C57BL/6J,GW_FootFault,5.833333333,0.0,100.0,True,False,False
SP_V1_1_5,21,Sham,MOp/MOs Sham,SP-V1.3.2 (WT-PT-Sham-4wks),C57BL/6J,GW_FootFault,5.329624943,0.0,100.0,True,False,False
SP_V1_1_5,28,Sham,MOp/MOs Sham,SP-V1.3.2 (WT-PT-Sham-4wks),C57BL/6J,GW_FootFault,6.777530181,0.0,100.0,True,False,False
SP_V1_2_1,0,Stroke,MOp/MOs (large),SP-V1.3.1 (WT-PT-4wks),C57BL/6J,GW_FootFault,2.142857143,0.0,100.0,True,False,False
SP_V1_2_1,3,Stroke,MOp/MOs (large),SP-V1.3.1 (WT-PT-4wks),C57BL/6J,GW_FootFault,27.27272727,0.0,100.0,True,False,False
SP_V1_2_1,7,Stroke,MOp/MOs (large),SP-V1.3.1 (WT-PT-4wks),C57BL/6J,GW_FootFault,19.64285714,0.0,100.0,True,False,False
SP_V1_2_1,14,Stroke,MOp/MOs (large),SP-V1.3.1 (WT-PT-4wks),C57BL/6J,GW_FootFault,18.18181818,0.0,100.0,True,False,False
SP_V1_2_1,21,Stroke,MOp/MOs (large),SP-V1.3.1 (WT-PT-4wks),C57BL/6J,GW_FootFault,14.55696203,0.0,100.0,True,False,False
SP_V1_2_1,28,Stroke,MOp/MOs (large),SP-V1.3.1 (WT-PT-4wks),C57BL/6J,GW_FootFault,10.29411765,0.0,100.0,True,False,False
SP_V1_2_2,0,Stroke,MOp/MOs (large),SP-V1.3.1 (WT-PT-4wks),C57BL/6J,GW_FootFault,2.0,0.0,100.0,True,False,False
SP_V1_2_2,3,Stroke,MOp/MOs (large),SP-V1.3.1 (WT-PT-4wks),C57BL/6J,GW_FootFault,26.66666667,0.0,100.0,True,False,False
SP_V1_2_2,7,Stroke,MOp/MOs (large),SP-V1.3.1 (WT-PT-4wks),C57BL/6J,GW_FootFault,21.21212121,0.0,100.0,True,False,False
SP_V1_2_2,14,Stroke,MOp/MOs (large),SP-V1.3.1 (WT-PT-4wks),C57BL/6J,GW_FootFault,17.11711712,0.0,100.0,True,False,False
SP_V1_2_2,28,Stroke,MOp/MOs (large),SP-V1.3.1 (WT-PT-4wks),C57BL/6J,GW_FootFault,15.51724138,0.0,100.0,True,False,False
SP_V1_6_1,0,Stroke,MOp/MOs (small),SP-V1.3.1 (WT-PT-4wks),C57BL/6J,GW_FootFault,4.395604396,0.0,100.0,True,False,False
SP_V1_6_1,3,Stroke,MOp/MOs (small),SP-V1.3.1 (WT-PT-4wks),C57BL/6J,GW_FootFault,19.64285714,0.0,100.0,True,False,False
SP_V1_6_1,7,Stroke,MOp/MOs (small),SP-V1.3.1 (WT-PT-4wks),C57BL/6J,GW_FootFault,15.0,0.0,100.0,True,False,False
SP_V1_6_1,14,Stroke,MOp/MOs (small),SP-V1.3.1 (WT-PT-4wks),C57BL/6J,GW_FootFault,17.94871795,0.0,100.0,True,False,False
SP_V1_6_1,21,Stroke,MOp/MOs (small),SP-V1.3.1 (WT-PT-4wks),C57BL/6J,GW_FootFault,14.28571429,0.0,100.0,True,False,False
SP_V1_6_1,28,Stroke,MOp/MOs (small),SP-V1.3.1 (WT-PT-4wks),C57BL/6J,GW_FootFault,10.0,0.0,100.0,True,False,False
SP_V1_6_2,0,Stroke,MOp/MOs (small),SP-V1.3.1 (WT-PT-4wks),C57BL/6J,GW_FootFault,2.105263158,0.0,100.0,True,False,False
SP_V1_6_2,3,Stroke,MOp/MOs (small),SP-V1.3.1 (WT-PT-4wks),C57BL/6J,GW_FootFault,16.66666667,0.0,100.0,True,False,False
SP_V1_6_2,7,Stroke,MOp/MOs (small),SP-V1.3.1 (WT-PT-4wks),C57BL/6J,GW_FootFault,14.66666667,0.0,100.0,True,False,False
SP_V1_6_2,14,Stroke,MOp/MOs (small),SP-V1.3.1 (WT-PT-4wks),C57BL/6J,GW_FootFault,10.44776119,0.0,100.0,True,False,False
SP_V1_6_2,21,Stroke,MOp/MOs (small),SP-V1.3.1 (WT-PT-4wks),C57BL/6J,GW_FootFault,11.50442478,0.0,100.0,True,False,False
SP_V1_6_2,28,Stroke,MOp/MOs (small),SP-V1.3.1 (WT-PT-4wks),C57BL/6J,GW_FootFault,11.30434783,0.0,100.0,True,False,False
SP_V1_8_2,0,Stroke,MOp/MOs (large),SP-V1.3.1 (WT-PT-4wks),C57BL/6J,GW_FootFault,3.076923077,0.0,100.0,True,False,False
SP_V1_8_2,3,Stroke,MOp/MOs (large),SP-V1.3.1 (WT-PT-4wks),C57BL/6J,GW_FootFault,21.33333333,0.0,100.0,True,False,False
SP_V1_8_2,7,Stroke,MOp/MOs (large),SP-V1.3.1 (WT-PT-4wks),C57BL/6J,GW_FootFault,16.43835616,0.0,100.0,True,False,False
SP_V1_8_2,14,Stroke,MOp/MOs (large),SP-V1.3.1 (WT-PT-4wks),C57BL/6J,GW_FootFault,12.24489796,0.0,100.0,True,False,False
SP_V1_8_2,21,Stroke,MOp/MOs (large),SP-V1.3.1 (WT-PT-4wks),C57BL/6J,GW_FootFault,20.0,0.0,100.0,True,False,False
SP_V1_8_2,28,Stroke,MOp/MOs (large),SP-V1.3.1 (WT-PT-4wks),C57BL/6J,GW_FootFault,17.80821918,0.0,100.0,True,False,False
SP_V1_9_1,0,Stroke,MOp/MOs (large),SP-V1.3.1 (WT-PT-4wks),C57BL/6J,GW_FootFault,2.666666667,0.0,100.0,True,False,False
SP_V1_9_1,3,Stroke,MOp/MOs (large),SP-V1.3.1 (WT-PT-4wks),C57BL/6J,GW_FootFault,16.96428571,0.0,100.0,True,False,False
SP_V1_9_1,7,Stroke,MOp/MOs (large),SP-V1.3.1 (WT-PT-4wks),C57BL/6J,GW_FootFault,19.49685535,0.0,100.0,True,False,False
SP_V1_9_1,14,Stroke,MOp/MOs (large),SP-V1.3.1 (WT-PT-4wks),C57BL/6J,GW_FootFault,14.18918919,0.0,100.0,True,False,False
SP_V1_9_1,21,Stroke,MOp/MOs (large),SP-V1.3.1 (WT-PT-4wks),C57BL/6J,GW_FootFault,15.625,0.0,100.0,True,False,False
SP_V1_9_1,28,Stroke,MOp/MOs (large),SP-V1.3.1 (WT-PT-4wks),C57BL/6J,GW_FootFault,12.74509804,0.0,100.0,True,False,False
SP_V1_9_2,0,Stroke,MOp/MOs (large),SP-V1.3.1 (WT-PT-4wks),C57BL/6J,GW_FootFault,0.632911392,0.0,100.0,True,False,False
SP_V1_9_2,3,Stroke,MOp/MOs (large),SP-V1.3.1 (WT-PT-4wks),C57BL/6J,GW_FootFault,9.895833333,0.0,100.0,True,False,False
SP_V1_9_2,7,Stroke,MOp/MOs (large),SP-V1.3.1 (WT-PT-4wks),C57BL/6J,GW_FootFault,3.448275862,0.0,100.0,True,False,False
SP_V1_9_2,14,Stroke,MOp/MOs (large),SP-V1.3.1 (WT-PT-4wks),C57BL/6J,GW_FootFault,4.166666667,0.0,100.0,True,False,False
SRs1i7c4m1,7,Stroke,MOp/MOs (large),SR-T1.7 (WT-PT-8wks),C57BL/6J,GW_FootFault,15.83333333,0.0,100.0,True,False,False
SRs1i7c4m1,28,Stroke,MOp/MOs (large),SR-T1.7 (WT-PT-8wks),C57BL/6J,GW_FootFault,12.5,0.0,100.0,True,False,False
SRs1i7c4m1,42,Stroke,MOp/MOs (large),SR-T1.7 (WT-PT-8wks),C57BL/6J,GW_FootFault,19.16666667,0.0,100.0,True,False,False
SRs1i7c4m1,56,Stroke,MOp/MOs (large),SR-T1.7 (WT-PT-8wks),C57BL/6J,GW_FootFault,8.333333333,0.0,100.0,True,False,False
SRs1i7c4m2,3,Stroke,MOp/MOs (large),SR-T1.7 (WT-PT-8wks),C57BL/6J,GW_FootFault,41.02564103,0.0,100.0,True,False,False
SRs1i7c4m2,7,Stroke,MOp/MOs (large),SR-T1.7 (WT-PT-8wks),C57BL/6J,GW_FootFault,30.0,0.0,100.0,True,False,False
SRs1i7c4m2,28,Stroke,MOp/MOs (large),SR-T1.7 (WT-PT-8wks),C57BL/6J,GW_FootFault,13.33333333,0.0,100.0,True,False,False
SRs1i7c4m2,42,Stroke,MOp/MOs (large),SR-T1.7 (WT-PT-8wks),C57BL/6J,GW_FootFault,17.5,0.0,100.0,True,False,False
SRs1i7c4m2,56,Stroke,MOp/MOs (large),SR-T1.7 (WT-PT-8wks),C57BL/6J,GW_FootFault,12.5,0.0,100.0,True,False,False
SRs1i7c4m3,3,Stroke,MOp/MOs (large),SR-T1.7 (WT-PT-8wks),C57BL/6J,GW_FootFault,40.83333333,0.0,100.0,True,False,False
SRs1i7c4m3,7,Stroke,MOp/MOs (large),SR-T1.7 (WT-PT-8wks),C57BL/6J,GW_FootFault,11.66666667,0.0,100.0,True,False,False
SRs1i7c4m3,28,Stroke,MOp/MOs (large),SR-T1.7 (WT-PT-8wks),C57BL/6J,GW_FootFault,11.66666667,0.0,100.0,True,False,False
SRs1i7c4m3,42,Stroke,MOp/MOs (large),SR-T1.7 (WT-PT-8wks),C57BL/6J,GW_FootFault,7.5,0.0,100.0,True,False,False
SRs1i7c4m3,56,Stroke,MOp/MOs (large),SR-T1.7 (WT-PT-8wks),C57BL/6J,GW_FootFault,6.666666667,0.0,100.0,True,False,False
SRs1i7c4m4,3,Stroke,MOp/MOs (large),SR-T1.7 (WT-PT-8wks),C57BL/6J,GW_FootFault,16.66666667,0.0,100.0,True,False,False
SRs1i7c4m4,7,Stroke,MOp/MOs (large),SR-T1.7 (WT-PT-8wks),C57BL/6J,GW_FootFault,16.66666667,0.0,100.0,True,False,False
SRs1i7c4m4,28,Stroke,MOp/MOs (large),SR-T1.7 (WT-PT-8wks),C57BL/6J,GW_FootFault,10.0,0.0,100.0,True,False,False
SRs1i7c4m4,42,Stroke,MOp/MOs (large),SR-T1.7 (WT-PT-8wks),C57BL/6J,GW_FootFault,6.666666667,0.0,100.0,True,False,False
SRs1i7c4m4,56,Stroke,MOp/MOs (large),SR-T1.7 (WT-PT-8wks),C57BL/6J,GW_FootFault,8.333333333,0.0,100.0,True,False,False
SRs1i7c4m5,7,Stroke,MOp/MOs (large),SR-T1.7 (WT-PT-8wks),C57BL/6J,GW_FootFault,32.5,0.0,100.0,True,False,False
SRs1i7c4m5,28,Stroke,MOp/MOs (large),SR-T1.7 (WT-PT-8wks),C57BL/6J,GW_FootFault,20.0,0.0,100.0,True,False,False
SRs1i7c4m5,56,Stroke,MOp/MOs (large),SR-T1.7 (WT-PT-8wks),C57BL/6J,GW_FootFault,13.33333333,0.0,100.0,True,False,False
SRs1i7c5m1,3,Stroke,MOp/MOs (large),SR-T1.7 (WT-PT-8wks),C57BL/6J,GW_FootFault,29.16666667,0.0,100.0,True,False,False
SRs1i7c5m1,7,Stroke,MOp/MOs (large),SR-T1.7 (WT-PT-8wks),C57BL/6J,GW_FootFault,15.83333333,0.0,100.0,True,False,False
SRs1i7c5m1,28,Stroke,MOp/MOs (large),SR-T1.7 (WT-PT-8wks),C57BL/6J,GW_FootFault,8.333333333,0.0,100.0,True,False,False
SRs1i7c5m1,42,Stroke,MOp/MOs (large),SR-T1.7 (WT-PT-8wks),C57BL/6J,GW_FootFault,14.16666667,0.0,100.0,True,False,False
SRs1i7c5m1,56,Stroke,MOp/MOs (large),SR-T1.7 (WT-PT-8wks),C57BL/6J,GW_FootFault,15.12605042,0.0,100.0,True,False,False
SRs1i7c5m3,3,Stroke,MOp/MOs (large),SR-T1.7 (WT-PT-8wks),C57BL/6J,GW_FootFault,36.66666667,0.0,100.0,True,False,False
SRs1i7c5m3,7,Stroke,MOp/MOs (large),SR-T1.7 (WT-PT-8wks),C57BL/6J,GW_FootFault,22.5,0.0,100.0,True,False,False
SRs1i7c5m3,28,Stroke,MOp/MOs (large),SR-T1.7 (WT-PT-8wks),C57BL/6J,GW_FootFault,15.0,0.0,100.0,True,False,False
SRs1i7c5m3,42,Stroke,MOp/MOs (large),SR-T1.7 (WT-PT-8wks),C57BL/6J,GW_FootFault,15.0,0.0,100.0,True,False,False
SRs1i7c5m4,7,Stroke,MOp/MOs (large),SR-T1.7 (WT-PT-8wks),C57BL/6J,GW_FootFault,32.5,0.0,100.0,True,False,False
SRs1i7c5m4,28,Stroke,MOp/MOs (large),SR-T1.7 (WT-PT-8wks),C57BL/6J,GW_FootFault,23.33333333,0.0,100.0,True,False,False
SRs1i7c5m4,56,Stroke,MOp/MOs (large),SR-T1.7 (WT-PT-8wks),C57BL/6J,GW_FootFault,8.333333333,0.0,100.0,True,False,False
SRs1i7c5m5,7,Stroke,MOp/MOs (large),SR-T1.7 (WT-PT-8wks),C57BL/6J,GW_FootFault,28.33333333,0.0,100.0,True,False,False
GV_T3_10_1,0,Stroke,MOp/MOs (large),GV-1 ,C57BL/6J,RB_HindlimbDrop,0.25,0.0,,True,False,False
GV_T3_10_1,3,Stroke,MOp/MOs (large),GV-1 ,C57BL/6J,RB_HindlimbDrop,0.2,0.0,,True,False,False
GV_T3_10_1,7,Stroke,MOp/MOs (large),GV-1 ,C57BL/6J,RB_HindlimbDrop,0.75,0.0,,True,False,False
GV_T3_10_1,14,Stroke,MOp/MOs (large),GV-1 ,C57BL/6J,RB_HindlimbDrop,0.5,0.0,,True,False,False
GV_T3_10_1,21,Stroke,MOp/MOs (large),GV-1 ,C57BL/6J,RB_HindlimbDrop,0.5,0.0,,True,False,False
GV_T3_10_1,28,Stroke,MOp/MOs (large),GV-1 ,C57BL/6J,RB_HindlimbDrop,0.25,0.0,,True,False,False
GV_T3_10_2,0,Stroke,MOp/MOs (large),GV-1 ,C57BL/6J,RB_HindlimbDrop,0.75,0.0,,True,False,False
GV_T3_10_2,3,Stroke,MOp/MOs (large),GV-1 ,C57BL/6J,RB_HindlimbDrop,2.75,0.0,,True,False,False
GV_T3_10_2,7,Stroke,MOp/MOs (large),GV-1 ,C57BL/6J,RB_HindlimbDrop,0.5,0.0,,True,False,False
GV_T3_10_2,14,Stroke,MOp/MOs (large),GV-1 ,C57BL/6J,RB_HindlimbDrop,1.25,0.0,,True,False,False
GV_T3_10_2,21,Stroke,MOp/MOs (large),GV-1 ,C57BL/6J,RB_HindlimbDrop,0.0,0.0,,True,True,False
GV_T3_10_4,0,Stroke,MOp/MOs (large),GV-1 ,C57BL/6J,RB_HindlimbDrop,0.5,0.0,,True,False,False
GV_T3_10_4,3,Stroke,MOp/MOs (large),GV-1 ,C57BL/6J,RB_HindlimbDrop,1.0,0.0,,True,False,False
GV_T3_10_4,14,Stroke,MOp/MOs (large),GV-1 ,C57BL/6J,RB_HindlimbDrop,1.25,0.0,,True,False,False
GV_T3_10_4,21,Stroke,MOp/MOs (large),GV-1 ,C57BL/6J,RB_HindlimbDrop,0.75,0.0,,True,False,False
GV_T3_11_2,0,Sham,MOp/MOs Sham,GV-1 ,C57BL/6J,RB_HindlimbDrop,0.75,0.0,,True,False,False
GV_T3_11_2,3,Sham,MOp/MOs Sham,GV-1 ,C57BL/6J,RB_HindlimbDrop,0.0,0.0,,True,True,False
GV_T3_11_3,0,Sham,MOp/MOs Sham,GV-1 ,C57BL/6J,RB_HindlimbDrop,0.25,0.0,,True,False,False
GV_T3_11_3,3,Sham,MOp/MOs Sham,GV-1 ,C57BL/6J,RB_HindlimbDrop,0.75,0.0,,True,False,False
GV_T3_11_3,14,Sham,MOp/MOs Sham,GV-1 ,C57BL/6J,RB_HindlimbDrop,0.75,0.0,,True,False,False
GV_T3_11_3,21,Sham,MOp/MOs Sham,GV-1 ,C57BL/6J,RB_HindlimbDrop,0.0,0.0,,True,True,False
GV_T3_11_4,0,Sham,MOp/MOs Sham,GV-1 ,C57BL/6J,RB_HindlimbDrop,1.25,0.0,,True,False,False
GV_T3_11_4,3,Sham,MOp/MOs Sham,GV-1 ,C57BL/6J,RB_HindlimbDrop,0.0,0.0,,True,True,False
GV_T3_11_4,14,Sham,MOp/MOs Sham,GV-1 ,C57BL/6J,RB_HindlimbDrop,0.0,0.0,,True,True,False
GV_T3_11_4,21,Sham,MOp/MOs Sham,GV-1 ,C57BL/6J,RB_HindlimbDrop,1.0,0.0,,True,False,False
GV_T3_12_1,0,Stroke,MOp/MOs (large),"GV-1.4 (WT-PT, C3a-8wks)",C57BL/6J,RB_HindlimbDrop,0.0,0.0,,True,True,False
GV_T3_12_1,3,Stroke,MOp/MOs (large),"GV-1.4 (WT-PT, C3a-8wks)",C57BL/6J,RB_HindlimbDrop,0.75,0.0,,True,False,False
GV_T3_12_1,7,Stroke,MOp/MOs (large),"GV-1.4 (WT-PT, C3a-8wks)",C57BL/6J,RB_HindlimbDrop,0.0,0.0,,True,True,False
GV_T3_12_1,14,Stroke,MOp/MOs (large),"GV-1.4 (WT-PT, C3a-8wks)",C57BL/6J,RB_HindlimbDrop,0.75,0.0,,True,False,False
GV_T3_12_1,28,Stroke,MOp/MOs (large),"GV-1.4 (WT-PT, C3a-8wks)",C57BL/6J,RB_HindlimbDrop,0.4,0.0,,True,False,False
GV_T3_12_1,42,Stroke,MOp/MOs (large),"GV-1.4 (WT-PT, C3a-8wks)",C57BL/6J,RB_HindlimbDrop,0.5,0.0,,True,False,False
GV_T3_12_1,56,Stroke,MOp/MOs (large),"GV-1.4 (WT-PT, C3a-8wks)",C57BL/6J,RB_HindlimbDrop,0.0,0.0,,True,True,False
GV_T3_12_2,0,Stroke,MOp/MOs (large),"GV-1.4 (WT-PT, C3a-8wks)",C57BL/6J,RB_HindlimbDrop,0.0,0.0,,True,True,False
GV_T3_12_2,3,Stroke,MOp/MOs (large),"GV-1.4 (WT-PT, C3a-8wks)",C57BL/6J,RB_HindlimbDrop,0.67,0.0,,True,False,False
GV_T3_12_2,7,Stroke,MOp/MOs (large),"GV-1.4 (WT-PT, C3a-8wks)",C57BL/6J,RB_HindlimbDrop,0.0,0.0,,True,True,False
GV_T3_12_2,14,Stroke,MOp/MOs (large),"GV-1.4 (WT-PT, C3a-8wks)",C57BL/6J,RB_HindlimbDrop,0.25,0.0,,True,False,False
GV_T3_12_2,28,Stroke,MOp/MOs (large),"GV-1.4 (WT-PT, C3a-8wks)",C57BL/6J,RB_HindlimbDrop,0.75,0.0,,True,False,False
GV_T3_12_2,56,Stroke,MOp/MOs (large),"GV-1.4 (WT-PT, C3a-8wks)",C57BL/6J,RB_HindlimbDrop,0.25,0.0,,True,False,False
GV_T3_12_3,0,Stroke,MOp/MOs (large),"GV-1.4 (WT-PT, C3a-8wks)",C57BL/6J,RB_HindlimbDrop,0.0,0.0,,True,True,False
GV_T3_12_3,3,Stroke,MOp/MOs (large),"GV-1.4 (WT-PT, C3a-8wks)",C57BL/6J,RB_HindlimbDrop,0.25,0.0,,True,False,False
GV_T3_12_3,7,Stroke,MOp/MOs (large),"GV-1.4 (WT-PT, C3a-8wks)",C57BL/6J,RB_HindlimbDrop,0.5,0.0,,True,False,False
GV_T3_12_3,14,Stroke,MOp/MOs (large),"GV-1.4 (WT-PT, C3a-8wks)",C57BL/6J,RB_HindlimbDrop,0.5,0.0,,True,False,False
GV_T3_12_3,28,Stroke,MOp/MOs (large),"GV-1.4 (WT-PT, C3a-8wks)",C57BL/6J,RB_HindlimbDrop,0.0,0.0,,True,True,False
GV_T3_12_3,42,Stroke,MOp/MOs (large),"GV-1.4 (WT-PT, C3a-8wks)",C57BL/6J,RB_HindlimbDrop,1.0,0.0,,True,False,False
GV_T3_12_3,56,Stroke,MOp/MOs (large),"GV-1.4 (WT-PT, C3a-8wks)",C57BL/6J,RB_HindlimbDrop,0.0,0.0,,True,True,False
GV_T3_13_1,0,Stroke,MOp/MOs (large),"GV-1.4 (WT-PT, C3a-8wks)",C57BL/6J,RB_HindlimbDrop,0.0,0.0,,True,True,False
GV_T3_13_1,3,Stroke,MOp/MOs (large),"GV-1.4 (WT-PT, C3a-8wks)",C57BL/6J,RB_HindlimbDrop,0.0,0.0,,True,True,False
GV_T3_13_1,7,Stroke,MOp/MOs (large),"GV-1.4 (WT-PT, C3a-8wks)",C57BL/6J,RB_HindlimbDrop,0.25,0.0,,True,False,False
GV_T3_13_1,14,Stroke,MOp/MOs (large),"GV-1.4 (WT-PT, C3a-8wks)",C57BL/6J,RB_HindlimbDrop,0.5,0.0,,True,False,False
GV_T3_13_1,28,Stroke,MOp/MOs (large),"GV-1.4 (WT-PT, C3a-8wks)",C57BL/6J,RB_HindlimbDrop,0.0,0.0,,True,True,False
GV_T3_13_1,56,Stroke,MOp/MOs (large),"GV-1.4 (WT-PT, C3a-8wks)",C57BL/6J,RB_HindlimbDrop,0.0,0.0,,True,True,False
GV_T3_13_2,0,Stroke,MOp/MOs (large),"GV-1.4 (WT-PT, C3a-8wks)",C57BL/6J,RB_HindlimbDrop,0.33,0.0,,True,False,False
GV_T3_13_2,3,Stroke,MOp/MOs (large),"GV-1.4 (WT-PT, C3a-8wks)",C57BL/6J,RB_HindlimbDrop,0.5,0.0,,True,False,False
GV_T3_13_2,7,Stroke,MOp/MOs (large),"GV-1.4 (WT-PT, C3a-8wks)",C57BL/6J,RB_HindlimbDrop,0.0,0.0,,True,True,False
GV_T3_13_2,14,Stroke,MOp/MOs (large),"GV-1.4 (WT-PT, C3a-8wks)",C57BL/6J,RB_HindlimbDrop,0.5,0.0,,True,False,False
GV_T3_13_2,28,Stroke,MOp/MOs (large),"GV-1.4 (WT-PT, C3a-8wks)",C57BL/6J,RB_HindlimbDrop,0.0,0.0,,True,True,False
GV_T3_13_2,42,Stroke,MOp/MOs (large),"GV-1.4 (WT-PT, C3a-8wks)",C57BL/6J,RB_HindlimbDrop,0.67,0.0,,True,False,False
GV_T3_13_2,56,Stroke,MOp/MOs (large),"GV-1.4 (WT-PT, C3a-8wks)",C57BL/6J,RB_HindlimbDrop,0.0,0.0,,True,True,False
GV_T3_13_3,0,Stroke,MOp/MOs (large),"GV-1.4 (WT-PT, C3a-8wks)",C57BL/6J,RB_HindlimbDrop,0.0,0.0,,True,True,False
GV_T3_13_3,3,Stroke,MOp/MOs (large),"GV-1.4 (WT-PT, C3a-8wks)",C57BL/6J,RB_HindlimbDrop,0.0,0.0,,True,True,False
GV_T3_13_3,7,Stroke,MOp/MOs (large),"GV-1.4 (WT-PT, C3a-8wks)",C57BL/6J,RB_HindlimbDrop,0.5,0.0,,True,False,False
GV_T3_13_3,14,Stroke,MOp/MOs (large),"GV-1.4 (WT-PT, C3a-8wks)",C57BL/6J,RB_HindlimbDrop,0.5,0.0,,True,False,False
GV_T3_13_3,28,Stroke,MOp/MOs (large),"GV-1.4 (WT-PT, C3a-8wks)",C57BL/6J,RB_HindlimbDrop,0.4,0.0,,True,False,False
GV_T3_13_3,42,Stroke,MOp/MOs (large),"GV-1.4 (WT-PT, C3a-8wks)",C57BL/6J,RB_HindlimbDrop,0.25,0.0,,True,False,False
GV_T3_13_3,56,Stroke,MOp/MOs (large),"GV-1.4 (WT-PT, C3a-8wks)",C57BL/6J,RB_HindlimbDrop,0.0,0.0,,True,True,False
GV_T3_13_4,0,Stroke,MOp/MOs (large),"GV-1.4 (WT-PT, C3a-8wks)",C57BL/6J,RB_HindlimbDrop,0.0,0.0,,True,True,False
GV_T3_13_4,3,Stroke,MOp/MOs (large),"GV-1.4 (WT-PT, C3a-8wks)",C57BL/6J,RB_HindlimbDrop,0.25,0.0,,True,False,False
GV_T3_13_4,7,Stroke,MOp/MOs (large),"GV-1.4 (WT-PT, C3a-8wks)",C57BL/6J,RB_HindlimbDrop,0.0,0.0,,True,True,False
GV_T3_13_4,14,Stroke,MOp/MOs (large),"GV-1.4 (WT-PT, C3a-8wks)",C57BL/6J,RB_HindlimbDrop,0.25,0.0,,True,False,False
GV_T3_13_4,28,Stroke,MOp/MOs (large),"GV-1.4 (WT-PT, C3a-8wks)",C57BL/6J,RB_HindlimbDrop,0.0,0.0,,True,True,False
GV_T3_13_4,42,Stroke,MOp/MOs (large),"GV-1.4 (WT-PT, C3a-8wks)",C57BL/6J,RB_HindlimbDrop,1.0,0.0,,True,False,False
GV_T3_13_4,56,Stroke,MOp/MOs (large),"GV-1.4 (WT-PT, C3a-8wks)",C57BL/6J,RB_HindlimbDrop,0.0,0.0,,True,True,False
GV_T3_13_5,0,Stroke,MOp/MOs (large),"GV-1.3 (WT-PT, C3a control-8wks)",C57BL/6J,RB_HindlimbDrop,0.5,0.0,,True,False,False
GV_T3_13_5,3,Stroke,MOp/MOs (large),"GV-1.3 (WT-PT, C3a control-8wks)",C57BL/6J,RB_HindlimbDrop,1.0,0.0,,True,False,False
GV_T3_13_5,7,Stroke,MOp/MOs (large),"GV-1.3 (WT-PT, C3a control-8wks)",C57BL/6J,RB_HindlimbDrop,0.25,0.0,,True,False,False
GV_T3_14_1,0,Stroke,MOp/MOs (large),"GV-1.3 (WT-PT, C3a control-8wks)",C57BL/6J,RB_HindlimbDrop,0.75,0.0,,True,False,False
GV_T3_14_1,3,Stroke,MOp/MOs (large),"GV-1.3 (WT-PT, C3a control-8wks)",C57BL/6J,RB_HindlimbDrop,1.0,0.0,,True,False,False
GV_T3_14_1,7,Stroke,MOp/MOs (large),"GV-1.3 (WT-PT, C3a control-8wks)",C57BL/6J,RB_HindlimbDrop,0.25,0.0,,True,False,False
GV_T3_14_1,14,Stroke,MOp/MOs (large),"GV-1.3 (WT-PT, C3a control-8wks)",C57BL/6J,RB_HindlimbDrop,0.5,0.0,,True,False,False
GV_T3_14_1,28,Stroke,MOp/MOs (large),"GV-1.3 (WT-PT, C3a control-8wks)",C57BL/6J,RB_HindlimbDrop,0.0,0.0,,True,True,False
GV_T3_14_1,56,Stroke,MOp/MOs (large),"GV-1.3 (WT-PT, C3a control-8wks)",C57BL/6J,RB_HindlimbDrop,0.0,0.0,,True,True,False
GV_T3_14_2,0,Stroke,MOp/MOs (large),"GV-1.3 (WT-PT, C3a control-8wks)",C57BL/6J,RB_HindlimbDrop,0.25,0.0,,True,False,False
GV_T3_14_2,3,Stroke,MOp/MOs (large),"GV-1.3 (WT-PT, C3a control-8wks)",C57BL/6J,RB_HindlimbDrop,1.33,0.0,,True,False,False
GV_T3_14_2,7,Stroke,MOp/MOs (large),"GV-1.3 (WT-PT, C3a control-8wks)",C57BL/6J,RB_HindlimbDrop,1.0,0.0,,True,False,False
GV_T3_14_2,14,Stroke,MOp/MOs (large),"GV-1.3 (WT-PT, C3a control-8wks)",C57BL/6J,RB_HindlimbDrop,0.67,0.0,,True,False,False
GV_T3_14_2,28,Stroke,MOp/MOs (large),"GV-1.3 (WT-PT, C3a control-8wks)",C57BL/6J,RB_HindlimbDrop,0.25,0.0,,True,False,False
GV_T3_14_2,42,Stroke,MOp/MOs (large),"GV-1.3 (WT-PT, C3a control-8wks)",C57BL/6J,RB_HindlimbDrop,0.5,0.0,,True,False,False
GV_T3_14_2,56,Stroke,MOp/MOs (large),"GV-1.3 (WT-PT, C3a control-8wks)",C57BL/6J,RB_HindlimbDrop,0.0,0.0,,True,True,False
GV_T3_14_3,0,Stroke,MOp/MOs (large),"GV-1.3 (WT-PT, C3a control-8wks)",C57BL/6J,RB_HindlimbDrop,0.0,0.0,,True,True,False
GV_T3_14_3,3,Stroke,MOp/MOs (large),"GV-1.3 (WT-PT, C3a control-8wks)",C57BL/6J,RB_HindlimbDrop,5.0,0.0,,True,False,False
GV_T3_14_3,7,Stroke,MOp/MOs (large),"GV-1.3 (WT-PT, C3a control-8wks)",C57BL/6J,RB_HindlimbDrop,2.5,0.0,,True,False,False
GV_T3_14_3,14,Stroke,MOp/MOs (large),"GV-1.3 (WT-PT, C3a control-8wks)",C57BL/6J,RB_HindlimbDrop,0.5,0.0,,True,False,False
GV_T3_14_3,28,Stroke,MOp/MOs (large),"GV-1.3 (WT-PT, C3a control-8wks)",C57BL/6J,RB_HindlimbDrop,1.25,0.0,,True,False,False
GV_T3_14_3,56,Stroke,MOp/MOs (large),"GV-1.3 (WT-PT, C3a control-8wks)",C57BL/6J,RB_HindlimbDrop,0.67,0.0,,True,False,False
GV_T3_14_4,0,Stroke,MOp/MOs (large),"GV-1.3 (WT-PT, C3a control-8wks)",C57BL/6J,RB_HindlimbDrop,0.0,0.0,,True,True,False
GV_T3_14_4,3,Stroke,MOp/MOs (large),"GV-1.3 (WT-PT, C3a control-8wks)",C57BL/6J,RB_HindlimbDrop,2.0,0.0,,True,False,False
GV_T3_14_4,7,Stroke,MOp/MOs (large),"GV-1.3 (WT-PT, C3a control-8wks)",C57BL/6J,RB_HindlimbDrop,0.0,0.0,,True,True,False
GV_T3_14_4,14,Stroke,MOp/MOs (large),"GV-1.3 (WT-PT, C3a control-8wks)",C57BL/6J,RB_HindlimbDrop,0.5,0.0,,True,False,False
GV_T3_14_4,28,Stroke,MOp/MOs (large),"GV-1.3 (WT-PT, C3a control-8wks)",C57BL/6J,RB_HindlimbDrop,0.67,0.0,,True,False,False
GV_T3_14_4,42,Stroke,MOp/MOs (large),"GV-1.3 (WT-PT, C3a control-8wks)",C57BL/6J,RB_HindlimbDrop,0.0,0.0,,True,True,False
GV_T3_14_4,56,Stroke,MOp/MOs (large),"GV-1.3 (WT-PT, C3a control-8wks)",C57BL/6J,RB_HindlimbDrop,0.5,0.0,,True,False,False
GV_T3_14_5,0,Stroke,MOp/MOs (large),"GV-1.3 (WT-PT, C3a control-8wks)",C57BL/6J,RB_HindlimbDrop,0.5,0.0,,True,False,False
GV_T3_14_5,3,Stroke,MOp/MOs (large),"GV-1.3 (WT-PT, C3a control-8wks)",C57BL/6J,RB_HindlimbDrop,2.25,0.0,,True,False,False
GV_T3_14_5,7,Stroke,MOp/MOs (large),"GV-1.3 (WT-PT, C3a control-8wks)",C57BL/6J,RB_HindlimbDrop,1.0,0.0,,True,False,False
GV_T3_14_5,14,Stroke,MOp/MOs (large),"GV-1.3 (WT-PT, C3a control-8wks)",C57BL/6J,RB_HindlimbDrop,0.5,0.0,,True,False,False
GV_T3_14_5,28,Stroke,MOp/MOs (large),"GV-1.3 (WT-PT, C3a control-8wks)",C57BL/6J,RB_HindlimbDrop,0.5,0.0,,True,False,False
GV_T3_16_1,0,Stroke,MOp/MOs (large),"GV-1.4 (WT-PT, C3a-8wks)",C57BL/6J,RB_HindlimbDrop,0.0,0.0,,True,True,False
GV_T3_16_1,7,Stroke,MOp/MOs (large),"GV-1.4 (WT-PT, C3a-8wks)",C57BL/6J,RB_HindlimbDrop,3.25,0.0,,True,False,False
GV_T3_16_1,14,Stroke,MOp/MOs (large),"GV-1.4 (WT-PT, C3a-8wks)",C57BL/6J,RB_HindlimbDrop,0.25,0.0,,True,False,False
GV_T3_16_1,28,Stroke,MOp/MOs (large),"GV-1.4 (WT-PT, C3a-8wks)",C57BL/6J,RB_HindlimbDrop,0.25,0.0,,True,False,False
GV_T3_16_1,42,Stroke,MOp/MOs (large),"GV-1.4 (WT-PT, C3a-8wks)",C57BL/6J,RB_HindlimbDrop,0.33,0.0,,True,False,False
GV_T3_16_2,0,Stroke,MOp/MOs (large),"GV-1.4 (WT-PT, C3a-8wks)",C57BL/6J,RB_HindlimbDrop,0.0,0.0,,True,True,False
GV_T3_16_2,3,Stroke,MOp/MOs (large),"GV-1.4 (WT-PT, C3a-8wks)",C57BL/6J,RB_HindlimbDrop,1.0,0.0,,True,False,False
GV_T3_16_2,7,Stroke,MOp/MOs (large),"GV-1.4 (WT-PT, C3a-8wks)",C57BL/6J,RB_HindlimbDrop,1.75,0.0,,True,False,False
GV_T3_16_2,14,Stroke,MOp/MOs (large),"GV-1.4 (WT-PT, C3a-8wks)",C57BL/6J,RB_HindlimbDrop,0.5,0.0,,True,False,False
GV_T3_16_2,28,Stroke,MOp/MOs (large),"GV-1.4 (WT-PT, C3a-8wks)",C57BL/6J,RB_HindlimbDrop,0.0,0.0,,True,True,False
GV_T3_16_2,42,Stroke,MOp/MOs (large),"GV-1.4 (WT-PT, C3a-8wks)",C57BL/6J,RB_HindlimbDrop,0.0,0.0,,True,True,False
GV_T3_16_2,56,Stroke,MOp/MOs (large),"GV-1.4 (WT-PT, C3a-8wks)",C57BL/6J,RB_HindlimbDrop,0.25,0.0,,True,False,False
GV_T3_16_3,0,Stroke,MOp/MOs (large),"GV-1.4 (WT-PT, C3a-8wks)",C57BL/6J,RB_HindlimbDrop,0.0,0.0,,True,True,False
GV_T3_16_3,3,Stroke,MOp/MOs (large),"GV-1.4 (WT-PT, C3a-8wks)",C57BL/6J,RB_HindlimbDrop,3.33,0.0,,True,False,False
GV_T3_16_3,7,Stroke,MOp/MOs (large),"GV-1.4 (WT-PT, C3a-8wks)",C57BL/6J,RB_HindlimbDrop,2.0,0.0,,True,False,False
GV_T3_16_3,14,Stroke,MOp/MOs (large),"GV-1.4 (WT-PT, C3a-8wks)",C57BL/6J,RB_HindlimbDrop,0.75,0.0,,True,False,False
GV_T3_16_3,28,Stroke,MOp/MOs (large),"GV-1.4 (WT-PT, C3a-8wks)",C57BL/6J,RB_HindlimbDrop,0.25,0.0,,True,False,False
GV_T3_16_3,42,Stroke,MOp/MOs (large),"GV-1.4 (WT-PT, C3a-8wks)",C57BL/6J,RB_HindlimbDrop,0.0,0.0,,True,True,False
GV_T3_16_4,0,Stroke,MOp/MOs (large),"GV-1.3 (WT-PT, C3a control-8wks)",C57BL/6J,RB_HindlimbDrop,0.0,0.0,,True,True,False
GV_T3_16_4,3,Stroke,MOp/MOs (large),"GV-1.3 (WT-PT, C3a control-8wks)",C57BL/6J,RB_HindlimbDrop,2.25,0.0,,True,False,False
GV_T3_16_4,7,Stroke,MOp/MOs (large),"GV-1.3 (WT-PT, C3a control-8wks)",C57BL/6J,RB_HindlimbDrop,1.75,0.0,,True,False,False
GV_T3_16_4,14,Stroke,MOp/MOs (large),"GV-1.3 (WT-PT, C3a control-8wks)",C57BL/6J,RB_HindlimbDrop,0.25,0.0,,True,False,False
GV_T3_16_4,28,Stroke,MOp/MOs (large),"GV-1.3 (WT-PT, C3a control-8wks)",C57BL/6J,RB_HindlimbDrop,0.33,0.0,,True,False,False
GV_T3_16_4,42,Stroke,MOp/MOs (large),"GV-1.3 (WT-PT, C3a control-8wks)",C57BL/6J,RB_HindlimbDrop,0.0,0.0,,True,True,False
GV_T3_16_4,56,Stroke,MOp/MOs (large),"GV-1.3 (WT-PT, C3a control-8wks)",C57BL/6J,RB_HindlimbDrop,0.5,0.0,,True,False,False
GV_T3_17_2,0,Stroke,MOp/MOs (large),"GV-1.3 (WT-PT, C3a control-8wks)",C57BL/6J,RB_HindlimbDrop,0.75,0.0,,True,False,False
GV_T3_17_2,3,Stroke,MOp/MOs (large),"GV-1.3 (WT-PT, C3a control-8wks)",C57BL/6J,RB_HindlimbDrop,1.0,0.0,,True,False,False
GV_T3_17_2,7,Stroke,MOp/MOs (large),"GV-1.3 (WT-PT, C3a control-8wks)",C57BL/6J,RB_HindlimbDrop,0.75,0.0,,True,False,False
GV_T3_17_2,14,Stroke,MOp/MOs (large),"GV-1.3 (WT-PT, C3a control-8wks)",C57BL/6J,RB_HindlimbDrop,0.0,0.0,,True,True,False
GV_T3_17_3,0,Stroke,MOp/MOs (large),"GV-1.3 (WT-PT, C3a control-8wks)",C57BL/6J,RB_HindlimbDrop,0.0,0.0,,True,True,False
GV_T3_17_3,3,Stroke,MOp/MOs (large),"GV-1.3 (WT-PT, C3a control-8wks)",C57BL/6J,RB_HindlimbDrop,1.33,0.0,,True,False,False
GV_T3_17_3,7,Stroke,MOp/MOs (large),"GV-1.3 (WT-PT, C3a control-8wks)",C57BL/6J,RB_HindlimbDrop,0.5,0.0,,True,False,False
GV_T3_17_3,14,Stroke,MOp/MOs (large),"GV-1.3 (WT-PT, C3a control-8wks)",C57BL/6J,RB_HindlimbDrop,0.0,0.0,,True,True,False
GV_T3_17_3,28,Stroke,MOp/MOs (large),"GV-1.3 (WT-PT, C3a control-8wks)",C57BL/6J,RB_HindlimbDrop,0.0,0.0,,True,True,False
GV_T3_17_3,42,Stroke,MOp/MOs (large),"GV-1.3 (WT-PT, C3a control-8wks)",C57BL/6J,RB_HindlimbDrop,0.25,0.0,,True,False,False
GV_T3_17_3,56,Stroke,MOp/MOs (large),"GV-1.3 (WT-PT, C3a control-8wks)",C57BL/6J,RB_HindlimbDrop,0.0,0.0,,True,True,False
GV_T3_17_4,0,Stroke,MOp/MOs (large),"GV-1.3 (WT-PT, C3a control-8wks)",C57BL/6J,RB_HindlimbDrop,0.0,0.0,,True,True,False
GV_T3_17_4,3,Stroke,MOp/MOs (large),"GV-1.3 (WT-PT, C3a control-8wks)",C57BL/6J,RB_HindlimbDrop,3.0,0.0,,True,False,False
GV_T3_17_4,7,Stroke,MOp/MOs (large),"GV-1.3 (WT-PT, C3a control-8wks)",C57BL/6J,RB_HindlimbDrop,1.0,0.0,,True,False,False
GV_T3_17_4,14,Stroke,MOp/MOs (large),"GV-1.3 (WT-PT, C3a control-8wks)",C57BL/6J,RB_HindlimbDrop,0.0,0.0,,True,True,False
GV_T3_17_4,28,Stroke,MOp/MOs (large),"GV-1.3 (WT-PT, C3a control-8wks)",C57BL/6J,RB_HindlimbDrop,0.25,0.0,,True,False,False
GV_T3_17_4,42,Stroke,MOp/MOs (large),"GV-1.3 (WT-PT, C3a control-8wks)",C57BL/6J,RB_HindlimbDrop,0.33,0.0,,True,False,False
GV_T3_17_4,56,Stroke,MOp/MOs (large),"GV-1.3 (WT-PT, C3a control-8wks)",C57BL/6J,RB_HindlimbDrop,0.5,0.0,,True,False,False
GV_T3_17_5,0,Stroke,MOp/MOs (large),"GV-1.3 (WT-PT, C3a control-8wks)",C57BL/6J,RB_HindlimbDrop,0.4,0.0,,True,False,False
GV_T3_17_5,3,Stroke,MOp/MOs (large),"GV-1.3 (WT-PT, C3a control-8wks)",C57BL/6J,RB_HindlimbDrop,1.4,0.0,,True,False,False
GV_T3_17_5,7,Stroke,MOp/MOs (large),"GV-1.3 (WT-PT, C3a control-8wks)",C57BL/6J,RB_HindlimbDrop,1.0,0.0,,True,False,False
GV_T3_17_5,14,Stroke,MOp/MOs (large),"GV-1.3 (WT-PT, C3a control-8wks)",C57BL/6J,RB_HindlimbDrop,0.5,0.0,,True,False,False
GV_T3_3_1,3,Stroke,MOp/MOs (large),GV-1 ,C57BL/6J,RB_HindlimbDrop,2.0,0.0,,True,False,False
GV_T3_3_1,7,Stroke,MOp/MOs (large),GV-1 ,C57BL/6J,RB_HindlimbDrop,1.25,0.0,,True,False,False
GV_T3_3_1,14,Stroke,MOp/MOs (large),GV-1 ,C57BL/6J,RB_HindlimbDrop,0.25,0.0,,True,False,False
GV_T3_3_1,21,Stroke,MOp/MOs (large),GV-1 ,C57BL/6J,RB_HindlimbDrop,0.0,0.0,,True,True,False
GV_T3_3_1,28,Stroke,MOp/MOs (large),GV-1 ,C57BL/6J,RB_HindlimbDrop,0.25,0.0,,True,False,False
GV_T3_3_2,0,Stroke,MOp/MOs (large),GV-1 ,C57BL/6J,RB_HindlimbDrop,0.0,0.0,,True,True,False
GV_T3_3_2,3,Stroke,MOp/MOs (large),GV-1 ,C57BL/6J,RB_HindlimbDrop,2.0,0.0,,True,False,False
GV_T3_3_2,7,Stroke,MOp/MOs (large),GV-1 ,C57BL/6J,RB_HindlimbDrop,1.0,0.0,,True,False,False
GV_T3_3_2,14,Stroke,MOp/MOs (large),GV-1 ,C57BL/6J,RB_HindlimbDrop,0.25,0.0,,True,False,False
GV_T3_3_2,21,Stroke,MOp/MOs (large),GV-1 ,C57BL/6J,RB_HindlimbDrop,0.0,0.0,,True,True,False
GV_T3_3_2,28,Stroke,MOp/MOs (large),GV-1 ,C57BL/6J,RB_HindlimbDrop,0.25,0.0,,True,False,False
GV_T3_3_3,0,Stroke,MOp/MOs (large),GV-1 ,C57BL/6J,RB_HindlimbDrop,0.75,0.0,,True,False,False
GV_T3_3_3,3,Stroke,MOp/MOs (large),GV-1 ,C57BL/6J,RB_HindlimbDrop,2.75,0.0,,True,False,False
GV_T3_3_3,7,Stroke,MOp/MOs (large),GV-1 ,C57BL/6J,RB_HindlimbDrop,1.25,0.0,,True,False,False
GV_T3_3_3,14,Stroke,MOp/MOs (large),GV-1 ,C57BL/6J,RB_HindlimbDrop,0.5,0.0,,True,False,False
GV_T3_3_3,21,Stroke,MOp/MOs (large),GV-1 ,C57BL/6J,RB_HindlimbDrop,0.67,0.0,,True,False,False
GV_T3_3_3,28,Stroke,MOp/MOs (large),GV-1 ,C57BL/6J,RB_HindlimbDrop,0.33,0.0,,True,False,False
GV_T3_4_1,0,Stroke,MOp/MOs (large),GV-1 ,C57BL/6J,RB_HindlimbDrop,0.5,0.0,,True,False,False
GV_T3_4_1,3,Stroke,MOp/MOs (large),GV-1 ,C57BL/6J,RB_HindlimbDrop,3.25,0.0,,True,False,False
GV_T3_4_1,7,Stroke,MOp/MOs (large),GV-1 ,C57BL/6J,RB_HindlimbDrop,1.75,0.0,,True,False,False
GV_T3_4_1,14,Stroke,MOp/MOs (large),GV-1 ,C57BL/6J,RB_HindlimbDrop,0.25,0.0,,True,False,False
GV_T3_4_1,21,Stroke,MOp/MOs (large),GV-1 ,C57BL/6J,RB_HindlimbDrop,0.0,0.0,,True,True,False
GV_T3_4_1,28,Stroke,MOp/MOs (large),GV-1 ,C57BL/6J,RB_HindlimbDrop,0.33,0.0,,True,False,False
GV_T3_4_2,0,Stroke,MOp/MOs (large),GV-1 ,C57BL/6J,RB_HindlimbDrop,0.25,0.0,,True,False,False
GV_T3_4_2,7,Stroke,MOp/MOs (large),GV-1 ,C57BL/6J,RB_HindlimbDrop,1.25,0.0,,True,False,False
GV_T3_4_2,14,Stroke,MOp/MOs (large),GV-1 ,C57BL/6J,RB_HindlimbDrop,0.5,0.0,,True,False,False
GV_T3_4_2,21,Stroke,MOp/MOs (large),GV-1 ,C57BL/6J,RB_HindlimbDrop,0.25,0.0,,True,False,False
GV_T3_4_2,28,Stroke,MOp/MOs (large),GV-1 ,C57BL/6J,RB_HindlimbDrop,0.25,0.0,,True,False,False
GV_T3_4_3,0,Stroke,MOp/MOs (large),GV-1 ,C57BL/6J,RB_HindlimbDrop,0.5,0.0,,True,False,False
GV_T3_4_3,3,Stroke,MOp/MOs (large),GV-1 ,C57BL/6J,RB_HindlimbDrop,3.0,0.0,,True,False,False
GV_T3_4_3,7,Stroke,MOp/MOs (large),GV-1 ,C57BL/6J,RB_HindlimbDrop,1.33,0.0,,True,False,False
GV_T3_4_3,14,Stroke,MOp/MOs (large),GV-1 ,C57BL/6J,RB_HindlimbDrop,0.25,0.0,,True,False,False
GV_T3_4_3,21,Stroke,MOp/MOs (large),GV-1 ,C57BL/6J,RB_HindlimbDrop,0.5,0.0,,True,False,False
GV_T3_4_3,28,Stroke,MOp/MOs (large),GV-1 ,C57BL/6J,RB_HindlimbDrop,0.25,0.0,,True,False,False
GV_T3_8_2,0,Stroke,MOp/MOs (large),GV-1 ,C57BL/6J,RB_HindlimbDrop,0.5,0.0,,True,False,False
GV_T3_8_2,3,Stroke,MOp/MOs (large),GV-1 ,C57BL/6J,RB_HindlimbDrop,1.8,0.0,,True,False,False
GV_T3_8_2,7,Stroke,MOp/MOs (large),GV-1 ,C57BL/6J,RB_HindlimbDrop,0.25,0.0,,True,False,False
GV_T3_8_2,14,Stroke,MOp/MOs (large),GV-1 ,C57BL/6J,RB_HindlimbDrop,0.5,0.0,,True,False,False
GV_T3_8_2,21,Stroke,MOp/MOs (large),GV-1 ,C57BL/6J,RB_HindlimbDrop,0.75,0.0,,True,False,False
GV_T3_8_2,28,Stroke,MOp/MOs (large),GV-1 ,C57BL/6J,RB_HindlimbDrop,0.0,0.0,,True,True,False
GV_T3_8_4,0,Stroke,MOp/MOs (large),GV-1 ,C57BL/6J,RB_HindlimbDrop,0.25,0.0,,True,False,False
GV_T3_8_4,3,Stroke,MOp/MOs (large),GV-1 ,C57BL/6J,RB_HindlimbDrop,1.8,0.0,,True,False,False
GV_T3_8_4,7,Stroke,MOp/MOs (large),GV-1 ,C57BL/6J,RB_HindlimbDrop,0.5,0.0,,True,False,False
GV_T3_8_4,14,Stroke,MOp/MOs (large),GV-1 ,C57BL/6J,RB_HindlimbDrop,0.0,0.0,,True,True,False
GV_T3_8_4,21,Stroke,MOp/MOs (large),GV-1 ,C57BL/6J,RB_HindlimbDrop,0.67,0.0,,True,False,False
GV_T3_8_4,28,Stroke,MOp/MOs (large),GV-1 ,C57BL/6J,RB_HindlimbDrop,0.0,0.0,,True,True,False
GV_T3_9_1,3,Stroke,MOp/MOs (large),GV-1 ,C57BL/6J,RB_HindlimbDrop,2.25,0.0,,True,False,False
GV_T3_9_1,7,Stroke,MOp/MOs (large),GV-1 ,C57BL/6J,RB_HindlimbDrop,1.33,0.0,,True,False,False
GV_T3_9_1,14,Stroke,MOp/MOs (large),GV-1 ,C57BL/6J,RB_HindlimbDrop,0.33,0.0,,True,False,False
GV_T3_9_1,21,Stroke,MOp/MOs (large),GV-1 ,C57BL/6J,RB_HindlimbDrop,0.33,0.0,,True,False,False
GV_T3_9_1,28,Stroke,MOp/MOs (large),GV-1 ,C57BL/6J,RB_HindlimbDrop,0.67,0.0,,True,False,False
GV_T3_9_3,0,Stroke,MOp/MOs (large),GV-1 ,C57BL/6J,RB_HindlimbDrop,0.0,0.0,,True,True,False
GV_T3_9_3,3,Stroke,MOp/MOs (large),GV-1 ,C57BL/6J,RB_HindlimbDrop,2.5,0.0,,True,False,False
GV_T3_9_3,7,Stroke,MOp/MOs (large),GV-1 ,C57BL/6J,RB_HindlimbDrop,0.67,0.0,,True,False,False
GV_T3_9_3,14,Stroke,MOp/MOs (large),GV-1 ,C57BL/6J,RB_HindlimbDrop,0.75,0.0,,True,False,False
GV_T3_9_3,21,Stroke,MOp/MOs (large),GV-1 ,C57BL/6J,RB_HindlimbDrop,0.67,0.0,,True,False,False
GV_T3_9_3,28,Stroke,MOp/MOs (large),GV-1 ,C57BL/6J,RB_HindlimbDrop,0.0,0.0,,True,True,False
PB_T3_10_1,0,Sham,MOp/MOs Sham,PB-T3.4 (WT-PT-Sham-2wks),C57BL/6J,RB_HindlimbDrop,0.0,0.0,,True,True,False
PB_T3_10_1,3,Sham,MOp/MOs Sham,PB-T3.4 (WT-PT-Sham-2wks),C57BL/6J,RB_HindlimbDrop,1.0,0.0,,True,False,False
PB_T3_10_1,7,Sham,MOp/MOs Sham,PB-T3.4 (WT-PT-Sham-2wks),C57BL/6J,RB_HindlimbDrop,0.5,0.0,,True,False,False
PB_T3_10_1,14,Sham,MOp/MOs Sham,PB-T3.4 (WT-PT-Sham-2wks),C57BL/6J,RB_HindlimbDrop,0.5,0.0,,True,False,False
PB_T3_10_2,0,Stroke,MOp/MOs (large),PB-T3.3 (WT-PT-2wks),C57BL/6J,RB_HindlimbDrop,0.0,0.0,,True,True,False
PB_T3_10_2,3,Stroke,MOp/MOs (large),PB-T3.3 (WT-PT-2wks),C57BL/6J,RB_HindlimbDrop,1.25,0.0,,True,False,False
PB_T3_10_2,7,Stroke,MOp/MOs (large),PB-T3.3 (WT-PT-2wks),C57BL/6J,RB_HindlimbDrop,0.5,0.0,,True,False,False
PB_T3_10_2,14,Stroke,MOp/MOs (large),PB-T3.3 (WT-PT-2wks),C57BL/6J,RB_HindlimbDrop,0.0,0.0,,True,True,False
PB_T3_10_3,0,Stroke,MOp/MOs (large),PB-T3.3 (WT-PT-2wks),C57BL/6J,RB_HindlimbDrop,0.25,0.0,,True,False,False
PB_T3_10_3,3,Stroke,MOp/MOs (large),PB-T3.3 (WT-PT-2wks),C57BL/6J,RB_HindlimbDrop,0.75,0.0,,True,False,False
PB_T3_10_3,7,Stroke,MOp/MOs (large),PB-T3.3 (WT-PT-2wks),C57BL/6J,RB_HindlimbDrop,0.25,0.0,,True,False,False
PB_T3_10_3,14,Stroke,MOp/MOs (large),PB-T3.3 (WT-PT-2wks),C57BL/6J,RB_HindlimbDrop,0.5,0.0,,True,False,False
PB_T3_11_1,0,Sham,MOp/MOs Sham,PB-T3.4 (WT-PT-Sham-2wks),C57BL/6J,RB_HindlimbDrop,0.25,0.0,,True,False,False
PB_T3_11_1,3,Sham,MOp/MOs Sham,PB-T3.4 (WT-PT-Sham-2wks),C57BL/6J,RB_HindlimbDrop,0.5,0.0,,True,False,False
PB_T3_11_1,7,Sham,MOp/MOs Sham,PB-T3.4 (WT-PT-Sham-2wks),C57BL/6J,RB_HindlimbDrop,0.5,0.0,,True,False,False
PB_T3_11_1,14,Sham,MOp/MOs Sham,PB-T3.4 (WT-PT-Sham-2wks),C57BL/6J,RB_HindlimbDrop,1.0,0.0,,True,False,False
PB_T3_12_1,0,Stroke,MOp/MOs (large),PB-T3.9 (WT-PT-8wks),C57BL/6J,RB_HindlimbDrop,0.33,0.0,,True,False,False
PB_T3_12_1,3,Stroke,MOp/MOs (large),PB-T3.9 (WT-PT-8wks),C57BL/6J,RB_HindlimbDrop,1.0,0.0,,True,False,False
PB_T3_12_1,7,Stroke,MOp/MOs (large),PB-T3.9 (WT-PT-8wks),C57BL/6J,RB_HindlimbDrop,0.25,0.0,,True,False,False
PB_T3_12_1,14,Stroke,MOp/MOs (large),PB-T3.9 (WT-PT-8wks),C57BL/6J,RB_HindlimbDrop,0.0,0.0,,True,True,False
PB_T3_12_1,21,Stroke,MOp/MOs (large),PB-T3.9 (WT-PT-8wks),C57BL/6J,RB_HindlimbDrop,0.5,0.0,,True,False,False
PB_T3_12_1,28,Stroke,MOp/MOs (large),PB-T3.9 (WT-PT-8wks),C57BL/6J,RB_HindlimbDrop,0.25,0.0,,True,False,False
PB_T3_12_1,42,Stroke,MOp/MOs (large),PB-T3.9 (WT-PT-8wks),C57BL/6J,RB_HindlimbDrop,0.08333333333333333,0.0,,True,False,False
PB_T3_12_1,56,Stroke,MOp/MOs (large),PB-T3.9 (WT-PT-8wks),C57BL/6J,RB_HindlimbDrop,0.0,0.0,,True,True,False
PB_T3_12_2,0,Stroke,MOp/MOs (large),PB-T3.9 (WT-PT-8wks),C57BL/6J,RB_HindlimbDrop,0.0,0.0,,True,True,False
PB_T3_12_2,3,Stroke,MOp/MOs (large),PB-T3.9 (WT-PT-8wks),C57BL/6J,RB_HindlimbDrop,0.75,0.0,,True,False,False
PB_T3_12_2,7,Stroke,MOp/MOs (large),PB-T3.9 (WT-PT-8wks),C57BL/6J,RB_HindlimbDrop,0.25,0.0,,True,False,False
PB_T3_12_2,14,Stroke,MOp/MOs (large),PB-T3.9 (WT-PT-8wks),C57BL/6J,RB_HindlimbDrop,0.0,0.0,,True,True,False
PB_T3_12_2,21,Stroke,MOp/MOs (large),PB-T3.9 (WT-PT-8wks),C57BL/6J,RB_HindlimbDrop,0.0,0.0,,True,True,False
PB_T3_12_2,28,Stroke,MOp/MOs (large),PB-T3.9 (WT-PT-8wks),C57BL/6J,RB_HindlimbDrop,0.0,0.0,,True,True,False
PB_T3_12_2,42,Stroke,MOp/MOs (large),PB-T3.9 (WT-PT-8wks),C57BL/6J,RB_HindlimbDrop,0.11,0.0,,True,False,False
PB_T3_12_2,56,Stroke,MOp/MOs (large),PB-T3.9 (WT-PT-8wks),C57BL/6J,RB_HindlimbDrop,0.33,0.0,,True,False,False
PB_T3_12_3,0,Sham,MOp/MOs Sham,PB-T3.10 (WT-PT-Sham-8wks),C57BL/6J,RB_HindlimbDrop,0.0,0.0,,True,True,False
PB_T3_12_3,3,Sham,MOp/MOs Sham,PB-T3.10 (WT-PT-Sham-8wks),C57BL/6J,RB_HindlimbDrop,0.0,0.0,,True,True,False
PB_T3_12_3,7,Sham,MOp/MOs Sham,PB-T3.10 (WT-PT-Sham-8wks),C57BL/6J,RB_HindlimbDrop,0.665,0.0,,True,False,False
PB_T3_12_3,14,Sham,MOp/MOs Sham,PB-T3.10 (WT-PT-Sham-8wks),C57BL/6J,RB_HindlimbDrop,0.0,0.0,,True,True,False
PB_T3_12_3,21,Sham,MOp/MOs Sham,PB-T3.10 (WT-PT-Sham-8wks),C57BL/6J,RB_HindlimbDrop,0.0,0.0,,True,True,False
PB_T3_12_3,28,Sham,MOp/MOs Sham,PB-T3.10 (WT-PT-Sham-8wks),C57BL/6J,RB_HindlimbDrop,0.0,0.0,,True,True,False
PB_T3_12_3,42,Sham,MOp/MOs Sham,PB-T3.10 (WT-PT-Sham-8wks),C57BL/6J,RB_HindlimbDrop,0.0,0.0,,True,True,False
PB_T3_12_3,56,Sham,MOp/MOs Sham,PB-T3.10 (WT-PT-Sham-8wks),C57BL/6J,RB_HindlimbDrop,0.2,0.0,,True,False,False
PB_T3_12_4,0,Stroke,MOp/MOs (large),PB-T3.9 (WT-PT-8wks),C57BL/6J,RB_HindlimbDrop,0.0,0.0,,True,True,False
PB_T3_12_4,3,Stroke,MOp/MOs (large),PB-T3.9 (WT-PT-8wks),C57BL/6J,RB_HindlimbDrop,1.0,0.0,,True,False,False
PB_T3_12_4,7,Stroke,MOp/MOs (large),PB-T3.9 (WT-PT-8wks),C57BL/6J,RB_HindlimbDrop,0.33,0.0,,True,False,False
PB_T3_12_4,14,Stroke,MOp/MOs (large),PB-T3.9 (WT-PT-8wks),C57BL/6J,RB_HindlimbDrop,0.5,0.0,,True,False,False
PB_T3_12_4,21,Stroke,MOp/MOs (large),PB-T3.9 (WT-PT-8wks),C57BL/6J,RB_HindlimbDrop,0.0,0.0,,True,True,False
PB_T3_12_4,28,Stroke,MOp/MOs (large),PB-T3.9 (WT-PT-8wks),C57BL/6J,RB_HindlimbDrop,0.0,0.0,,True,True,False
PB_T3_12_4,42,Stroke,MOp/MOs (large),PB-T3.9 (WT-PT-8wks),C57BL/6J,RB_HindlimbDrop,0.08333333333333333,0.0,,True,False,False
PB_T3_12_4,56,Stroke,MOp/MOs (large),PB-T3.9 (WT-PT-8wks),C57BL/6J,RB_HindlimbDrop,0.5,0.0,,True,False,False
PB_T3_13_2,0,Stroke,MOp/MOs (large),PB-T3.10 (WT-PT-Sham-8wks),C57BL/6J,RB_HindlimbDrop,0.0,0.0,,True,True,False
PB_T3_13_2,3,Stroke,MOp/MOs (large),PB-T3.10 (WT-PT-Sham-8wks),C57BL/6J,RB_HindlimbDrop,0.0,0.0,,True,True,False
PB_T3_13_2,7,Stroke,MOp/MOs (large),PB-T3.10 (WT-PT-Sham-8wks),C57BL/6J,RB_HindlimbDrop,0.0,0.0,,True,True,False
PB_T3_13_2,14,Stroke,MOp/MOs (large),PB-T3.10 (WT-PT-Sham-8wks),C57BL/6J,RB_HindlimbDrop,0.0,0.0,,True,True,False
PB_T3_13_2,21,Stroke,MOp/MOs (large),PB-T3.10 (WT-PT-Sham-8wks),C57BL/6J,RB_HindlimbDrop,0.0,0.0,,True,True,False
PB_T3_13_2,28,Stroke,MOp/MOs (large),PB-T3.10 (WT-PT-Sham-8wks),C57BL/6J,RB_HindlimbDrop,0.0,0.0,,True,True,False
PB_T3_13_2,42,Stroke,MOp/MOs (large),PB-T3.10 (WT-PT-Sham-8wks),C57BL/6J,RB_HindlimbDrop,0.08333333333333333,0.0,,True,False,False
PB_T3_13_2,56,Stroke,MOp/MOs (large),PB-T3.10 (WT-PT-Sham-8wks),C57BL/6J,RB_HindlimbDrop,0.0,0.0,,True,True,False
PB_T3_13_3,0,Stroke,MOp/MOs (large),PB-T3.10 (WT-PT-Sham-8wks),C57BL/6J,RB_HindlimbDrop,0.0,0.0,,True,True,False
PB_T3_13_3,3,Stroke,MOp/MOs (large),PB-T3.10 (WT-PT-Sham-8wks),C57BL/6J,RB_HindlimbDrop,0.25,0.0,,True,False,False
PB_T3_13_3,7,Stroke,MOp/MOs (large),PB-T3.10 (WT-PT-Sham-8wks),C57BL/6J,RB_HindlimbDrop,0.0,0.0,,True,True,False
PB_T3_13_3,14,Stroke,MOp/MOs (large),PB-T3.10 (WT-PT-Sham-8wks),C57BL/6J,RB_HindlimbDrop,0.0,0.0,,True,True,False
PB_T3_13_3,21,Stroke,MOp/MOs (large),PB-T3.10 (WT-PT-Sham-8wks),C57BL/6J,RB_HindlimbDrop,0.0,0.0,,True,True,False
PB_T3_13_3,28,Stroke,MOp/MOs (large),PB-T3.10 (WT-PT-Sham-8wks),C57BL/6J,RB_HindlimbDrop,0.0,0.0,,True,True,False
PB_T3_13_3,42,Stroke,MOp/MOs (large),PB-T3.10 (WT-PT-Sham-8wks),C57BL/6J,RB_HindlimbDrop,0.08333333333333333,0.0,,True,False,False
PB_T3_13_3,56,Stroke,MOp/MOs (large),PB-T3.10 (WT-PT-Sham-8wks),C57BL/6J,RB_HindlimbDrop,0.25,0.0,,True,False,False
PB_T3_13_4,0,Stroke,MOp/MOs (large),PB-T3.9 (WT-PT-8wks),C57BL/6J,RB_HindlimbDrop,0.0,0.0,,True,True,False
PB_T3_13_4,3,Stroke,MOp/MOs (large),PB-T3.9 (WT-PT-8wks),C57BL/6J,RB_HindlimbDrop,0.5,0.0,,True,False,False
PB_T3_13_4,7,Stroke,MOp/MOs (large),PB-T3.9 (WT-PT-8wks),C57BL/6J,RB_HindlimbDrop,0.5,0.0,,True,False,False
PB_T3_13_4,14,Stroke,MOp/MOs (large),PB-T3.9 (WT-PT-8wks),C57BL/6J,RB_HindlimbDrop,0.0,0.0,,True,True,False
PB_T3_13_4,21,Stroke,MOp/MOs (large),PB-T3.9 (WT-PT-8wks),C57BL/6J,RB_HindlimbDrop,0.25,0.0,,True,False,False
PB_T3_13_4,28,Stroke,MOp/MOs (large),PB-T3.9 (WT-PT-8wks),C57BL/6J,RB_HindlimbDrop,0.5,0.0,,True,False,False
PB_T3_13_4,42,Stroke,MOp/MOs (large),PB-T3.9 (WT-PT-8wks),C57BL/6J,RB_HindlimbDrop,0.0,0.0,,True,True,False
PB_T3_13_4,56,Stroke,MOp/MOs (large),PB-T3.9 (WT-PT-8wks),C57BL/6J,RB_HindlimbDrop,0.0,0.0,,True,True,False
PB_T3_14_1,0,Stroke,MOp/MOs (large),PB-T3.9 (WT-PT-8wks),C57BL/6J,RB_HindlimbDrop,0.0,0.0,,True,True,False
PB_T3_14_1,3,Stroke,MOp/MOs (large),PB-T3.9 (WT-PT-8wks),C57BL/6J,RB_HindlimbDrop,1.75,0.0,,True,False,False
PB_T3_14_1,7,Stroke,MOp/MOs (large),PB-T3.9 (WT-PT-8wks),C57BL/6J,RB_HindlimbDrop,0.25,0.0,,True,False,False
PB_T3_14_1,14,Stroke,MOp/MOs (large),PB-T3.9 (WT-PT-8wks),C57BL/6J,RB_HindlimbDrop,0.0,0.0,,True,True,False
PB_T3_14_1,21,Stroke,MOp/MOs (large),PB-T3.9 (WT-PT-8wks),C57BL/6J,RB_HindlimbDrop,0.25,0.0,,True,False,False
PB_T3_14_1,28,Stroke,MOp/MOs (large),PB-T3.9 (WT-PT-8wks),C57BL/6J,RB_HindlimbDrop,0.0,0.0,,True,True,False
PB_T3_14_1,42,Stroke,MOp/MOs (large),PB-T3.9 (WT-PT-8wks),C57BL/6J,RB_HindlimbDrop,0.16666666666666666,0.0,,True,False,False
PB_T3_14_1,56,Stroke,MOp/MOs (large),PB-T3.9 (WT-PT-8wks),C57BL/6J,RB_HindlimbDrop,0.0,0.0,,True,True,False
PB_T3_14_2,0,Stroke,MOp/MOs (large),PB-T3.10 (WT-PT-Sham-8wks),C57BL/6J,RB_HindlimbDrop,0.33,0.0,,True,False,False
PB_T3_14_2,3,Stroke,MOp/MOs (large),PB-T3.10 (WT-PT-Sham-8wks),C57BL/6J,RB_HindlimbDrop,0.25,0.0,,True,False,False
PB_T3_14_2,7,Stroke,MOp/MOs (large),PB-T3.10 (WT-PT-Sham-8wks),C57BL/6J,RB_HindlimbDrop,0.0,0.0,,True,True,False
PB_T3_14_2,14,Stroke,MOp/MOs (large),PB-T3.10 (WT-PT-Sham-8wks),C57BL/6J,RB_HindlimbDrop,0.0,0.0,,True,True,False
PB_T3_14_2,21,Stroke,MOp/MOs (large),PB-T3.10 (WT-PT-Sham-8wks),C57BL/6J,RB_HindlimbDrop,0.0,0.0,,True,True,False
PB_T3_14_2,28,Stroke,MOp/MOs (large),PB-T3.10 (WT-PT-Sham-8wks),C57BL/6J,RB_HindlimbDrop,0.0,0.0,,True,True,False
PB_T3_14_2,42,Stroke,MOp/MOs (large),PB-T3.10 (WT-PT-Sham-8wks),C57BL/6J,RB_HindlimbDrop,0.08333333333333333,0.0,,True,False,False
PB_T3_14_2,56,Stroke,MOp/MOs (large),PB-T3.10 (WT-PT-Sham-8wks),C57BL/6J,RB_HindlimbDrop,0.0,0.0,,True,True,False
PB_T3_14_3,0,Stroke,MOp/MOs (large),PB-T3.9 (WT-PT-8wks),C57BL/6J,RB_HindlimbDrop,0.33,0.0,,True,False,False
PB_T3_14_3,3,Stroke,MOp/MOs (large),PB-T3.9 (WT-PT-8wks),C57BL/6J,RB_HindlimbDrop,0.75,0.0,,True,False,False
PB_T3_14_3,7,Stroke,MOp/MOs (large),PB-T3.9 (WT-PT-8wks),C57BL/6J,RB_HindlimbDrop,0.0,0.0,,True,True,False
PB_T3_14_3,14,Stroke,MOp/MOs (large),PB-T3.9 (WT-PT-8wks),C57BL/6J,RB_HindlimbDrop,0.25,0.0,,True,False,False
PB_T3_14_3,21,Stroke,MOp/MOs (large),PB-T3.9 (WT-PT-8wks),C57BL/6J,RB_HindlimbDrop,0.25,0.0,,True,False,False
PB_T3_14_3,28,Stroke,MOp/MOs (large),PB-T3.9 (WT-PT-8wks),C57BL/6J,RB_HindlimbDrop,0.25,0.0,,True,False,False
PB_T3_14_3,42,Stroke,MOp/MOs (large),PB-T3.9 (WT-PT-8wks),C57BL/6J,RB_HindlimbDrop,0.25,0.0,,True,False,False
PB_T3_14_3,56,Stroke,MOp/MOs (large),PB-T3.9 (WT-PT-8wks),C57BL/6J,RB_HindlimbDrop,0.0,0.0,,True,True,False
PB_T3_14_4,0,Stroke,MOp/MOs (large),PB-T3.10 (WT-PT-Sham-8wks),C57BL/6J,RB_HindlimbDrop,0.0,0.0,,True,True,False
PB_T3_14_4,3,Stroke,MOp/MOs (large),PB-T3.10 (WT-PT-Sham-8wks),C57BL/6J,RB_HindlimbDrop,0.75,0.0,,True,False,False
PB_T3_14_4,7,Stroke,MOp/MOs (large),PB-T3.10 (WT-PT-Sham-8wks),C57BL/6J,RB_HindlimbDrop,0.25,0.0,,True,False,False
PB_T3_14_4,14,Stroke,MOp/MOs (large),PB-T3.10 (WT-PT-Sham-8wks),C57BL/6J,RB_HindlimbDrop,0.0,0.0,,True,True,False
PB_T3_14_4,21,Stroke,MOp/MOs (large),PB-T3.10 (WT-PT-Sham-8wks),C57BL/6J,RB_HindlimbDrop,0.0,0.0,,True,True,False
PB_T3_14_4,28,Stroke,MOp/MOs (large),PB-T3.10 (WT-PT-Sham-8wks),C57BL/6J,RB_HindlimbDrop,0.0,0.0,,True,True,False
PB_T3_14_4,42,Stroke,MOp/MOs (large),PB-T3.10 (WT-PT-Sham-8wks),C57BL/6J,RB_HindlimbDrop,0.16666666666666666,0.0,,True,False,False
PB_T3_14_4,56,Stroke,MOp/MOs (large),PB-T3.10 (WT-PT-Sham-8wks),C57BL/6J,RB_HindlimbDrop,0.0,0.0,,True,True,False
PB_T3_14_5,0,Stroke,MOp/MOs (large),PB-T3.9 (WT-PT-8wks),C57BL/6J,RB_HindlimbDrop,0.0,0.0,,True,True,False
PB_T3_14_5,3,Stroke,MOp/MOs (large),PB-T3.9 (WT-PT-8wks),C57BL/6J,RB_HindlimbDrop,1.0,0.0,,True,False,False
PB_T3_14_5,7,Stroke,MOp/MOs (large),PB-T3.9 (WT-PT-8wks),C57BL/6J,RB_HindlimbDrop,0.0,0.0,,True,True,False
PB_T3_14_5,14,Stroke,MOp/MOs (large),PB-T3.9 (WT-PT-8wks),C57BL/6J,RB_HindlimbDrop,0.0,0.0,,True,True,False
PB_T3_14_5,21,Stroke,MOp/MOs (large),PB-T3.9 (WT-PT-8wks),C57BL/6J,RB_HindlimbDrop,0.0,0.0,,True,True,False
PB_T3_14_5,28,Stroke,MOp/MOs (large),PB-T3.9 (WT-PT-8wks),C57BL/6J,RB_HindlimbDrop,0.25,0.0,,True,False,False
PB_T3_14_5,42,Stroke,MOp/MOs (large),PB-T3.9 (WT-PT-8wks),C57BL/6J,RB_HindlimbDrop,0.25,0.0,,True,False,False
PB_T3_14_5,56,Stroke,MOp/MOs (large),PB-T3.9 (WT-PT-8wks),C57BL/6J,RB_HindlimbDrop,0.0,0.0,,True,True,False
PB_T3_15_2,0,Sham,MOp/MOs Sham,PB-T3.10 (WT-PT-Sham-8wks),C57BL/6J,RB_HindlimbDrop,0.67,0.0,,True,False,False
PB_T3_15_2,3,Sham,MOp/MOs Sham,PB-T3.10 (WT-PT-Sham-8wks),C57BL/6J,RB_HindlimbDrop,0.75,0.0,,True,False,False
PB_T3_15_2,21,Sham,MOp/MOs Sham,PB-T3.10 (WT-PT-Sham-8wks),C57BL/6J,RB_HindlimbDrop,0.0,0.0,,True,True,False
PB_T3_15_2,42,Sham,MOp/MOs Sham,PB-T3.10 (WT-PT-Sham-8wks),C57BL/6J,RB_HindlimbDrop,0.0,0.0,,True,True,False
PB_T3_15_2,56,Sham,MOp/MOs Sham,PB-T3.10 (WT-PT-Sham-8wks),C57BL/6J,RB_HindlimbDrop,0.0,0.0,,True,True,False
PB_T3_16_1,0,Sham,MOp/MOs Sham,PB-T3.10 (WT-PT-Sham-8wks),C57BL/6J,RB_HindlimbDrop,0.0,0.0,,True,True,False
PB_T3_16_1,3,Sham,MOp/MOs Sham,PB-T3.10 (WT-PT-Sham-8wks),C57BL/6J,RB_HindlimbDrop,0.5,0.0,,True,False,False
PB_T3_16_1,21,Sham,MOp/MOs Sham,PB-T3.10 (WT-PT-Sham-8wks),C57BL/6J,RB_HindlimbDrop,0.0,0.0,,True,True,False
PB_T3_16_1,42,Sham,MOp/MOs Sham,PB-T3.10 (WT-PT-Sham-8wks),C57BL/6J,RB_HindlimbDrop,0.0,0.0,,True,True,False
PB_T3_16_1,56,Sham,MOp/MOs Sham,PB-T3.10 (WT-PT-Sham-8wks),C57BL/6J,RB_HindlimbDrop,0.25,0.0,,True,False,False
PB_T3_16_2,0,Stroke,MOp/MOs (large),PB-T3.9 (WT-PT-8wks),C57BL/6J,RB_HindlimbDrop,1.0,0.0,,True,False,False
PB_T3_16_2,3,Stroke,MOp/MOs (large),PB-T3.9 (WT-PT-8wks),C57BL/6J,RB_HindlimbDrop,3.0,0.0,,True,False,False
PB_T3_16_2,21,Stroke,MOp/MOs (large),PB-T3.9 (WT-PT-8wks),C57BL/6J,RB_HindlimbDrop,0.0,0.0,,True,True,False
PB_T3_16_2,42,Stroke,MOp/MOs (large),PB-T3.9 (WT-PT-8wks),C57BL/6J,RB_HindlimbDrop,0.08333333333333333,0.0,,True,False,False
PB_T3_16_2,56,Stroke,MOp/MOs (large),PB-T3.9 (WT-PT-8wks),C57BL/6J,RB_HindlimbDrop,0.0,0.0,,True,True,False
PB_T3_16_3,0,Stroke,MOp/MOs (large),PB-T3.9 (WT-PT-8wks),C57BL/6J,RB_HindlimbDrop,0.0,0.0,,True,True,False
PB_T3_16_3,3,Stroke,MOp/MOs (large),PB-T3.9 (WT-PT-8wks),C57BL/6J,RB_HindlimbDrop,1.75,0.0,,True,False,False
PB_T3_16_3,21,Stroke,MOp/MOs (large),PB-T3.9 (WT-PT-8wks),C57BL/6J,RB_HindlimbDrop,0.5,0.0,,True,False,False
PB_T3_16_3,42,Stroke,MOp/MOs (large),PB-T3.9 (WT-PT-8wks),C57BL/6J,RB_HindlimbDrop,0.6666666666666666,0.0,,True,False,False
PB_T3_16_3,56,Stroke,MOp/MOs (large),PB-T3.9 (WT-PT-8wks),C57BL/6J,RB_HindlimbDrop,0.0,0.0,,True,True,False
PB_T3_17_1,0,Stroke,MOp/MOs (large),PB-T3.9 (WT-PT-8wks),C57BL/6J,RB_HindlimbDrop,1.0,0.0,,True,False,False
PB_T3_17_1,3,Stroke,MOp/MOs (large),PB-T3.9 (WT-PT-8wks),C57BL/6J,RB_HindlimbDrop,0.0,0.0,,True,True,False
PB_T3_17_1,21,Stroke,MOp/MOs (large),PB-T3.9 (WT-PT-8wks),C57BL/6J,RB_HindlimbDrop,1.0,0.0,,True,False,False
PB_T3_17_1,42,Stroke,MOp/MOs (large),PB-T3.9 (WT-PT-8wks),C57BL/6J,RB_HindlimbDrop,0.67,0.0,,True,False,False
PB_T3_17_1,56,Stroke,MOp/MOs (large),PB-T3.9 (WT-PT-8wks),C57BL/6J,RB_HindlimbDrop,0.0,0.0,,True,True,False
PB_T3_17_2,0,Stroke,MOp/MOs (large),PB-T3.10 (WT-PT-Sham-8wks),C57BL/6J,RB_HindlimbDrop,0.25,0.0,,True,False,False
PB_T3_17_2,21,Stroke,MOp/MOs (large),PB-T3.10 (WT-PT-Sham-8wks),C57BL/6J,RB_HindlimbDrop,0.5,0.0,,True,False,False
PB_T3_17_2,42,Stroke,MOp/MOs (large),PB-T3.10 (WT-PT-Sham-8wks),C57BL/6J,RB_HindlimbDrop,0.5,0.0,,True,False,False
PB_T3_17_2,56,Stroke,MOp/MOs (large),PB-T3.10 (WT-PT-Sham-8wks),C57BL/6J,RB_HindlimbDrop,0.25,0.0,,True,False,False
PB_T3_17_3,0,Stroke,MOp/MOs (large),PB-T3.9 (WT-PT-8wks),C57BL/6J,RB_HindlimbDrop,0.0,0.0,,True,True,False
PB_T3_17_3,3,Stroke,MOp/MOs (large),PB-T3.9 (WT-PT-8wks),C57BL/6J,RB_HindlimbDrop,2.0,0.0,,True,False,False
PB_T3_17_3,21,Stroke,MOp/MOs (large),PB-T3.9 (WT-PT-8wks),C57BL/6J,RB_HindlimbDrop,1.5,0.0,,True,False,False
PB_T3_17_3,42,Stroke,MOp/MOs (large),PB-T3.9 (WT-PT-8wks),C57BL/6J,RB_HindlimbDrop,0.125,0.0,,True,False,False
PB_T3_17_3,56,Stroke,MOp/MOs (large),PB-T3.9 (WT-PT-8wks),C57BL/6J,RB_HindlimbDrop,0.5,0.0,,True,False,False
PB_T3_25_1,0,Stroke,MOp/MOs (small),PB-T3.5 (WT-PT-4wks),C57BL/6J,RB_HindlimbDrop,1.0,0.0,,True,False,False
PB_T3_25_1,3,Stroke,MOp/MOs (small),PB-T3.5 (WT-PT-4wks),C57BL/6J,RB_HindlimbDrop,0.75,0.0,,True,False,False
PB_T3_25_1,7,Stroke,MOp/MOs (small),PB-T3.5 (WT-PT-4wks),C57BL/6J,RB_HindlimbDrop,0.5,0.0,,True,False,False
PB_T3_25_1,14,Stroke,MOp/MOs (small),PB-T3.5 (WT-PT-4wks),C57BL/6J,RB_HindlimbDrop,0.5,0.0,,True,False,False
PB_T3_25_1,21,Stroke,MOp/MOs (small),PB-T3.5 (WT-PT-4wks),C57BL/6J,RB_HindlimbDrop,0.25,0.0,,True,False,False
PB_T3_25_1,28,Stroke,MOp/MOs (small),PB-T3.5 (WT-PT-4wks),C57BL/6J,RB_HindlimbDrop,1.0,0.0,,True,False,False
PB_T3_25_2,0,Stroke,MOp/MOs (small),PB-T3.5 (WT-PT-4wks),C57BL/6J,RB_HindlimbDrop,0.25,0.0,,True,False,False
PB_T3_25_2,3,Stroke,MOp/MOs (small),PB-T3.5 (WT-PT-4wks),C57BL/6J,RB_HindlimbDrop,0.5,0.0,,True,False,False
PB_T3_25_2,7,Stroke,MOp/MOs (small),PB-T3.5 (WT-PT-4wks),C57BL/6J,RB_HindlimbDrop,0.25,0.0,,True,False,False
PB_T3_25_2,14,Stroke,MOp/MOs (small),PB-T3.5 (WT-PT-4wks),C57BL/6J,RB_HindlimbDrop,0.25,0.0,,True,False,False
PB_T3_25_2,21,Stroke,MOp/MOs (small),PB-T3.5 (WT-PT-4wks),C57BL/6J,RB_HindlimbDrop,0.5,0.0,,True,False,False
PB_T3_25_2,28,Stroke,MOp/MOs (small),PB-T3.5 (WT-PT-4wks),C57BL/6J,RB_HindlimbDrop,0.0,0.0,,True,True,False
PB_T3_25_3,0,Stroke,MOp/MOs (small),PB-T3.5 (WT-PT-4wks),C57BL/6J,RB_HindlimbDrop,0.0,0.0,,True,True,False
PB_T3_25_3,3,Stroke,MOp/MOs (small),PB-T3.5 (WT-PT-4wks),C57BL/6J,RB_HindlimbDrop,0.25,0.0,,True,False,False
PB_T3_25_3,7,Stroke,MOp/MOs (small),PB-T3.5 (WT-PT-4wks),C57BL/6J,RB_HindlimbDrop,1.25,0.0,,True,False,False
PB_T3_25_3,14,Stroke,MOp/MOs (small),PB-T3.5 (WT-PT-4wks),C57BL/6J,RB_HindlimbDrop,0.25,0.0,,True,False,False
PB_T3_25_3,21,Stroke,MOp/MOs (small),PB-T3.5 (WT-PT-4wks),C57BL/6J,RB_HindlimbDrop,0.5,0.0,,True,False,False
PB_T3_25_3,28,Stroke,MOp/MOs (small),PB-T3.5 (WT-PT-4wks),C57BL/6J,RB_HindlimbDrop,0.75,0.0,,True,False,False
PB_T3_25_4,0,Stroke,MOp/MOs (small),PB-T3.5 (WT-PT-4wks),C57BL/6J,RB_HindlimbDrop,0.25,0.0,,True,False,False
PB_T3_25_4,3,Stroke,MOp/MOs (small),PB-T3.5 (WT-PT-4wks),C57BL/6J,RB_HindlimbDrop,1.25,0.0,,True,False,False
PB_T3_25_4,7,Stroke,MOp/MOs (small),PB-T3.5 (WT-PT-4wks),C57BL/6J,RB_HindlimbDrop,0.0,0.0,,True,True,False
PB_T3_25_4,14,Stroke,MOp/MOs (small),PB-T3.5 (WT-PT-4wks),C57BL/6J,RB_HindlimbDrop,0.25,0.0,,True,False,False
PB_T3_25_4,21,Stroke,MOp/MOs (small),PB-T3.5 (WT-PT-4wks),C57BL/6J,RB_HindlimbDrop,0.25,0.0,,True,False,False
PB_T3_25_4,28,Stroke,MOp/MOs (small),PB-T3.5 (WT-PT-4wks),C57BL/6J,RB_HindlimbDrop,0.0,0.0,,True,True,False
PB_T3_6_1,0,Stroke,MOp/MOs (large),PB-T3.3 (WT-PT-2wks),C57BL/6J,RB_HindlimbDrop,0.0,0.0,,True,True,False
PB_T3_6_1,3,Stroke,MOp/MOs (large),PB-T3.3 (WT-PT-2wks),C57BL/6J,RB_HindlimbDrop,1.2,0.0,,True,False,False
PB_T3_6_1,14,Stroke,MOp/MOs (large),PB-T3.3 (WT-PT-2wks),C57BL/6J,RB_HindlimbDrop,0.25,0.0,,True,False,False
PB_T3_7_2,3,Stroke,MOp/MOs (large),PB-T3.3 (WT-PT-2wks),C57BL/6J,RB_HindlimbDrop,3.25,0.0,,True,False,False
PB_T3_7_2,14,Stroke,MOp/MOs (large),PB-T3.3 (WT-PT-2wks),C57BL/6J,RB_HindlimbDrop,0.0,0.0,,True,True,False
PB_T3_7_4,3,Sham,MOp/MOs Sham,PB-T3.4 (WT-PT-Sham-2wks),C57BL/6J,RB_HindlimbDrop,0.5,0.0,,True,False,False
PB_T3_7_4,14,Sham,MOp/MOs Sham,PB-T3.4 (WT-PT-Sham-2wks),C57BL/6J,RB_HindlimbDrop,0.25,0.0,,True,False,False
PB_T3_8_1,3,Stroke,MOp/MOs (large),PB-T3.3 (WT-PT-2wks),C57BL/6J,RB_HindlimbDrop,1.6,0.0,,True,False,False
PB_T3_8_1,14,Stroke,MOp/MOs (large),PB-T3.3 (WT-PT-2wks),C57BL/6J,RB_HindlimbDrop,0.5,0.0,,True,False,False
PB_T3_8_2,3,Stroke,MOp/MOs (large),PB-T3.4 (WT-PT-Sham-2wks),C57BL/6J,RB_HindlimbDrop,0.0,0.0,,True,True,False
PB_T3_8_2,14,Stroke,MOp/MOs (large),PB-T3.4 (WT-PT-Sham-2wks),C57BL/6J,RB_HindlimbDrop,0.75,0.0,,True,False,False
PB_T3_8_3,3,Stroke,MOp/MOs (large),PB-T3.3 (WT-PT-2wks),C57BL/6J,RB_HindlimbDrop,4.5,0.0,,True,False,False
PB_T3_8_3,14,Stroke,MOp/MOs (large),PB-T3.3 (WT-PT-2wks),C57BL/6J,RB_HindlimbDrop,0.75,0.0,,True,False,False
PB_T3_8_4,3,Stroke,MOp/MOs (large),PB-T3.3 (WT-PT-2wks),C57BL/6J,RB_HindlimbDrop,1.75,0.0,,True,False,False
PB_T3_8_4,14,Stroke,MOp/MOs (large),PB-T3.3 (WT-PT-2wks),C57BL/6J,RB_HindlimbDrop,0.25,0.0,,True,False,False
PB_T3_8_5,3,Stroke,MOp/MOs (large),PB-T3.3 (WT-PT-2wks),C57BL/6J,RB_HindlimbDrop,2.5,0.0,,True,False,False
PB_T3_8_5,14,Stroke,MOp/MOs (large),PB-T3.3 (WT-PT-2wks),C57BL/6J,RB_HindlimbDrop,0.25,0.0,,True,False,False
PB_T3_9_1,0,Stroke,MOp/MOs (large),PB-T3.3 (WT-PT-2wks),C57BL/6J,RB_HindlimbDrop,0.5,0.0,,True,False,False
PB_T3_9_1,7,Stroke,MOp/MOs (large),PB-T3.3 (WT-PT-2wks),C57BL/6J,RB_HindlimbDrop,2.0,0.0,,True,False,False
PB_T3_9_1,14,Stroke,MOp/MOs (large),PB-T3.3 (WT-PT-2wks),C57BL/6J,RB_HindlimbDrop,1.25,0.0,,True,False,False
PB_T3_9_2,0,Sham,MOp/MOs Sham,PB-T3.4 (WT-PT-Sham-2wks),C57BL/6J,RB_HindlimbDrop,0.5,0.0,,True,False,False
PB_T3_9_2,3,Sham,MOp/MOs Sham,PB-T3.4 (WT-PT-Sham-2wks),C57BL/6J,RB_HindlimbDrop,0.25,0.0,,True,False,False
PB_T3_9_2,7,Sham,MOp/MOs Sham,PB-T3.4 (WT-PT-Sham-2wks),C57BL/6J,RB_HindlimbDrop,0.25,0.0,,True,False,False
PB_T3_9_2,14,Sham,MOp/MOs Sham,PB-T3.4 (WT-PT-Sham-2wks),C57BL/6J,RB_HindlimbDrop,0.25,0.0,,True,False,False
PB_T3_9_3,0,Stroke,MOp/MOs (large),PB-T3.3 (WT-PT-2wks),C57BL/6J,RB_HindlimbDrop,0.0,0.0,,True,True,False
PB_T3_9_3,7,Stroke,MOp/MOs (large),PB-T3.3 (WT-PT-2wks),C57BL/6J,RB_HindlimbDrop,1.25,0.0,,True,False,False
PB_T3_9_3,14,Stroke,MOp/MOs (large),PB-T3.3 (WT-PT-2wks),C57BL/6J,RB_HindlimbDrop,1.25,0.0,,True,False,False
PB_T3_9_4,0,Stroke,MOp/MOs (large),PB-T3.3 (WT-PT-2wks),C57BL/6J,RB_HindlimbDrop,0.0,0.0,,True,True,False
PB_T3_9_4,3,Stroke,MOp/MOs (large),PB-T3.3 (WT-PT-2wks),C57BL/6J,RB_HindlimbDrop,1.5,0.0,,True,False,False
PB_T3_9_4,7,Stroke,MOp/MOs (large),PB-T3.3 (WT-PT-2wks),C57BL/6J,RB_HindlimbDrop,0.25,0.0,,True,False,False
PB_T3_9_4,14,Stroke,MOp/MOs (large),PB-T3.3 (WT-PT-2wks),C57BL/6J,RB_HindlimbDrop,0.25,0.0,,True,False,False
SP_T1.2.2_1_1,0,Stroke,MOs,"SP-T1.2.2 (WT-PT, BDA, MRI-4wks)",C57BL/6J,RB_HindlimbDrop,0.5,0.0,,True,False,False
SP_T1.2.2_1_1,3,Stroke,MOs,"SP-T1.2.2 (WT-PT, BDA, MRI-4wks)",C57BL/6J,RB_HindlimbDrop,1.0,0.0,,True,False,False
SP_T1.2.2_1_1,7,Stroke,MOs,"SP-T1.2.2 (WT-PT, BDA, MRI-4wks)",C57BL/6J,RB_HindlimbDrop,0.75,0.0,,True,False,False
SP_T1.2.2_1_1,14,Stroke,MOs,"SP-T1.2.2 (WT-PT, BDA, MRI-4wks)",C57BL/6J,RB_HindlimbDrop,1.25,0.0,,True,False,False
SP_T1.2.2_1_1,21,Stroke,MOs,"SP-T1.2.2 (WT-PT, BDA, MRI-4wks)",C57BL/6J,RB_HindlimbDrop,1.0,0.0,,True,False,False
SP_T1.2.2_1_1,28,Stroke,MOs,"SP-T1.2.2 (WT-PT, BDA, MRI-4wks)",C57BL/6J,RB_HindlimbDrop,1.5,0.0,,True,False,False
SP_T1.2.2_1_2,0,Stroke,MOs,"SP-T1.2.2 (WT-PT, BDA, MRI-4wks)",C57BL/6J,RB_HindlimbDrop,0.75,0.0,,True,False,False
SP_T1.2.2_1_2,3,Stroke,MOs,"SP-T1.2.2 (WT-PT, BDA, MRI-4wks)",C57BL/6J,RB_HindlimbDrop,2.25,0.0,,True,False,False
SP_T1.2.2_1_2,7,Stroke,MOs,"SP-T1.2.2 (WT-PT, BDA, MRI-4wks)",C57BL/6J,RB_HindlimbDrop,2.75,0.0,,True,False,False
SP_T1_11_1,0,Stroke,MOp/MOs (small),"SP-T1.2.2 (WT-PT, CTB 488, CTB 568, MRI-4wks)",C57BL/6J,RB_HindlimbDrop,0.0,0.0,,True,True,False
SP_T1_11_1,7,Stroke,MOp/MOs (small),"SP-T1.2.2 (WT-PT, CTB 488, CTB 568, MRI-4wks)",C57BL/6J,RB_HindlimbDrop,2.25,0.0,,True,False,False
SP_T1_11_1,14,Stroke,MOp/MOs (small),"SP-T1.2.2 (WT-PT, CTB 488, CTB 568, MRI-4wks)",C57BL/6J,RB_HindlimbDrop,0.0,0.0,,True,True,False
SP_T1_11_1,21,Stroke,MOp/MOs (small),"SP-T1.2.2 (WT-PT, CTB 488, CTB 568, MRI-4wks)",C57BL/6J,RB_HindlimbDrop,1.67,0.0,,True,False,False
SP_T1_11_2,0,Stroke,MOp/MOs (small),"SP-T1.2.2 (WT-PT, CTB 488, CTB 568, MRI-4wks)",C57BL/6J,RB_HindlimbDrop,0.0,0.0,,True,True,False
SP_T1_11_2,3,Stroke,MOp/MOs (small),"SP-T1.2.2 (WT-PT, CTB 488, CTB 568, MRI-4wks)",C57BL/6J,RB_HindlimbDrop,2.67,0.0,,True,False,False
SP_T1_11_2,7,Stroke,MOp/MOs (small),"SP-T1.2.2 (WT-PT, CTB 488, CTB 568, MRI-4wks)",C57BL/6J,RB_HindlimbDrop,1.0,0.0,,True,False,False
SP_T1_11_2,14,Stroke,MOp/MOs (small),"SP-T1.2.2 (WT-PT, CTB 488, CTB 568, MRI-4wks)",C57BL/6J,RB_HindlimbDrop,0.33,0.0,,True,False,False
SP_T1_11_2,21,Stroke,MOp/MOs (small),"SP-T1.2.2 (WT-PT, CTB 488, CTB 568, MRI-4wks)",C57BL/6J,RB_HindlimbDrop,0.75,0.0,,True,False,False
SP_T1_11_2,28,Stroke,MOp/MOs (small),"SP-T1.2.2 (WT-PT, CTB 488, CTB 568, MRI-4wks)",C57BL/6J,RB_HindlimbDrop,0.33,0.0,,True,False,False
SP_T1_11_3,0,Stroke,MOp/MOs (small),"SP-T1.2.2 (WT-PT, CTB 488, CTB 568, MRI-4wks)",C57BL/6J,RB_HindlimbDrop,0.0,0.0,,True,True,False
SP_T1_11_3,3,Stroke,MOp/MOs (small),"SP-T1.2.2 (WT-PT, CTB 488, CTB 568, MRI-4wks)",C57BL/6J,RB_HindlimbDrop,1.0,0.0,,True,False,False
SP_T1_11_3,7,Stroke,MOp/MOs (small),"SP-T1.2.2 (WT-PT, CTB 488, CTB 568, MRI-4wks)",C57BL/6J,RB_HindlimbDrop,0.75,0.0,,True,False,False
SP_T1_11_3,14,Stroke,MOp/MOs (small),"SP-T1.2.2 (WT-PT, CTB 488, CTB 568, MRI-4wks)",C57BL/6J,RB_HindlimbDrop,1.25,0.0,,True,False,False
SP_T1_11_3,21,Stroke,MOp/MOs (small),"SP-T1.2.2 (WT-PT, CTB 488, CTB 568, MRI-4wks)",C57BL/6J,RB_HindlimbDrop,0.67,0.0,,True,False,False
SP_T1_11_3,28,Stroke,MOp/MOs (small),"SP-T1.2.2 (WT-PT, CTB 488, CTB 568, MRI-4wks)",C57BL/6J,RB_HindlimbDrop,0.33,0.0,,True,False,False
SP_T1_12_2,0,Sham,MOp/MOs Sham,"SP-T1.2.4 (WT-PT-Sham, CTB 488, CTB 568, MRI-4wks)",C57BL/6J,RB_HindlimbDrop,0.0,0.0,,True,True,False
SP_T1_12_2,3,Sham,MOp/MOs Sham,"SP-T1.2.4 (WT-PT-Sham, CTB 488, CTB 568, MRI-4wks)",C57BL/6J,RB_HindlimbDrop,0.5,0.0,,True,False,False
SP_T1_12_2,7,Sham,MOp/MOs Sham,"SP-T1.2.4 (WT-PT-Sham, CTB 488, CTB 568, MRI-4wks)",C57BL/6J,RB_HindlimbDrop,1.0,0.0,,True,False,False
SP_T1_12_2,14,Sham,MOp/MOs Sham,"SP-T1.2.4 (WT-PT-Sham, CTB 488, CTB 568, MRI-4wks)",C57BL/6J,RB_HindlimbDrop,0.0,0.0,,True,True,False
SP_T1_12_2,21,Sham,MOp/MOs Sham,"SP-T1.2.4 (WT-PT-Sham, CTB 488, CTB 568, MRI-4wks)",C57BL/6J,RB_HindlimbDrop,0.67,0.0,,True,False,False
SP_T1_12_2,28,Sham,MOp/MOs Sham,"SP-T1.2.4 (WT-PT-Sham, CTB 488, CTB 568, MRI-4wks)",C57BL/6J,RB_HindlimbDrop,0.33,0.0,,True,False,False
SP_T1_13_1,0,Stroke,MOp/MOs (small),"SP-T1.2.2 (WT-PT, CTB 488, CTB 568, MRI-4wks)",C57BL/6J,RB_HindlimbDrop,0.0,0.0,,True,True,False
SP_T1_13_1,3,Stroke,MOp/MOs (small),"SP-T1.2.2 (WT-PT, CTB 488, CTB 568, MRI-4wks)",C57BL/6J,RB_HindlimbDrop,1.67,0.0,,True,False,False
SP_T1_13_1,7,Stroke,MOp/MOs (small),"SP-T1.2.2 (WT-PT, CTB 488, CTB 568, MRI-4wks)",C57BL/6J,RB_HindlimbDrop,1.0,0.0,,True,False,False
SP_T1_13_1,14,Stroke,MOp/MOs (small),"SP-T1.2.2 (WT-PT, CTB 488, CTB 568, MRI-4wks)",C57BL/6J,RB_HindlimbDrop,0.5,0.0,,True,False,False
SP_T1_13_1,21,Stroke,MOp/MOs (small),"SP-T1.2.2 (WT-PT, CTB 488, CTB 568, MRI-4wks)",C57BL/6J,RB_HindlimbDrop,0.0,0.0,,True,True,False
SP_T1_13_1,28,Stroke,MOp/MOs (small),"SP-T1.2.2 (WT-PT, CTB 488, CTB 568, MRI-4wks)",C57BL/6J,RB_HindlimbDrop,0.67,0.0,,True,False,False
SP_T1_13_4,0,Sham,MOp/MOs Sham,"SP-T1.2.4 (WT-PT-Sham, CTB 488, CTB 568, MRI-4wks)",C57BL/6J,RB_HindlimbDrop,0.67,0.0,,True,False,False
SP_T1_13_4,3,Sham,MOp/MOs Sham,"SP-T1.2.4 (WT-PT-Sham, CTB 488, CTB 568, MRI-4wks)",C57BL/6J,RB_HindlimbDrop,0.33,0.0,,True,False,False
SP_T1_13_4,7,Sham,MOp/MOs Sham,"SP-T1.2.4 (WT-PT-Sham, CTB 488, CTB 568, MRI-4wks)",C57BL/6J,RB_HindlimbDrop,0.75,0.0,,True,False,False
SP_T1_13_4,14,Sham,MOp/MOs Sham,"SP-T1.2.4 (WT-PT-Sham, CTB 488, CTB 568, MRI-4wks)",C57BL/6J,RB_HindlimbDrop,0.0,0.0,,True,True,False
SP_T1_13_4,21,Sham,MOp/MOs Sham,"SP-T1.2.4 (WT-PT-Sham, CTB 488, CTB 568, MRI-4wks)",C57BL/6J,RB_HindlimbDrop,0.25,0.0,,True,False,False
SP_T1_13_4,28,Sham,MOp/MOs Sham,"SP-T1.2.4 (WT-PT-Sham, CTB 488, CTB 568, MRI-4wks)",C57BL/6J,RB_HindlimbDrop,0.0,0.0,,True,True,False
SP_T1_14_1,0,Sham,MOp/MOs Sham,"SP-T1.2.3 (WT-PT-Sham, CTB 488, MRI-1wks)",C57BL/6J,RB_HindlimbDrop,0.33,0.0,,True,False,False
SP_T1_14_1,3,Sham,MOp/MOs Sham,"SP-T1.2.3 (WT-PT-Sham, CTB 488, MRI-1wks)",C57BL/6J,RB_HindlimbDrop,1.67,0.0,,True,False,False
SP_T1_14_1,7,Sham,MOp/MOs Sham,"SP-T1.2.3 (WT-PT-Sham, CTB 488, MRI-1wks)",C57BL/6J,RB_HindlimbDrop,1.5,0.0,,True,False,False
SP_T1_14_2,0,Sham,MOp/MOs Sham,"SP-T1.2.3 (WT-PT-Sham, CTB 488, MRI-1wks)",C57BL/6J,RB_HindlimbDrop,0.0,0.0,,True,True,False
SP_T1_14_2,3,Sham,MOp/MOs Sham,"SP-T1.2.3 (WT-PT-Sham, CTB 488, MRI-1wks)",C57BL/6J,RB_HindlimbDrop,1.0,0.0,,True,False,False
SP_T1_14_2,7,Sham,MOp/MOs Sham,"SP-T1.2.3 (WT-PT-Sham, CTB 488, MRI-1wks)",C57BL/6J,RB_HindlimbDrop,0.67,0.0,,True,False,False
SP_T1_15_1,0,Sham,MOp/MOs Sham,"SP-T1.2.3 (WT-PT-Sham, CTB 488, MRI-1wks)",C57BL/6J,RB_HindlimbDrop,0.0,0.0,,True,True,False
SP_T1_15_1,3,Sham,MOp/MOs Sham,"SP-T1.2.3 (WT-PT-Sham, CTB 488, MRI-1wks)",C57BL/6J,RB_HindlimbDrop,1.0,0.0,,True,False,False
SP_T1_15_1,7,Sham,MOp/MOs Sham,"SP-T1.2.3 (WT-PT-Sham, CTB 488, MRI-1wks)",C57BL/6J,RB_HindlimbDrop,1.25,0.0,,True,False,False
SP_T1_15_2,0,Sham,MOp/MOs Sham,"SP-T1.2.3 (WT-PT-Sham, CTB 488, MRI-1wks)",C57BL/6J,RB_HindlimbDrop,0.0,0.0,,True,True,False
SP_T1_15_2,3,Sham,MOp/MOs Sham,"SP-T1.2.3 (WT-PT-Sham, CTB 488, MRI-1wks)",C57BL/6J,RB_HindlimbDrop,1.0,0.0,,True,False,False
SP_T1_15_2,7,Sham,MOp/MOs Sham,"SP-T1.2.3 (WT-PT-Sham, CTB 488, MRI-1wks)",C57BL/6J,RB_HindlimbDrop,1.0,0.0,,True,False,False
SP_T1_1_1,0,Stroke,MOp/MOs (small),"SP-T1.2.2 (WT-PT, CTB 488, CTB 568, MRI-4wks)",C57BL/6J,RB_HindlimbDrop,0.0,0.0,,True,True,False
SP_T1_1_1,7,Stroke,MOp/MOs (small),"SP-T1.2.2 (WT-PT, CTB 488, CTB 568, MRI-4wks)",C57BL/6J,RB_HindlimbDrop,2.0,0.0,,True,False,False
SP_T1_1_1,14,Stroke,MOp/MOs (small),"SP-T1.2.2 (WT-PT, CTB 488, CTB 568, MRI-4wks)",C57BL/6J,RB_HindlimbDrop,2.0,0.0,,True,False,False
SP_T1_1_1,21,Stroke,MOp/MOs (small),"SP-T1.2.2 (WT-PT, CTB 488, CTB 568, MRI-4wks)",C57BL/6J,RB_HindlimbDrop,1.5,0.0,,True,False,False
SP_T1_1_2,0,Stroke,MOp/MOs (small),"SP-T1.2.2 (WT-PT, CTB 488, CTB 568, MRI-4wks)",C57BL/6J,RB_HindlimbDrop,0.0,0.0,,True,True,False
SP_T1_1_2,3,Stroke,MOp/MOs (small),"SP-T1.2.2 (WT-PT, CTB 488, CTB 568, MRI-4wks)",C57BL/6J,RB_HindlimbDrop,5.33,0.0,,True,False,False
SP_T1_1_2,7,Stroke,MOp/MOs (small),"SP-T1.2.2 (WT-PT, CTB 488, CTB 568, MRI-4wks)",C57BL/6J,RB_HindlimbDrop,1.33,0.0,,True,False,False
SP_T1_1_2,14,Stroke,MOp/MOs (small),"SP-T1.2.2 (WT-PT, CTB 488, CTB 568, MRI-4wks)",C57BL/6J,RB_HindlimbDrop,1.33,0.0,,True,False,False
SP_T1_1_2,21,Stroke,MOp/MOs (small),"SP-T1.2.2 (WT-PT, CTB 488, CTB 568, MRI-4wks)",C57BL/6J,RB_HindlimbDrop,0.33,0.0,,True,False,False
SP_T1_1_2,28,Stroke,MOp/MOs (small),"SP-T1.2.2 (WT-PT, CTB 488, CTB 568, MRI-4wks)",C57BL/6J,RB_HindlimbDrop,0.33,0.0,,True,False,False
SP_T1_1_3,0,Stroke,MOp/MOs (small),"SP-T1.2.2 (WT-PT, CTB 488, CTB 568, MRI-4wks)",C57BL/6J,RB_HindlimbDrop,0.0,0.0,,True,True,False
SP_T1_1_3,7,Stroke,MOp/MOs (small),"SP-T1.2.2 (WT-PT, CTB 488, CTB 568, MRI-4wks)",C57BL/6J,RB_HindlimbDrop,2.67,0.0,,True,False,False
SP_T1_1_3,14,Stroke,MOp/MOs (small),"SP-T1.2.2 (WT-PT, CTB 488, CTB 568, MRI-4wks)",C57BL/6J,RB_HindlimbDrop,1.0,0.0,,True,False,False
SP_T1_1_3,21,Stroke,MOp/MOs (small),"SP-T1.2.2 (WT-PT, CTB 488, CTB 568, MRI-4wks)",C57BL/6J,RB_HindlimbDrop,1.33,0.0,,True,False,False
SP_T1_1_3,28,Stroke,MOp/MOs (small),"SP-T1.2.2 (WT-PT, CTB 488, CTB 568, MRI-4wks)",C57BL/6J,RB_HindlimbDrop,1.0,0.0,,True,False,False
SP_T1_22_1,0,Stroke,MOp/MOs (small),"SP-T1.2.4 (WT-PT-Sham, CTB 488, CTB 568, MRI-4wks)",C57BL/6J,RB_HindlimbDrop,0.0,0.0,,True,True,False
SP_T1_22_1,3,Stroke,MOp/MOs (small),"SP-T1.2.4 (WT-PT-Sham, CTB 488, CTB 568, MRI-4wks)",C57BL/6J,RB_HindlimbDrop,0.0,0.0,,True,True,False
SP_T1_22_1,7,Stroke,MOp/MOs (small),"SP-T1.2.4 (WT-PT-Sham, CTB 488, CTB 568, MRI-4wks)",C57BL/6J,RB_HindlimbDrop,0.25,0.0,,True,False,False
SP_T1_22_1,14,Stroke,MOp/MOs (small),"SP-T1.2.4 (WT-PT-Sham, CTB 488, CTB 568, MRI-4wks)",C57BL/6J,RB_HindlimbDrop,0.33,0.0,,True,False,False
SP_T1_22_1,21,Stroke,MOp/MOs (small),"SP-T1.2.4 (WT-PT-Sham, CTB 488, CTB 568, MRI-4wks)",C57BL/6J,RB_HindlimbDrop,0.33,0.0,,True,False,False
SP_T1_22_1,28,Stroke,MOp/MOs (small),"SP-T1.2.4 (WT-PT-Sham, CTB 488, CTB 568, MRI-4wks)",C57BL/6J,RB_HindlimbDrop,0.33,0.0,,True,False,False
SP_T1_22_3,0,Stroke,MOp/MOs (small),"SP-T1.2.4 (WT-PT-Sham, CTB 488, CTB 568, MRI-4wks)",C57BL/6J,RB_HindlimbDrop,0.0,0.0,,True,True,False
SP_T1_22_3,3,Stroke,MOp/MOs (small),"SP-T1.2.4 (WT-PT-Sham, CTB 488, CTB 568, MRI-4wks)",C57BL/6J,RB_HindlimbDrop,0.0,0.0,,True,True,False
SP_T1_22_3,7,Stroke,MOp/MOs (small),"SP-T1.2.4 (WT-PT-Sham, CTB 488, CTB 568, MRI-4wks)",C57BL/6J,RB_HindlimbDrop,0.0,0.0,,True,True,False
SP_T1_22_3,14,Stroke,MOp/MOs (small),"SP-T1.2.4 (WT-PT-Sham, CTB 488, CTB 568, MRI-4wks)",C57BL/6J,RB_HindlimbDrop,0.33,0.0,,True,False,False
SP_T1_22_3,21,Stroke,MOp/MOs (small),"SP-T1.2.4 (WT-PT-Sham, CTB 488, CTB 568, MRI-4wks)",C57BL/6J,RB_HindlimbDrop,0.0,0.0,,True,True,False
SP_T1_22_3,28,Stroke,MOp/MOs (small),"SP-T1.2.4 (WT-PT-Sham, CTB 488, CTB 568, MRI-4wks)",C57BL/6J,RB_HindlimbDrop,0.5,0.0,,True,False,False
SP_T1_23_1,0,Sham,MOp/MOs Sham,"SP-T1.2.4 (WT-PT-Sham, CTB 488, CTB 568, MRI-4wks)",C57BL/6J,RB_HindlimbDrop,0.0,0.0,,True,True,False
SP_T1_23_1,7,Sham,MOp/MOs Sham,"SP-T1.2.4 (WT-PT-Sham, CTB 488, CTB 568, MRI-4wks)",C57BL/6J,RB_HindlimbDrop,1.25,0.0,,True,False,False
SP_T1_23_1,28,Sham,MOp/MOs Sham,"SP-T1.2.4 (WT-PT-Sham, CTB 488, CTB 568, MRI-4wks)",C57BL/6J,RB_HindlimbDrop,1.5,0.0,,True,False,False
SP_T1_23_2,0,Sham,MOp/MOs Sham,"SP-T1.2.4 (WT-PT-Sham, CTB 488, CTB 568, MRI-4wks)",C57BL/6J,RB_HindlimbDrop,0.0,0.0,,True,True,False
SP_T1_23_2,7,Sham,MOp/MOs Sham,"SP-T1.2.4 (WT-PT-Sham, CTB 488, CTB 568, MRI-4wks)",C57BL/6J,RB_HindlimbDrop,0.67,0.0,,True,False,False
SP_T1_23_2,14,Sham,MOp/MOs Sham,"SP-T1.2.4 (WT-PT-Sham, CTB 488, CTB 568, MRI-4wks)",C57BL/6J,RB_HindlimbDrop,1.33,0.0,,True,False,False
SP_T1_23_2,21,Sham,MOp/MOs Sham,"SP-T1.2.4 (WT-PT-Sham, CTB 488, CTB 568, MRI-4wks)",C57BL/6J,RB_HindlimbDrop,0.67,0.0,,True,False,False
SP_T1_23_2,28,Sham,MOp/MOs Sham,"SP-T1.2.4 (WT-PT-Sham, CTB 488, CTB 568, MRI-4wks)",C57BL/6J,RB_HindlimbDrop,1.0,0.0,,True,False,False
SP_T1_2_1,0,Stroke,MOp/MOs (small),"SP-T1.2.2 (WT-PT, CTB 488, CTB 568, MRI-4wks)",C57BL/6J,RB_HindlimbDrop,0.0,0.0,,True,True,False
SP_T1_2_1,7,Stroke,MOp/MOs (small),"SP-T1.2.2 (WT-PT, CTB 488, CTB 568, MRI-4wks)",C57BL/6J,RB_HindlimbDrop,2.67,0.0,,True,False,False
SP_T1_2_1,21,Stroke,MOp/MOs (small),"SP-T1.2.2 (WT-PT, CTB 488, CTB 568, MRI-4wks)",C57BL/6J,RB_HindlimbDrop,1.0,0.0,,True,False,False
SP_T1_2_2,0,Sham,MOp/MOs Sham,"SP-T1.2.4 (WT-PT-Sham, CTB 488, CTB 568, MRI-4wks)",C57BL/6J,RB_HindlimbDrop,0.5,0.0,,True,False,False
SP_T1_2_2,3,Sham,MOp/MOs Sham,"SP-T1.2.4 (WT-PT-Sham, CTB 488, CTB 568, MRI-4wks)",C57BL/6J,RB_HindlimbDrop,0.0,0.0,,True,True,False
SP_T1_2_2,7,Sham,MOp/MOs Sham,"SP-T1.2.4 (WT-PT-Sham, CTB 488, CTB 568, MRI-4wks)",C57BL/6J,RB_HindlimbDrop,0.5,0.0,,True,False,False
SP_T1_2_2,14,Sham,MOp/MOs Sham,"SP-T1.2.4 (WT-PT-Sham, CTB 488, CTB 568, MRI-4wks)",C57BL/6J,RB_HindlimbDrop,0.0,0.0,,True,True,False
SP_T1_2_2,21,Sham,MOp/MOs Sham,"SP-T1.2.4 (WT-PT-Sham, CTB 488, CTB 568, MRI-4wks)",C57BL/6J,RB_HindlimbDrop,0.0,0.0,,True,True,False
SP_T1_2_2,28,Sham,MOp/MOs Sham,"SP-T1.2.4 (WT-PT-Sham, CTB 488, CTB 568, MRI-4wks)",C57BL/6J,RB_HindlimbDrop,1.0,0.0,,True,False,False
SP_T1_2_3,0,Sham,MOp/MOs Sham,"SP-T1.2.4 (WT-PT-Sham, CTB 488, CTB 568, MRI-4wks)",C57BL/6J,RB_HindlimbDrop,0.0,0.0,,True,True,False
SP_T1_2_3,3,Sham,MOp/MOs Sham,"SP-T1.2.4 (WT-PT-Sham, CTB 488, CTB 568, MRI-4wks)",C57BL/6J,RB_HindlimbDrop,0.0,0.0,,True,True,False
SP_T1_2_3,7,Sham,MOp/MOs Sham,"SP-T1.2.4 (WT-PT-Sham, CTB 488, CTB 568, MRI-4wks)",C57BL/6J,RB_HindlimbDrop,0.33,0.0,,True,False,False
SP_T1_2_3,14,Sham,MOp/MOs Sham,"SP-T1.2.4 (WT-PT-Sham, CTB 488, CTB 568, MRI-4wks)",C57BL/6J,RB_HindlimbDrop,0.0,0.0,,True,True,False
SP_T1_2_3,21,Sham,MOp/MOs Sham,"SP-T1.2.4 (WT-PT-Sham, CTB 488, CTB 568, MRI-4wks)",C57BL/6J,RB_HindlimbDrop,0.33,0.0,,True,False,False
SP_T1_2_3,28,Sham,MOp/MOs Sham,"SP-T1.2.4 (WT-PT-Sham, CTB 488, CTB 568, MRI-4wks)",C57BL/6J,RB_HindlimbDrop,0.5,0.0,,True,False,False
SP_T1_33_1,0,Sham,MOp/MOs Sham,"SP-T1.2.4 (WT-PT-Sham, BDA, MRI-4wks)",C57BL/6J,RB_HindlimbDrop,0.25,0.0,,True,False,False
SP_T1_33_1,3,Sham,MOp/MOs Sham,"SP-T1.2.4 (WT-PT-Sham, BDA, MRI-4wks)",C57BL/6J,RB_HindlimbDrop,0.25,0.0,,True,False,False
SP_T1_33_1,7,Sham,MOp/MOs Sham,"SP-T1.2.4 (WT-PT-Sham, BDA, MRI-4wks)",C57BL/6J,RB_HindlimbDrop,0.0,0.0,,True,True,False
SP_T1_33_1,14,Sham,MOp/MOs Sham,"SP-T1.2.4 (WT-PT-Sham, BDA, MRI-4wks)",C57BL/6J,RB_HindlimbDrop,0.25,0.0,,True,False,False
SP_T1_33_1,21,Sham,MOp/MOs Sham,"SP-T1.2.4 (WT-PT-Sham, BDA, MRI-4wks)",C57BL/6J,RB_HindlimbDrop,0.5,0.0,,True,False,False
SP_T1_33_1,28,Sham,MOp/MOs Sham,"SP-T1.2.4 (WT-PT-Sham, BDA, MRI-4wks)",C57BL/6J,RB_HindlimbDrop,0.5,0.0,,True,False,False
SP_T1_33_2,0,Sham,MOp/MOs Sham,"SP-T1.2.4 (WT-PT-Sham, BDA, MRI-4wks)",C57BL/6J,RB_HindlimbDrop,0.25,0.0,,True,False,False
SP_T1_33_2,3,Sham,MOp/MOs Sham,"SP-T1.2.4 (WT-PT-Sham, BDA, MRI-4wks)",C57BL/6J,RB_HindlimbDrop,0.75,0.0,,True,False,False
SP_T1_33_2,7,Sham,MOp/MOs Sham,"SP-T1.2.4 (WT-PT-Sham, BDA, MRI-4wks)",C57BL/6J,RB_HindlimbDrop,0.5,0.0,,True,False,False
SP_T1_33_2,14,Sham,MOp/MOs Sham,"SP-T1.2.4 (WT-PT-Sham, BDA, MRI-4wks)",C57BL/6J,RB_HindlimbDrop,0.0,0.0,,True,True,False
SP_T1_33_2,21,Sham,MOp/MOs Sham,"SP-T1.2.4 (WT-PT-Sham, BDA, MRI-4wks)",C57BL/6J,RB_HindlimbDrop,0.25,0.0,,True,False,False
SP_T1_33_2,28,Sham,MOp/MOs Sham,"SP-T1.2.4 (WT-PT-Sham, BDA, MRI-4wks)",C57BL/6J,RB_HindlimbDrop,0.25,0.0,,True,False,False
SP_T1_33_3,0,Sham,MOp/MOs Sham,"SP-T1.2.4 (WT-PT-Sham, BDA, MRI-4wks)",C57BL/6J,RB_HindlimbDrop,0.25,0.0,,True,False,False
SP_T1_33_3,3,Sham,MOp/MOs Sham,"SP-T1.2.4 (WT-PT-Sham, BDA, MRI-4wks)",C57BL/6J,RB_HindlimbDrop,0.75,0.0,,True,False,False
SP_T1_33_3,7,Sham,MOp/MOs Sham,"SP-T1.2.4 (WT-PT-Sham, BDA, MRI-4wks)",C57BL/6J,RB_HindlimbDrop,0.5,0.0,,True,False,False
SP_T1_33_3,14,Sham,MOp/MOs Sham,"SP-T1.2.4 (WT-PT-Sham, BDA, MRI-4wks)",C57BL/6J,RB_HindlimbDrop,1.25,0.0,,True,False,False
SP_T1_33_3,21,Sham,MOp/MOs Sham,"SP-T1.2.4 (WT-PT-Sham, BDA, MRI-4wks)",C57BL/6J,RB_HindlimbDrop,0.0,0.0,,True,True,False
SP_T1_33_3,28,Sham,MOp/MOs Sham,"SP-T1.2.4 (WT-PT-Sham, BDA, MRI-4wks)",C57BL/6J,RB_HindlimbDrop,1.33,0.0,,True,False,False
SP_T1_33_4,0,Sham,MOp/MOs Sham,"SP-T1.2.4 (WT-PT-Sham, BDA, MRI-4wks)",C57BL/6J,RB_HindlimbDrop,0.25,0.0,,True,False,False
SP_T1_33_4,3,Sham,MOp/MOs Sham,"SP-T1.2.4 (WT-PT-Sham, BDA, MRI-4wks)",C57BL/6J,RB_HindlimbDrop,0.0,0.0,,True,True,False
SP_T1_33_4,7,Sham,MOp/MOs Sham,"SP-T1.2.4 (WT-PT-Sham, BDA, MRI-4wks)",C57BL/6J,RB_HindlimbDrop,1.0,0.0,,True,False,False
SP_T1_33_4,14,Sham,MOp/MOs Sham,"SP-T1.2.4 (WT-PT-Sham, BDA, MRI-4wks)",C57BL/6J,RB_HindlimbDrop,0.0,0.0,,True,True,False
SP_T1_33_4,21,Sham,MOp/MOs Sham,"SP-T1.2.4 (WT-PT-Sham, BDA, MRI-4wks)",C57BL/6J,RB_HindlimbDrop,0.0,0.0,,True,True,False
SP_T1_33_4,28,Sham,MOp/MOs Sham,"SP-T1.2.4 (WT-PT-Sham, BDA, MRI-4wks)",C57BL/6J,RB_HindlimbDrop,1.0,0.0,,True,False,False
SP_T1_3_1,0,Stroke,MOp/MOs (small),"SP-T1.2.1 (WT-PT, CTB 488, MRI-1wks)",C57BL/6J,RB_HindlimbDrop,0.0,0.0,,True,True,False
SP_T1_3_1,7,Stroke,MOp/MOs (small),"SP-T1.2.1 (WT-PT, CTB 488, MRI-1wks)",C57BL/6J,RB_HindlimbDrop,3.0,0.0,,True,False,False
SP_T1_3_2,0,Stroke,MOp/MOs (small),"SP-T1.2.1 (WT-PT, CTB 488, MRI-1wks)",C57BL/6J,RB_HindlimbDrop,0.67,0.0,,True,False,False
SP_T1_3_2,3,Stroke,MOp/MOs (small),"SP-T1.2.1 (WT-PT, CTB 488, MRI-1wks)",C57BL/6J,RB_HindlimbDrop,2.67,0.0,,True,False,False
SP_T1_3_2,7,Stroke,MOp/MOs (small),"SP-T1.2.1 (WT-PT, CTB 488, MRI-1wks)",C57BL/6J,RB_HindlimbDrop,0.33,0.0,,True,False,False
SP_T1_3_3,0,Stroke,MOp/MOs (small),"SP-T1.2.1 (WT-PT, CTB 488, MRI-1wks)",C57BL/6J,RB_HindlimbDrop,0.0,0.0,,True,True,False
SP_T1_3_3,3,Stroke,MOp/MOs (small),"SP-T1.2.1 (WT-PT, CTB 488, MRI-1wks)",C57BL/6J,RB_HindlimbDrop,1.67,0.0,,True,False,False
SP_T1_3_3,7,Stroke,MOp/MOs (small),"SP-T1.2.1 (WT-PT, CTB 488, MRI-1wks)",C57BL/6J,RB_HindlimbDrop,1.67,0.0,,True,False,False
SP_T1_3_4,0,Stroke,MOp/MOs (small),"SP-T1.2.1 (WT-PT, CTB 488, MRI-1wks)",C57BL/6J,RB_HindlimbDrop,0.0,0.0,,True,True,False
SP_T1_3_4,3,Stroke,MOp/MOs (small),"SP-T1.2.1 (WT-PT, CTB 488, MRI-1wks)",C57BL/6J,RB_HindlimbDrop,4.33,0.0,,True,False,False
SP_T1_4_1,0,Stroke,MOp/MOs (small),"SP-T1.2.2 (WT-PT, CTB 488, CTB 568, MRI-4wks)",C57BL/6J,RB_HindlimbDrop,0.25,0.0,,True,False,False
SP_T1_4_1,3,Stroke,MOp/MOs (small),"SP-T1.2.2 (WT-PT, CTB 488, CTB 568, MRI-4wks)",C57BL/6J,RB_HindlimbDrop,2.67,0.0,,True,False,False
SP_T1_4_1,7,Stroke,MOp/MOs (small),"SP-T1.2.2 (WT-PT, CTB 488, CTB 568, MRI-4wks)",C57BL/6J,RB_HindlimbDrop,1.0,0.0,,True,False,False
SP_T1_4_1,14,Stroke,MOp/MOs (small),"SP-T1.2.2 (WT-PT, CTB 488, CTB 568, MRI-4wks)",C57BL/6J,RB_HindlimbDrop,1.67,0.0,,True,False,False
SP_T1_4_1,21,Stroke,MOp/MOs (small),"SP-T1.2.2 (WT-PT, CTB 488, CTB 568, MRI-4wks)",C57BL/6J,RB_HindlimbDrop,1.33,0.0,,True,False,False
SP_T1_4_2,0,Stroke,MOp/MOs (small),"SP-T1.2.2 (WT-PT, CTB 488, CTB 568, MRI-4wks)",C57BL/6J,RB_HindlimbDrop,0.0,0.0,,True,True,False
SP_T1_4_2,7,Stroke,MOp/MOs (small),"SP-T1.2.2 (WT-PT, CTB 488, CTB 568, MRI-4wks)",C57BL/6J,RB_HindlimbDrop,2.5,0.0,,True,False,False
SP_T1_4_2,14,Stroke,MOp/MOs (small),"SP-T1.2.2 (WT-PT, CTB 488, CTB 568, MRI-4wks)",C57BL/6J,RB_HindlimbDrop,2.0,0.0,,True,False,False
SP_T1_4_2,21,Stroke,MOp/MOs (small),"SP-T1.2.2 (WT-PT, CTB 488, CTB 568, MRI-4wks)",C57BL/6J,RB_HindlimbDrop,1.75,0.0,,True,False,False
SP_T1_4_3,0,Stroke,MOp/MOs (small),"SP-T1.2.2 (WT-PT, CTB 488, CTB 568, MRI-4wks)",C57BL/6J,RB_HindlimbDrop,0.67,0.0,,True,False,False
SP_T1_4_3,3,Stroke,MOp/MOs (small),"SP-T1.2.2 (WT-PT, CTB 488, CTB 568, MRI-4wks)",C57BL/6J,RB_HindlimbDrop,4.33,0.0,,True,False,False
SP_T1_4_3,7,Stroke,MOp/MOs (small),"SP-T1.2.2 (WT-PT, CTB 488, CTB 568, MRI-4wks)",C57BL/6J,RB_HindlimbDrop,2.75,0.0,,True,False,False
SP_T1_4_3,14,Stroke,MOp/MOs (small),"SP-T1.2.2 (WT-PT, CTB 488, CTB 568, MRI-4wks)",C57BL/6J,RB_HindlimbDrop,2.0,0.0,,True,False,False
SP_T1_4_3,21,Stroke,MOp/MOs (small),"SP-T1.2.2 (WT-PT, CTB 488, CTB 568, MRI-4wks)",C57BL/6J,RB_HindlimbDrop,0.67,0.0,,True,False,False
SP_T1_4_3,28,Stroke,MOp/MOs (small),"SP-T1.2.2 (WT-PT, CTB 488, CTB 568, MRI-4wks)",C57BL/6J,RB_HindlimbDrop,0.5,0.0,,True,False,False
SP_T1_6_1,0,Stroke,MOp/MOs (small),"SP-T1.2.2 (WT-PT, CTB 488, CTB 568, MRI-4wks)",C57BL/6J,RB_HindlimbDrop,1.0,0.0,,True,False,False
SP_T1_6_1,7,Stroke,MOp/MOs (small),"SP-T1.2.2 (WT-PT, CTB 488, CTB 568, MRI-4wks)",C57BL/6J,RB_HindlimbDrop,2.75,0.0,,True,False,False
SP_T1_6_1,14,Stroke,MOp/MOs (small),"SP-T1.2.2 (WT-PT, CTB 488, CTB 568, MRI-4wks)",C57BL/6J,RB_HindlimbDrop,2.0,0.0,,True,False,False
SP_T1_6_1,21,Stroke,MOp/MOs (small),"SP-T1.2.2 (WT-PT, CTB 488, CTB 568, MRI-4wks)",C57BL/6J,RB_HindlimbDrop,0.67,0.0,,True,False,False
SP_T1_6_1,28,Stroke,MOp/MOs (small),"SP-T1.2.2 (WT-PT, CTB 488, CTB 568, MRI-4wks)",C57BL/6J,RB_HindlimbDrop,0.67,0.0,,True,False,False
SP_T1_7_1,3,Stroke,MOp/MOs (small),"SP-T1.2.2 (WT-PT, CTB 488, CTB 568, MRI-4wks)",C57BL/6J,RB_HindlimbDrop,3.67,0.0,,True,False,False
SP_T1_7_1,14,Stroke,MOp/MOs (small),"SP-T1.2.2 (WT-PT, CTB 488, CTB 568, MRI-4wks)",C57BL/6J,RB_HindlimbDrop,1.0,0.0,,True,False,False
SP_T1_7_1,21,Stroke,MOp/MOs (small),"SP-T1.2.2 (WT-PT, CTB 488, CTB 568, MRI-4wks)",C57BL/6J,RB_HindlimbDrop,1.75,0.0,,True,False,False
SP_T1_7_1,28,Stroke,MOp/MOs (small),"SP-T1.2.2 (WT-PT, CTB 488, CTB 568, MRI-4wks)",C57BL/6J,RB_HindlimbDrop,0.75,0.0,,True,False,False
SP_V1_10_1,0,Stroke,MOp/MOs (small),SP-V1.3.1 (WT-PT-4wks),C57BL/6J,RB_HindlimbDrop,0.0,0.0,,True,True,False
SP_V1_10_1,3,Stroke,MOp/MOs (small),SP-V1.3.1 (WT-PT-4wks),C57BL/6J,RB_HindlimbDrop,0.0,0.0,,True,True,False
SP_V1_10_1,7,Stroke,MOp/MOs (small),SP-V1.3.1 (WT-PT-4wks),C57BL/6J,RB_HindlimbDrop,0.75,0.0,,True,False,False
SP_V1_10_1,14,Stroke,MOp/MOs (small),SP-V1.3.1 (WT-PT-4wks),C57BL/6J,RB_HindlimbDrop,0.0,0.0,,True,True,False
SP_V1_10_1,21,Stroke,MOp/MOs (small),SP-V1.3.1 (WT-PT-4wks),C57BL/6J,RB_HindlimbDrop,0.67,0.0,,True,False,False
SP_V1_10_1,28,Stroke,MOp/MOs (small),SP-V1.3.1 (WT-PT-4wks),C57BL/6J,RB_HindlimbDrop,1.0,0.0,,True,False,False
SP_V1_10_2,0,Stroke,MOp/MOs (small),SP-V1.3.1 (WT-PT-4wks),C57BL/6J,RB_HindlimbDrop,0.33,0.0,,True,False,False
SP_V1_10_2,3,Stroke,MOp/MOs (small),SP-V1.3.1 (WT-PT-4wks),C57BL/6J,RB_HindlimbDrop,1.0,0.0,,True,False,False
SP_V1_10_3,0,Sham,MOp/MOs Sham,SP-V1.3.2 (WT-PT-Sham-4wks),C57BL/6J,RB_HindlimbDrop,0.0,0.0,,True,True,False
SP_V1_10_3,3,Sham,MOp/MOs Sham,SP-V1.3.2 (WT-PT-Sham-4wks),C57BL/6J,RB_HindlimbDrop,0.0,0.0,,True,True,False
SP_V1_10_3,7,Sham,MOp/MOs Sham,SP-V1.3.2 (WT-PT-Sham-4wks),C57BL/6J,RB_HindlimbDrop,0.33,0.0,,True,False,False
SP_V1_10_3,14,Sham,MOp/MOs Sham,SP-V1.3.2 (WT-PT-Sham-4wks),C57BL/6J,RB_HindlimbDrop,0.0,0.0,,True,True,False
SP_V1_10_3,21,Sham,MOp/MOs Sham,SP-V1.3.2 (WT-PT-Sham-4wks),C57BL/6J,RB_HindlimbDrop,0.67,0.0,,True,False,False
SP_V1_10_3,28,Sham,MOp/MOs Sham,SP-V1.3.2 (WT-PT-Sham-4wks),C57BL/6J,RB_HindlimbDrop,0.0,0.0,,True,True,False
SP_V1_10_4,0,Sham,MOp/MOs Sham,SP-V1.3.2 (WT-PT-Sham-4wks),C57BL/6J,RB_HindlimbDrop,0.33,0.0,,True,False,False
SP_V1_10_4,3,Sham,MOp/MOs Sham,SP-V1.3.2 (WT-PT-Sham-4wks),C57BL/6J,RB_HindlimbDrop,0.5,0.0,,True,False,False
SP_V1_10_4,7,Sham,MOp/MOs Sham,SP-V1.3.2 (WT-PT-Sham-4wks),C57BL/6J,RB_HindlimbDrop,0.0,0.0,,True,True,False
SP_V1_10_4,14,Sham,MOp/MOs Sham,SP-V1.3.2 (WT-PT-Sham-4wks),C57BL/6J,RB_HindlimbDrop,0.0,0.0,,True,True,False
SP_V1_10_4,21,Sham,MOp/MOs Sham,SP-V1.3.2 (WT-PT-Sham-4wks),C57BL/6J,RB_HindlimbDrop,0.0,0.0,,True,True,False
SP_V1_10_4,28,Sham,MOp/MOs Sham,SP-V1.3.2 (WT-PT-Sham-4wks),C57BL/6J,RB_HindlimbDrop,0.0,0.0,,True,True,False
SP_V1_11_1,0,Stroke,MOp/MOs (large),SP-V1.3.1 (WT-PT-4wks),C57BL/6J,RB_HindlimbDrop,1.0,0.0,,True,False,False
SP_V1_11_2,0,Stroke,MOp/MOs (large),SP-V1.3.1 (WT-PT-4wks),C57BL/6J,RB_HindlimbDrop,1.0,0.0,,True,False,False
SP_V1_11_4,0,Sham,MOp/MOs Sham,SP-V1.3.2 (WT-PT-Sham-4wks),C57BL/6J,RB_HindlimbDrop,0.5,0.0,,True,False,False
SP_V1_11_5,0,Sham,MOp/MOs Sham,SP-V1.1.1 (WT-MCAO-4wks),C57BL/6J,RB_HindlimbDrop,1.25,0.0,,True,False,False
SP_V1_1_1,0,Stroke,MOp/MOs (large),SP-V1.3.1 (WT-PT-4wks),C57BL/6J,RB_HindlimbDrop,0.0,0.0,,True,True,False
SP_V1_1_1,3,Stroke,MOp/MOs (large),SP-V1.3.1 (WT-PT-4wks),C57BL/6J,RB_HindlimbDrop,4.5,0.0,,True,False,False
SP_V1_1_1,7,Stroke,MOp/MOs (large),SP-V1.3.1 (WT-PT-4wks),C57BL/6J,RB_HindlimbDrop,1.0,0.0,,True,False,False
SP_V1_1_1,21,Stroke,MOp/MOs (large),SP-V1.3.1 (WT-PT-4wks),C57BL/6J,RB_HindlimbDrop,2.0,0.0,,True,False,False
SP_V1_1_3,0,Stroke,MOp/MOs (large),SP-V1.3.1 (WT-PT-4wks),C57BL/6J,RB_HindlimbDrop,0.0,0.0,,True,True,False
SP_V1_1_3,3,Stroke,MOp/MOs (large),SP-V1.3.1 (WT-PT-4wks),C57BL/6J,RB_HindlimbDrop,2.5,0.0,,True,False,False
SP_V1_1_3,7,Stroke,MOp/MOs (large),SP-V1.3.1 (WT-PT-4wks),C57BL/6J,RB_HindlimbDrop,1.5,0.0,,True,False,False
SP_V1_1_3,14,Stroke,MOp/MOs (large),SP-V1.3.1 (WT-PT-4wks),C57BL/6J,RB_HindlimbDrop,0.5,0.0,,True,False,False
SP_V1_1_3,21,Stroke,MOp/MOs (large),SP-V1.3.1 (WT-PT-4wks),C57BL/6J,RB_HindlimbDrop,0.67,0.0,,True,False,False
SP_V1_1_3,28,Stroke,MOp/MOs (large),SP-V1.3.1 (WT-PT-4wks),C57BL/6J,RB_HindlimbDrop,0.5,0.0,,True,False,False
SP_V1_1_4,0,Sham,MOp/MOs Sham,SP-V1.3.2 (WT-PT-Sham-4wks),C57BL/6J,RB_HindlimbDrop,0.0,0.0,,True,True,False
SP_V1_1_4,3,Sham,MOp/MOs Sham,SP-V1.3.2 (WT-PT-Sham-4wks),C57BL/6J,RB_HindlimbDrop,0.0,0.0,,True,True,False
SP_V1_1_4,7,Sham,MOp/MOs Sham,SP-V1.3.2 (WT-PT-Sham-4wks),C57BL/6J,RB_HindlimbDrop,1.0,0.0,,True,False,False
SP_V1_1_4,14,Sham,MOp/MOs Sham,SP-V1.3.2 (WT-PT-Sham-4wks),C57BL/6J,RB_HindlimbDrop,0.5,0.0,,True,False,False
SP_V1_1_4,21,Sham,MOp/MOs Sham,SP-V1.3.2 (WT-PT-Sham-4wks),C57BL/6J,RB_HindlimbDrop,0.0,0.0,,True,True,False
SP_V1_1_4,28,Sham,MOp/MOs Sham,SP-V1.3.2 (WT-PT-Sham-4wks),C57BL/6J,RB_HindlimbDrop,0.0,0.0,,True,True,False
SP_V1_1_5,0,Sham,MOp/MOs Sham,SP-V1.3.2 (WT-PT-Sham-4wks),C57BL/6J,RB_HindlimbDrop,0.5,0.0,,True,False,False
SP_V1_1_5,3,Sham,MOp/MOs Sham,SP-V1.3.2 (WT-PT-Sham-4wks),C57BL/6J,RB_HindlimbDrop,0.33,0.0,,True,False,False
SP_V1_1_5,7,Sham,MOp/MOs Sham,SP-V1.3.2 (WT-PT-Sham-4wks),C57BL/6J,RB_HindlimbDrop,0.0,0.0,,True,True,False
SP_V1_1_5,14,Sham,MOp/MOs Sham,SP-V1.3.2 (WT-PT-Sham-4wks),C57BL/6J,RB_HindlimbDrop,0.5,0.0,,True,False,False
SP_V1_1_5,21,Sham,MOp/MOs Sham,SP-V1.3.2 (WT-PT-Sham-4wks),C57BL/6J,RB_HindlimbDrop,0.33,0.0,,True,False,False
SP_V1_1_5,28,Sham,MOp/MOs Sham,SP-V1.3.2 (WT-PT-Sham-4wks),C57BL/6J,RB_HindlimbDrop,0.5,0.0,,True,False,False
SP_V1_2_1,0,Stroke,MOp/MOs (large),SP-V1.3.1 (WT-PT-4wks),C57BL/6J,RB_HindlimbDrop,1.0,0.0,,True,False,False
SP_V1_2_1,3,Stroke,MOp/MOs (large),SP-V1.3.1 (WT-PT-4wks),C57BL/6J,RB_HindlimbDrop,3.5,0.0,,True,False,False
SP_V1_2_1,7,Stroke,MOp/MOs (large),SP-V1.3.1 (WT-PT-4wks),C57BL/6J,RB_HindlimbDrop,2.5,0.0,,True,False,False
SP_V1_2_1,14,Stroke,MOp/MOs (large),SP-V1.3.1 (WT-PT-4wks),C57BL/6J,RB_HindlimbDrop,1.0,0.0,,True,False,False
SP_V1_2_1,21,Stroke,MOp/MOs (large),SP-V1.3.1 (WT-PT-4wks),C57BL/6J,RB_HindlimbDrop,2.0,0.0,,True,False,False
SP_V1_2_1,28,Stroke,MOp/MOs (large),SP-V1.3.1 (WT-PT-4wks),C57BL/6J,RB_HindlimbDrop,0.0,0.0,,True,True,False
SP_V1_2_2,0,Stroke,MOp/MOs (large),SP-V1.3.1 (WT-PT-4wks),C57BL/6J,RB_HindlimbDrop,0.5,0.0,,True,False,False
SP_V1_2_2,3,Stroke,MOp/MOs (large),SP-V1.3.1 (WT-PT-4wks),C57BL/6J,RB_HindlimbDrop,2.67,0.0,,True,False,False
SP_V1_2_2,7,Stroke,MOp/MOs (large),SP-V1.3.1 (WT-PT-4wks),C57BL/6J,RB_HindlimbDrop,2.0,0.0,,True,False,False
SP_V1_2_2,28,Stroke,MOp/MOs (large),SP-V1.3.1 (WT-PT-4wks),C57BL/6J,RB_HindlimbDrop,0.5,0.0,,True,False,False
SP_V1_6_1,0,Stroke,MOp/MOs (small),SP-V1.3.1 (WT-PT-4wks),C57BL/6J,RB_HindlimbDrop,0.0,0.0,,True,True,False
SP_V1_6_1,3,Stroke,MOp/MOs (small),SP-V1.3.1 (WT-PT-4wks),C57BL/6J,RB_HindlimbDrop,1.67,0.0,,True,False,False
SP_V1_6_1,7,Stroke,MOp/MOs (small),SP-V1.3.1 (WT-PT-4wks),C57BL/6J,RB_HindlimbDrop,1.0,0.0,,True,False,False
SP_V1_6_1,14,Stroke,MOp/MOs (small),SP-V1.3.1 (WT-PT-4wks),C57BL/6J,RB_HindlimbDrop,0.75,0.0,,True,False,False
SP_V1_6_1,21,Stroke,MOp/MOs (small),SP-V1.3.1 (WT-PT-4wks),C57BL/6J,RB_HindlimbDrop,0.5,0.0,,True,False,False
SP_V1_6_1,28,Stroke,MOp/MOs (small),SP-V1.3.1 (WT-PT-4wks),C57BL/6J,RB_HindlimbDrop,0.33,0.0,,True,False,False
SP_V1_6_2,0,Stroke,MOp/MOs (small),SP-V1.3.1 (WT-PT-4wks),C57BL/6J,RB_HindlimbDrop,0.0,0.0,,True,True,False
SP_V1_6_2,3,Stroke,MOp/MOs (small),SP-V1.3.1 (WT-PT-4wks),C57BL/6J,RB_HindlimbDrop,1.0,0.0,,True,False,False
SP_V1_6_2,7,Stroke,MOp/MOs (small),SP-V1.3.1 (WT-PT-4wks),C57BL/6J,RB_HindlimbDrop,1.0,0.0,,True,False,False
SP_V1_6_2,14,Stroke,MOp/MOs (small),SP-V1.3.1 (WT-PT-4wks),C57BL/6J,RB_HindlimbDrop,1.25,0.0,,True,False,False
SP_V1_6_2,21,Stroke,MOp/MOs (small),SP-V1.3.1 (WT-PT-4wks),C57BL/6J,RB_HindlimbDrop,0.5,0.0,,True,False,False
SP_V1_6_2,28,Stroke,MOp/MOs (small),SP-V1.3.1 (WT-PT-4wks),C57BL/6J,RB_HindlimbDrop,0.0,0.0,,True,True,False
SP_V1_8_2,0,Stroke,MOp/MOs (large),SP-V1.3.1 (WT-PT-4wks),C57BL/6J,RB_HindlimbDrop,0.0,0.0,,True,True,False
SP_V1_8_2,3,Stroke,MOp/MOs (large),SP-V1.3.1 (WT-PT-4wks),C57BL/6J,RB_HindlimbDrop,1.75,0.0,,True,False,False
SP_V1_8_2,7,Stroke,MOp/MOs (large),SP-V1.3.1 (WT-PT-4wks),C57BL/6J,RB_HindlimbDrop,0.0,0.0,,True,True,False
SP_V1_8_2,14,Stroke,MOp/MOs (large),SP-V1.3.1 (WT-PT-4wks),C57BL/6J,RB_HindlimbDrop,0.25,0.0,,True,False,False
SP_V1_8_2,21,Stroke,MOp/MOs (large),SP-V1.3.1 (WT-PT-4wks),C57BL/6J,RB_HindlimbDrop,0.5,0.0,,True,False,False
SP_V1_8_2,28,Stroke,MOp/MOs (large),SP-V1.3.1 (WT-PT-4wks),C57BL/6J,RB_HindlimbDrop,0.0,0.0,,True,True,False
SP_V1_9_1,3,Stroke,MOp/MOs (large),SP-V1.3.1 (WT-PT-4wks),C57BL/6J,RB_HindlimbDrop,2.0,0.0,,True,False,False
SP_V1_9_1,7,Stroke,MOp/MOs (large),SP-V1.3.1 (WT-PT-4wks),C57BL/6J,RB_HindlimbDrop,0.75,0.0,,True,False,False
SP_V1_9_1,14,Stroke,MOp/MOs (large),SP-V1.3.1 (WT-PT-4wks),C57BL/6J,RB_HindlimbDrop,1.0,0.0,,True,False,False
SP_V1_9_1,21,Stroke,MOp/MOs (large),SP-V1.3.1 (WT-PT-4wks),C57BL/6J,RB_HindlimbDrop,0.33,0.0,,True,False,False
SP_V1_9_1,28,Stroke,MOp/MOs (large),SP-V1.3.1 (WT-PT-4wks),C57BL/6J,RB_HindlimbDrop,1.33,0.0,,True,False,False
SP_V1_9_2,0,Stroke,MOp/MOs (large),SP-V1.3.1 (WT-PT-4wks),C57BL/6J,RB_HindlimbDrop,0.0,0.0,,True,True,False
SP_V1_9_2,3,Stroke,MOp/MOs (large),SP-V1.3.1 (WT-PT-4wks),C57BL/6J,RB_HindlimbDrop,0.25,0.0,,True,False,False
SP_V1_9_2,7,Stroke,MOp/MOs (large),SP-V1.3.1 (WT-PT-4wks),C57BL/6J,RB_HindlimbDrop,1.25,0.0,,True,False,False
SP_V1_9_2,14,Stroke,MOp/MOs (large),SP-V1.3.1 (WT-PT-4wks),C57BL/6J,RB_HindlimbDrop,1.25,0.0,,True,False,False
SRs1i7c4m1,0,Stroke,MOp/MOs (large),SR-T1.7 (WT-PT-8wks),C57BL/6J,RB_HindlimbDrop,1.0,0.0,,True,False,False
SRs1i7c4m1,3,Stroke,MOp/MOs (large),SR-T1.7 (WT-PT-8wks),C57BL/6J,RB_HindlimbDrop,0.375,0.0,,True,False,False
SRs1i7c4m1,7,Stroke,MOp/MOs (large),SR-T1.7 (WT-PT-8wks),C57BL/6J,RB_HindlimbDrop,0.375,0.0,,True,False,False
SRs1i7c4m1,28,Stroke,MOp/MOs (large),SR-T1.7 (WT-PT-8wks),C57BL/6J,RB_HindlimbDrop,0.0,0.0,,True,True,False
SRs1i7c4m1,56,Stroke,MOp/MOs (large),SR-T1.7 (WT-PT-8wks),C57BL/6J,RB_HindlimbDrop,0.5,0.0,,True,False,False
SRs1i7c4m2,0,Stroke,MOp/MOs (large),SR-T1.7 (WT-PT-8wks),C57BL/6J,RB_HindlimbDrop,0.0,0.0,,True,True,False
SRs1i7c4m2,3,Stroke,MOp/MOs (large),SR-T1.7 (WT-PT-8wks),C57BL/6J,RB_HindlimbDrop,3.125,0.0,,True,False,False
SRs1i7c4m2,7,Stroke,MOp/MOs (large),SR-T1.7 (WT-PT-8wks),C57BL/6J,RB_HindlimbDrop,1.125,0.0,,True,False,False
SRs1i7c4m2,28,Stroke,MOp/MOs (large),SR-T1.7 (WT-PT-8wks),C57BL/6J,RB_HindlimbDrop,0.0,0.0,,True,True,False
SRs1i7c4m2,42,Stroke,MOp/MOs (large),SR-T1.7 (WT-PT-8wks),C57BL/6J,RB_HindlimbDrop,0.0,0.0,,True,True,False
SRs1i7c4m2,56,Stroke,MOp/MOs (large),SR-T1.7 (WT-PT-8wks),C57BL/6J,RB_HindlimbDrop,0.0,0.0,,True,True,False
SRs1i7c4m3,0,Stroke,MOp/MOs (large),SR-T1.7 (WT-PT-8wks),C57BL/6J,RB_HindlimbDrop,0.0,0.0,,True,True,False
SRs1i7c4m3,3,Stroke,MOp/MOs (large),SR-T1.7 (WT-PT-8wks),C57BL/6J,RB_HindlimbDrop,1.25,0.0,,True,False,False
SRs1i7c4m3,7,Stroke,MOp/MOs (large),SR-T1.7 (WT-PT-8wks),C57BL/6J,RB_HindlimbDrop,0.625,0.0,,True,False,False
SRs1i7c4m3,28,Stroke,MOp/MOs (large),SR-T1.7 (WT-PT-8wks),C57BL/6J,RB_HindlimbDrop,0.0,0.0,,True,True,False
SRs1i7c4m3,42,Stroke,MOp/MOs (large),SR-T1.7 (WT-PT-8wks),C57BL/6J,RB_HindlimbDrop,0.25,0.0,,True,False,False
SRs1i7c4m4,0,Stroke,MOp/MOs (large),SR-T1.7 (WT-PT-8wks),C57BL/6J,RB_HindlimbDrop,0.5,0.0,,True,False,False
SRs1i7c4m4,3,Stroke,MOp/MOs (large),SR-T1.7 (WT-PT-8wks),C57BL/6J,RB_HindlimbDrop,1.46,0.0,,True,False,False
SRs1i7c4m4,7,Stroke,MOp/MOs (large),SR-T1.7 (WT-PT-8wks),C57BL/6J,RB_HindlimbDrop,1.165,0.0,,True,False,False
SRs1i7c4m4,28,Stroke,MOp/MOs (large),SR-T1.7 (WT-PT-8wks),C57BL/6J,RB_HindlimbDrop,0.0,0.0,,True,True,False
SRs1i7c4m4,42,Stroke,MOp/MOs (large),SR-T1.7 (WT-PT-8wks),C57BL/6J,RB_HindlimbDrop,0.0,0.0,,True,True,False
SRs1i7c4m4,56,Stroke,MOp/MOs (large),SR-T1.7 (WT-PT-8wks),C57BL/6J,RB_HindlimbDrop,0.25,0.0,,True,False,False
SRs1i7c4m5,0,Stroke,MOp/MOs (large),SR-T1.7 (WT-PT-8wks),C57BL/6J,RB_HindlimbDrop,0.0,0.0,,True,True,False
SRs1i7c4m5,7,Stroke,MOp/MOs (large),SR-T1.7 (WT-PT-8wks),C57BL/6J,RB_HindlimbDrop,1.415,0.0,,True,False,False
SRs1i7c4m5,28,Stroke,MOp/MOs (large),SR-T1.7 (WT-PT-8wks),C57BL/6J,RB_HindlimbDrop,0.0,0.0,,True,True,False
SRs1i7c4m5,56,Stroke,MOp/MOs (large),SR-T1.7 (WT-PT-8wks),C57BL/6J,RB_HindlimbDrop,0.5,0.0,,True,False,False
SRs1i7c5m1,0,Stroke,MOp/MOs (large),SR-T1.7 (WT-PT-8wks),C57BL/6J,RB_HindlimbDrop,0.0,0.0,,True,True,False
SRs1i7c5m1,3,Stroke,MOp/MOs (large),SR-T1.7 (WT-PT-8wks),C57BL/6J,RB_HindlimbDrop,1.125,0.0,,True,False,False
SRs1i7c5m1,7,Stroke,MOp/MOs (large),SR-T1.7 (WT-PT-8wks),C57BL/6J,RB_HindlimbDrop,0.5,0.0,,True,False,False
SRs1i7c5m1,28,Stroke,MOp/MOs (large),SR-T1.7 (WT-PT-8wks),C57BL/6J,RB_HindlimbDrop,0.0,0.0,,True,True,False
SRs1i7c5m1,42,Stroke,MOp/MOs (large),SR-T1.7 (WT-PT-8wks),C57BL/6J,RB_HindlimbDrop,0.0,0.0,,True,True,False
SRs1i7c5m1,56,Stroke,MOp/MOs (large),SR-T1.7 (WT-PT-8wks),C57BL/6J,RB_HindlimbDrop,0.5,0.0,,True,False,False
SRs1i7c5m3,0,Stroke,MOp/MOs (large),SR-T1.7 (WT-PT-8wks),C57BL/6J,RB_HindlimbDrop,0.67,0.0,,True,False,False
SRs1i7c5m3,3,Stroke,MOp/MOs (large),SR-T1.7 (WT-PT-8wks),C57BL/6J,RB_HindlimbDrop,2.335,0.0,,True,False,False
SRs1i7c5m3,7,Stroke,MOp/MOs (large),SR-T1.7 (WT-PT-8wks),C57BL/6J,RB_HindlimbDrop,1.125,0.0,,True,False,False
SRs1i7c5m3,28,Stroke,MOp/MOs (large),SR-T1.7 (WT-PT-8wks),C57BL/6J,RB_HindlimbDrop,0.0,0.0,,True,True,False
SRs1i7c5m3,42,Stroke,MOp/MOs (large),SR-T1.7 (WT-PT-8wks),C57BL/6J,RB_HindlimbDrop,0.125,0.0,,True,False,False
SRs1i7c5m3,56,Stroke,MOp/MOs (large),SR-T1.7 (WT-PT-8wks),C57BL/6J,RB_HindlimbDrop,0.0,0.0,,True,True,False
SRs1i7c5m4,0,Stroke,MOp/MOs (large),SR-T1.7 (WT-PT-8wks),C57BL/6J,RB_HindlimbDrop,0.25,0.0,,True,False,False
SRs1i7c5m4,3,Stroke,MOp/MOs (large),SR-T1.7 (WT-PT-8wks),C57BL/6J,RB_HindlimbDrop,2.835,0.0,,True,False,False
SRs1i7c5m4,7,Stroke,MOp/MOs (large),SR-T1.7 (WT-PT-8wks),C57BL/6J,RB_HindlimbDrop,1.25,0.0,,True,False,False
SRs1i7c5m4,28,Stroke,MOp/MOs (large),SR-T1.7 (WT-PT-8wks),C57BL/6J,RB_HindlimbDrop,0.0,0.0,,True,True,False
SRs1i7c5m4,42,Stroke,MOp/MOs (large),SR-T1.7 (WT-PT-8wks),C57BL/6J,RB_HindlimbDrop,0.25,0.0,,True,False,False
SRs1i7c5m4,56,Stroke,MOp/MOs (large),SR-T1.7 (WT-PT-8wks),C57BL/6J,RB_HindlimbDrop,0.0,0.0,,True,True,False
SRs1i7c5m5,0,Stroke,MOp/MOs (large),SR-T1.7 (WT-PT-8wks),C57BL/6J,RB_HindlimbDrop,0.25,0.0,,True,False,False
SRs1i7c5m5,3,Stroke,MOp/MOs (large),SR-T1.7 (WT-PT-8wks),C57BL/6J,RB_HindlimbDrop,2.625,0.0,,True,False,False
SRs1i7c5m5,7,Stroke,MOp/MOs (large),SR-T1.7 (WT-PT-8wks),C57BL/6J,RB_HindlimbDrop,2.75,0.0,,True,False,False
SRs1i7c5m5,42,Stroke,MOp/MOs (large),SR-T1.7 (WT-PT-8wks),C57BL/6J,RB_HindlimbDrop,0.0,0.0,,True,True,False
